:020000040800F2
:10000000287102246D030008CD5F00082D50000800
:100010004D510008391D0008397C0008000000001F
:10002000000000000000000000000000AD02000819
:10003000C7220008000000000903000855720008EC
:100040008703000887030008870300088703000868
:100050008703000887030008870300088703000858
:100060008703000887030008870300088703000848
:10007000B11F000887030008C11F0008870300089C
:100080008703000887030008870300088703000828
:100090008703000887030008870300088703000818
:1000A000870300088D730008870300088703000892
:1000B00087030008870300088703000887030008F8
:1000C00087030008870300088703000887030008E8
:1000D00087030008897B000887030008297C000843
:1000E000870300088703000800000000870300085A
:1000F00087030008870300088703000887030008B8
:1001000087030008870300088703000887030008A7
:100110008703000887030008870300089D73000811
:100120008703000887030008870300088703000887
:100130008703000887030008870300088703000877
:1001400000000000000000000000000000000000AF
:100150008703000887030008870300088703000857
:100160008703000887030008870300088703000847
:1001700087030008870300088703000800000000C9
:100180008703000887030008870300088703000827
:100190008703000887030008870300088703000817
:1001A0008703000887030008870300088703000807
:1001B00087030008870300088703000887030008F7
:1001C00087030008870300088703000887030008E7
:1001D00087030008870300088703000887030008D7
:1001E00087030008870300088703000887030008C7
:1001F00087030008870300088703000887030008B7
:1002000087030008870300088703000887030008A6
:100210008703000887030008870300088703000896
:100220008703000887030008870300080000000018
:100230008703000887030008000000008703000808
:100240008703000887030008870300088703000866
:100250008703000887030008870300088703000856
:100260008703000887030008870300088703000846
:1002700087030008870300088703000800000000C8
:1002800087030008870300088703000800000000B8
:100290000000000087030008DFF80CD000F002FA2D
:1002A0000048004721B40008287102242C4B19682B
:1002B0000868B0E8F04F80F30988BFF36F8F4FF004
:1002C000000080F3118870470000000008480068B3
:1002D000006880F308884FF0000080F3148862B64D
:1002E00061B6BFF34F8FBFF36F8F00DF00BF00BF5A
:1002F00008ED00E0DFF80C00016841F470010160D6
:10030000704700BF88ED00E0EFF30980BFF36F8F07
:10031000134B1A681EF0100F08BF20ED108A20E959
:10032000F04F106009B44FF0500080F31188BFF314
:100330004F8FBFF36F8F0CF089FF4FF0000080F3F9
:10034000118809BC19680868B0E8F04F1EF0100F5A
:1003500008BFB0EC108A80F30988BFF36F8F704735
:1003600090010024EFF305807047000006488047A5
:1003700006480047FEE7FEE7FEE7FEE7FEE7FEE78A
:10038000FEE7FEE7FEE7FEE7897200089902000833
:100390002DE9F05F0546002092469B4688460646BA
:1003A000814640241BE0284641464746224600F04D
:1003B0003BF853465A46C01A914110D3114618468D
:1003C0002246FFF0A7FE2D1A67EB01084F46224692
:1003D00001200021FFF09EFE17EB00094E41201E78
:1003E000A4F10104DFDC484631462A464346BDE815
:1003F000F09F40EA01039B0703D009E008C9121FE0
:1004000008C0042AFAD203E011F8013B00F8013BCE
:10041000521EF9D27047034611F8012B00F8012B48
:10042000002AF9D118467047202A04DB203A21FA25
:1004300002F00021704721FA02F3D040C2F12002FD
:1004400091400843194670472DE9FE4F804681EAE6
:100450000300C00F0C46009021F0004123F000453E
:10046000B8EB0200A94105D24046214690461C4601
:100470000B46024623F00040104347D0270DC7F338
:100480000A00C3F30A510290401A019040286BDA27
:10049000C3F3130040F4801B0098924620B1002360
:1004A000D2EB030A63EB0B0B01985946C0F14002F3
:1004B0005046FFF02FFE06460D4650465946019A1B
:1004C000FFF01EFF10EB08006141002487EA115283
:1004D00084EAE7731A4340D0009A62B3019A012A72
:1004E0004FEA075215DC001B61EB02014FF000429E
:1004F00002EA0752CDE90042001C41F58011324664
:100500002B46FFF025FE03B0BDE8F08F40462146A4
:10051000F9E7001B61EB0201001C41F58013001894
:100520005B412018A2F5001747EB030140EAD570A4
:10053000B6196D4111E06D084FEA360645EAC075FF
:100540004FEA0752001B61EB0201001C41F58011CC
:1005500049084FEA30000019514132462B4603B09A
:10056000BDE8F04FFFF0E5BD0098012240000023F8
:10057000D0EB020263EBE073009821464FEAE0748F
:10058000B8EB000061EB0401E9E783F000435BE7AF
:1005900081F0004158E72DE9F04D81EA030404F0B1
:1005A000004B21F0004514464FF0000A23F00041B3
:1005B00050EA050220D054EA01021DD0C5F30A57C3
:1005C0000246C5F31303C1F31300C1F30A5640F406
:1005D000801543F48013A7EB0608101BD64608F2DB
:1005E000FD3873EB050002D308F1010801E0921811
:1005F0005B41B8F1000F03DA00200146BDE8F08D41
:1006000000204FF48011064684460EE0171B73EB62
:10061000050705D3121B63EB050306434CEA010CE7
:1006200049084FEA300092185B4150EA0107EDD1CA
:1006300052EA030012D082EA040083EA050108436B
:1006400005D0101BAB4106D20122002306E0002298
:100650004FF0004302E06FF0010253101AEB060066
:100660004CEB085110EB0A0041EB0B01BDE8F04DDB
:10067000FFF05FBDC1F30A52C1F3130140F2FF3333
:1006800041F480119A4202DA00200146704740F29C
:1006900033439A42A2F2334202DC5242FFF7C4BE15
:1006A000FFF038BD064C074D06E0E06840F001035E
:1006B00094E8070098471034AC42F6D3FFF7F0FDFA
:1006C0007CFA00089CFA00082DE9FF4704460F4613
:1006D000002C03DB57480078844201DBBDE8FF872C
:1006E000204600F0C9F8032C40D104EB041000EBC5
:1006F0004000514901EB8000D0F8BC50002D03DCD4
:10070000204602F0ADF9054697FBF5F005FB1078A1
:10071000B8F1000F00DAA84404EB041000EB40002D
:10072000454901EB8000406990FBF5F105FB11099B
:10073000B9F1000F00DAA944A8EB0906284605EB39
:10074000D0714FEA610A564501DD761B04E0CAF11B
:100750000000864200DA2E4404EB041000EB400057
:10076000354901EB80004069871900BF022004EB86
:10077000041101EB4101304A02EB810181F82700AD
:1007800004EB041000EB4000114601EB8000076110
:100790002A480168204600F11DFA012004EB0411EB
:1007A00001EB4101244A02EB810181F88C0004EB4A
:1007B000041000EB4000114601EB8000C5690121E7
:1007C00001EB041188B205F0BFFC064602AB03AA98
:1007D0003146284608F162FD032C01D103980290AE
:1007E000DDE9021004EB041202EB4202124B03EBB0
:1007F0008202CDE90001516904EB041202EB4202CE
:1008000003EB820202F134002B463A4606F02FF841
:10081000032C01D10AA000E00CA000900D4850F874
:10082000241006483A4603680BA009F14BFA00BFB2
:1008300054E70000160000245C080024B4000024E3
:1008400054726170657A6F6964000000532D4375BE
:10085000727665009400002425733A20474F544F68
:1008600020706F733D2564202825642052504D2947
:100870002025730D0A00000010B50446002C03DB90
:1008800012480078844200DB10BD04EB041000EB3A
:1008900040000F4901EB800090F8280098B100203B
:1008A00004EB041101EB4101094A02EB810181F8DB
:1008B000280004EB041101EB410102EB810181F8F6
:1008C0002C0001F0FBF900BFDEE700001600002459
:1008D0005C0800242DE9F04F87B0044604EB0410B7
:1008E00000EB4000FE4901EB8000807A10B907B0B0
:1008F000BDE8F08F04EB041000EB4000F84901EB79
:1009000080004068D0F8020004EB041101EB4101C3
:10091000F34A02EB8101486104EB041000EB400054
:10092000114601EB80004068008804EB041101EBE4
:10093000410102EB81018884EA480068401CE949D2
:100940000860C82829D30020086004EB041000EBDD
:100950004000114601EB800090F8270004EB0411E1
:1009600001EB410102EB8101C968CDE9001004EB04
:10097000041000EB4000154605EB8000436904EBD2
:10098000041000EB400005EB80004068D0F8022026
:10099000D5A0015DD7A009F195F904EB041000EB97
:1009A0004000CF4901EB800090F8240000F00800DF
:1009B00000286ED004EB041000EB400001EB800037
:1009C00090F82A00002878D1012004EB041101EBF3
:1009D0004101C34A02EB810181F82A0004EB0410B3
:1009E00000EB4000114601EB80004068458904EBB4
:1009F000041000EB40000B4603EB8000828CC848DB
:100A000050F824102B46C7A009F15CF944F21021DC
:100A1000681A8D4231D00CDCFDB1B5F5805F20D075
:100A2000B5F50C5F21D0A5F548501038002839D114
:100A30001FE0A0F580507038002822D0A0F2C1102D
:100A4000002822D06FF4E7510844002822D0A0F5F6
:100A5000A050EF38002825D120E0BEA009F132F9DE
:100A600024E0C7A009F12EF920E0CBA009F12AF972
:100A70001CE0CEA009F126F918E0D1A009F122F975
:100A800014E0D4A009F11EF910E0D8A009F11AF978
:100A90000CE053E0DBA009F115F907E0DFA009F154
:100AA00011F903E0E3A009F10DF900BF00BF00E078
:100AB00003E0EAA009F106F900BF002004EB0411ED
:100AC00001EB4101864A02EB810181F8270004EB2A
:100AD000041101EB410102EB810181F8260004EBD6
:100AE000041000EB4000114601EB8000406904EB6C
:100AF000041101EB410102EB8101086104EB0410D8
:100B000000EB4000114601EB8000406904EB04114A
:100B100001EB410102EB8101C860002004EB0411EC
:100B200001EB410102EB8101886104EB041101EB4F
:100B3000410102EB810181F88C0009E0002004EB07
:100B4000041101EB4101664A02EB810181F82A00A0
:100B500004EB041000EB4000614901EB800090F8C9
:100B6000270001287ED104EB041000EB400001EBCC
:100B7000800090F8260090BB04EB041000EB4000CE
:100B800001EB80008069002828DD04EB041000EBF5
:100B9000400001EB8000806904EB041101EB41018E
:100BA0004F4A02EB8101096A401A04EB041101EB80
:100BB000410102EB8101886104EB041000EB40006D
:100BC000114601EB80008069002807DA002004EB61
:100BD000041101EB410102EB81018861D7E2FFE7DB
:100BE00004EB041000EB40003D4901EB80008069FC
:100BF00004EB041101EB4101394A02EB8101C9699F
:100C0000884239DA04EB041000EB4000114601EB96
:100C10008000806904EB041101EB410102EB8101CA
:100C2000096A084404EB041101EB410102EB810164
:100C3000886104EB041000EB4000114601EB8000DA
:100C4000806904EB041101EB410102EB8101C969E8
:100C5000884210DD04EB041000EB4000114601EB6C
:100C6000800000E04EE1C06904EB041101EB41019A
:100C700002EB8101886121E104EB041000EB4000EC
:100C8000174901EB8000806904EB041101EB41017D
:100C9000134A02EB8101C96988421FDD04EB04108D
:100CA00000EB4000114601EB8000806904EB041169
:100CB00001EB410102EB8101096A401A04EB0411C6
:100CC00001EB410102EB8101886104EB041000EBB0
:100CD0004000114601EB80008069D7E0EEE00000A3
:100CE0005C080024D000002458595A5255565753D6
:100CF0000000000025633A2072617750444F3D2583
:100D00006C6420656E633D256C6420746172676558
:100D1000743D256C64206D6F64653D25640D0A008B
:100D20009400002425733A204641554C5421205309
:100D30007461747573576F72643D30782530347800
:100D4000204572726F72436F64653D307825303490
:100D5000780D0A0020202D3E206E6F206572726F84
:100D600072202872657475726E656420746F20300D
:100D7000206166746572207265736574290D0A00BE
:100D800020202D3E2047656E6572616C2065727271
:100D90006F720D0A0000000020202D3E204F766566
:100DA0007263757272656E740D0A000020202D3E0C
:100DB000204F766572766F6C746167650D0A00006E
:100DC00020202D3E20556E646572766F6C746167CD
:100DD000650D0A0020202D3E20456E636F6465720C
:100DE000204572726F720D0A0000000020202D3E17
:100DF00020456D657267656E63792053746F700D61
:100E00000A00000020202D3E204D6F746F72205389
:100E100074616C6C65640D0A0000000020202D3E9A
:100E200020466F6C6C6F77696E67204572726F72C7
:100E30000D0A000020202D3E20556E6B6E6F776EE0
:100E4000206661756C742C207365652053563636A8
:100E5000304E206D616E75616C0D0A0020202D3EB4
:100E60002053656E642027524553455427206F72E6
:100E70002027583A52455345542720746F20636CFD
:100E8000656172206661756C740D0A0004EB0411D3
:100E900001EB410102EB8101C96988420EDA04EBE2
:100EA000041000EB4000114601EB8000C06904EB28
:100EB000041101EB410102EB8101886104EB041094
:100EC00000EB4000FE4901EB8000C06804EB041118
:100ED00001EB4101FA4A02EB8101896904EB04123A
:100EE00002EB4202F64B03EB820292F9262001FB51
:100EF000020004EB041101EB41011A4602EB8101EF
:100F0000C860C5E204EB041000EB4000EC4901EBC3
:100F1000800090F8270090BB04EB041000EB400029
:100F200001EB800080690028EBDD04EB041000EB8E
:100F3000400001EB8000806904EB041101EB4101EA
:100F4000DF4A02EB8101096A401A04EB041101EB4C
:100F5000410102EB8101886104EB041000EB4000C9
:100F6000114601EB800080690028CADA002004EBFA
:100F7000041101EB410102EB8101886188E2FFE786
:100F800004EB041000EB4000CD4901EB800090F829
:100F9000270002287DD104EB041000EB400001EB98
:100FA000800090F9556004EB041101EB4101C44A43
:100FB00002EB810101F1340005F012FE074604EB5B
:100FC000041000EB4000BE4901EB8000C76004EB59
:100FD000041000EB400001EB8000C06C04EB041136
:100FE00001EB4101B64A02EB8101886104EB041078
:100FF00000EB4000114601EB800090F95580B8F1FC
:10100000080F7CD1082E7AD0002004EB041101EBEC
:10101000410102EB8101886104EB041101EB410104
:1010200002EB810181F88C0004EB041000EB40001E
:10103000114601EB80004069009004EB041000EBC6
:1010400040000D4605EB8000036904EB041000EB43
:10105000400005EB8000826C9A4850F824109AA05A
:1010600008F130FE04EB041101EB41012A4602EBCA
:1010700081010A6904EB041101EB41012B4603EBEA
:101080008101896C501A002800DA404204EB0411F7
:1010900000E07DE001EB4101894A02EB8101C96971
:1010A00081421DDB04EB041101EB410102EB8101E4
:1010B000096904EB041202EB4202814B03EB82024A
:1010C000D16004EB041101EB41011A4602EB8101EE
:1010D0000A6904EB041101EB410103EB81018A640D
:1010E00004EB041000EB4000754901EB8000D0F8E0
:1010F000B800E0B104EB041000EB400000E046E073
:1011000001EB8000D0F8B850002D01DB012001E098
:101110004FF0FF308146002D01DB284600E0684299
:1011200082464A4651462046FFF036FA2FE004EB4D
:10113000041000EB4000624901EB800090F82600AB
:1011400028B304EB041000EB400001EB800090F8A2
:10115000270002281BD104EB041101EB4101584A7E
:1011600002EB8101C869214600F02DFE0546002DE5
:101170000CDD04EB041000EB4000514901EB800052
:1011800090F9262029462046FFF006FA00BF7FE1AD
:1011900004EB041000EB4000494901EB800090F89B
:1011A000270003287ED104EB041000EB400001EB84
:1011B000800090F98D50002D03DB52480078854265
:1011C00012DB002004EB041101EB41013C4A02EB6D
:1011D000810181F8270004EB041101EB410102EBCE
:1011E000810181F88C0051E105EB051000EB400016
:1011F000334901EB8000806C059004EB041000EB98
:10120000400001EB8000D0F89C100598A0EB010A8B
:10121000BAF1000F01DA4FF0000A04EB041000EB02
:101220004000274901EB8000D0F89400002801DB42
:10123000012001E04FF0FF30834604EB041000EB87
:1012400040001F4901EB8000D0F89400002808DB23
:1012500004EB041000EB400001EB8000D0F8940098
:1012600009E004EB041000EB4000154901EB80009D
:10127000D0F894004042049004EB041000EB4000CE
:101280000F4901EB8000C06804EB041101EB410140
:101290000B4A02EB8101D1F89010401A00FB0BF8C9
:1012A000049800E0F3E08AFB006704EB041000EB15
:1012B0004000114601EB8000D0F89800C11723E0F0
:1012C0005C0800249400002420205B4442475D20F9
:1012D00025733A20444F4E45202073706C5F706F29
:1012E000733D256C642020636D645F746172676573
:1012F000743D256C64202061637475616C3D256CC0
:10130000640D0A001600002402220023CDE900012A
:10131000FEF076FE80197941CDE9020104EB04105C
:1013200000EB4000614901EB8000D0F89800C11744
:1013300002460B46CDE90001DDE90201FEF060FE48
:10134000814612E004EB041000EB4000574901EB2A
:101350008000C068584404EB041101EB4101534A7A
:1013600002EB8101C86008F10108C145EADC04EB29
:10137000041000EB40004D4901EB8000D0F89800CC
:10138000002824DD04EB041000EB400001EB80009A
:10139000D0F89800C117CDE9020105EB051000EB6C
:1013A0004000424901EB8000C16C049881FB0010B1
:1013B000CDE90010084601A90EC9FEF021FE04EB9C
:1013C000041101EB4101394A02EB8101886105EB0F
:1013D000051101EB4101354A02EB810101F13400B5
:1013E00005F03CFAE8B304EB041000EB40002F4991
:1013F00001EB8000C06804EB041101EB41012B4AB2
:1014000002EB81010969884224D004EB041101EB4D
:10141000410102EB8101096904EB041202EB420273
:10142000224B03EB8202D268881A012801D0411CAA
:1014300079B904EB041101EB41011C4A02EB810173
:10144000096904EB041202EB4202184B03EB82021F
:10145000D16000BF002004EB041101EB4101134AED
:1014600000E012E002EB8101886104EB041101EB62
:10147000410102EB810181F88C0004EB041101EBC6
:10148000410102EB810181F8270000BF00E000BFAD
:1014900004EB041000EB4000044A02EB8000C1683A
:1014A000204600F02BFC00BFFFF721BA5C080024A7
:1014B0002DE9FC41BB4903C9CDE90001002596E0B7
:1014C00000202BE0421CB84B1B689A4200DD24E050
:1014D00000EB001202EB4202B44B03EB82025268B3
:1014E000D2F8021000EB001202EB420253F8222065
:1014F000C2F802103DF8152000EB001303EB430384
:10150000AA4C54F823301A80082200EB001303EB96
:10151000430354F823309A7100BF401CA449097852
:101520008842CFDB192002F0D9FB07F0D7F84FF43F
:10153000FA6009F1ABFC192002F0F2FB1E2001F069
:1015400045FD4FF4FA6009F1A1FC012700242CE0CD
:1015500004EB041000EB4000944901EB800040686C
:10156000008804EB041101EB4101904A02EB810178
:10157000888404EB041000EB4000114601EB80006E
:10158000808C08B900270FE004EB041000EB40004A
:10159000864A02EB8000838C864850F824106A1C2F
:1015A00085A008F18FFB00BF641C8148007884424D
:1015B000CEDB1FB9691C89A008F184FB022D15D16F
:1015C000322001F003FD192002F088FB07F086F8B5
:1015D0004FF4FA6009F15AFC192002F0A1FB1E2019
:1015E00001F0F4FC4FF4FA6009F150FC6D1C032D7E
:1015F000FFF666AF01260024CBE004EB041000EBFD
:1016000040006A4901EB80004068008804EB041147
:1016100001EB4101654A02EB8101888404EB04106F
:1016200000EB4000114601EB800090F8240000F030
:101630006F00272855D1012004EB041101EB410173
:1016400002EB8101887204EB041000EB40001146AC
:1016500001EB80004068D0F8020004EB041101EBBC
:10166000410102EB8101486104EB041000EB4000F2
:10167000114601EB8000406904EB041101EB4101CC
:1016800002EB8101C86004EB041000EB400011463E
:1016900001EB8000406904EB041101EB410102EB16
:1016A0008101086104EB041000EB4000114601EBDE
:1016B0008000C06804EB041101EB410152F82110D5
:1016C000C1F8020004EB041000EB4000134603EBEA
:1016D0008000C268374850F824104DA008F1F2FA93
:1016E00056E0002604EB041000EB40002F4B03EB08
:1016F0008000828C2F4850F824104BA008F1E2FAA9
:10170000012004EB041101EB4101284A02EB8101A5
:10171000887204EB041000EB4000114601EB8000DE
:101720004068D0F8020004EB041101EB410102EB28
:101730008101486104EB041000EB4000114601EB0D
:101740008000406904EB041101EB410102EB8101CF
:10175000C86004EB041000EB4000114601EB800070
:10176000406904EB041101EB410102EB81010861C6
:1017700004EB041000EB4000114601EB8000C06850
:1017800004EB041101EB410152F82110C1F80200F1
:10179000641C074800788442FFF62FAF3046BDE84E
:1017A000FC81000084F71008280100245C08002454
:1017B00016000024940000242020257320737465F3
:1017C0007025643A20537461747573576F72643D69
:1017D0003078253034780D0A000000002020574171
:1017E000524E494E473A20736F6D6520617865739C
:1017F000206E6F7420726573706F6E64696E6720FF
:10180000617420737465702025640D0A0000000067
:1018100025733A20454E41424C45442028706F7351
:101820003D2564290D0A000025733A20656E61622A
:101830006C65204641494C4544205374617475736E
:10184000576F72643D3078253034782C20666F7283
:1018500063652D656E61626C696E670D0A0000003C
:1018600070B504460D4604EB041000EB40007D49C2
:1018700001EB8000058105EBC50000EB85107A497E
:1018800001EB8000006A04EB041101EB4101754A91
:1018900042F8210005EBC50000EB8510724901EB11
:1018A0008000C06A04EB041101EB410102EB8101ED
:1018B0004860002004EB041101EB410102EB8101BF
:1018C000887204EB041101EB410102EB8101886194
:1018D00004EB041101EB410102EB810181F82600C8
:1018E00004EB041101EB410102EB810181F82700B7
:1018F0005E4801682046FFF06DF9002004EB0411FA
:1019000001EB4101574A02EB8101C86004EB04116D
:1019100001EB410102EB8101086104EB041101EBD1
:10192000410102EB8101486104EB041101EB41012B
:1019300052F821100880082004EB041101EB41014A
:1019400052F821108871002004EB041101EB4101D1
:1019500002EB8101888404EB041101EB410102EBED
:10196000810181F8280004EB041101EB410102EB35
:10197000810181F82C0004EB041101EB410102EB21
:101980008101086304EB041101EB410102EB8101C9
:1019900081F8290004EB041101EB410102EB810104
:1019A00081F82B0004EB041101EB410102EB8101F2
:1019B00001F1340007F1A3FCFF2004EB041101EB5B
:1019C0004101284A02EB810181F88D00002004EBDF
:1019D000041101EB410102EB810181F88C0004212B
:1019E00001EB041188B204F0AFFB04EB041101EB2E
:1019F00041011C4A02EB8101C1F8A000052101EB65
:101A0000041188B204F0A0FB04EB041101EB4101C6
:101A1000144A02EB8101C1F8A400062101EB041174
:101A200088B204F091FB04EB041101EB41010D4A73
:101A300002EB8101C1F8A800002004EB041101EBC6
:101A4000410102EB8101C1F8AC00204601F008F829
:101A500004EB041101EB4101024A02EB8101C1F8E0
:101A6000BC0070BD5C080024D0350024B400002404
:101A700010B5014601EB011000EB40000F4B03EBEA
:101A80008000006901EB011303EB43030B4C04EBF3
:101A900083035B69C21A002A00DA5242052A0ADC73
:101AA00001EB011000EB4000044B03EB8000806968
:101AB00008B9012010BD0020FCE700005C080024EC
:101AC0002DE9F04104460E46002C03DB2048007847
:101AD000844202DB0020BDE8F081601C1D490968DA
:101AE000884201DD0020F6E704EB041000EB400023
:101AF000194901EB8000807A08B90020EBE704EB7C
:101B0000041000EB4000144901EB80004069851986
:101B1000032C16D0042101EB041188B204F014FB4D
:101B20000746052101EB041188B204F00DFB804645
:101B3000474505DDBD4200DD3D46454500DA4546E9
:101B400000BF29462046FEF7BFFD0120C3E7000085
:101B500016000024280100245C0800242DE9F0412F
:101B600004460E46002C03DB21480078844202DB49
:101B70000020BDE8F081601C1E490968884201DD33
:101B80000020F6E704EB041000EB40001A4901EBDB
:101B90008000807A08B90020EBE70B2101EB0411EB
:101BA00088B204F0D1FA0546002D03DC812004F050
:101BB000CBFA0546002D00DCC825002E01DB30469F
:101BC00000E07042074607B92F4640F6B83087421A
:101BD00000DD0746002E01DB012001E04FF0FF3061
:101BE0008046424639462046FEF0D6FC0120C0E73A
:101BF00016000024280100245C08002470B5044667
:101C00000D4608E02978207800F098F808B90020FF
:101C100070BD641C6D1C207810B128780028F1D1AB
:101C200020782978884201D10120F1E70020EFE7F0
:101C300010B5002037E0421C1D4B1B689A4200DDA6
:101C400030E000EB001202EB42021A4B03EB82027F
:101C50005268D2F8021000EB001202EB420203EBD2
:101C60008202516100EB001202EB420203EB82029E
:101C7000D16000EB001202EB420203EB8202116121
:101C800000EB001202EB420253F82220C2F80210CD
:101C9000082200EB001303EB4303064C54F82330F7
:101CA0009A7100BF401C044909788842C3DB10BD0B
:101CB000280100245C0800241600002400200C49A0
:101CC000087000BF0EE000EB001101EB4101094A72
:101CD00002EB810191F8281019B10121044A117019
:101CE0007047401C044909788842ECDB00BFF7E7E5
:101CF000BC0000245C08002416000024002808DB37
:101D00000A4A1278904204DA421C094B1B689A4234
:101D100000DD704700EB001202EB4202054B53F866
:101D20002220C2F8021000BFF3E7000016000024D2
:101D3000280100245C08002400BFFEE770B50546BA
:101D40000C46284600F00AF80646204600F006F841
:101D5000864201D1012070BD0020FCE701466129C7
:101D600005DB7A2903DCA1F12000C0B270470846E8
:101D7000FCE72DE9F0470546894615B90020BDE886
:101D8000F087484600F024FE0446002D01DD284679
:101D900000E068428246022200232046E117FEF05E
:101DA0002FF942F6E0628AFB0232C71851412246FF
:101DB000E3173846FEF024F90646002D01DD3046D3
:101DC000DDE77042DBE72DE9F0470546894615B9A6
:101DD0000020BDE8F087484600F042FE0446002D92
:101DE00001DD284600E068428246022200232046A8
:101DF000E117FEF005F942F6E0628AFB0232C718ED
:101E000051412246E3173846FEF0FAF80646002D07
:101E100001DD3046DDE77042DBE7000010B500F180
:101E200069FB00F103FC01200249087000F004F88E
:101E300010BD00004900002410B506F021FB01216F
:101E40001F2008F133FF4FF40041002008F156FF36
:101E500040F2E111042008F151FF4FF480510020BD
:101E600008F14CFF4FF4FA6000F02EFA00211F2019
:101E700008F11CFF4FF4FA6000F026FA08F120FF89
:101E800010BD000038B5002000906B4601221146BD
:101E90003B4802F10CFD04462CB13AA007F112FFB9
:101EA0006FF0040038BD6B4601221146344802F140
:101EB000FEFC04462CB133A007F104FF6FF00400D0
:101EC000F0E7009800F0040008B90120EAE76B464B
:101ED000002201212A4802F1EAFC044614B16FF005
:101EE0000400DFE7009800F48050B0F5805F1FD059
:101EF000009800F40050B0F5005F07D1009800F49E
:101F00008070B0F5807F01D10220CBE7009800F40B
:101F10000050B0F5005F01D10320C3E7009800F442
:101F20008070B0F5807F01D10420BBE70520B9E7C0
:101F30006B461F220121124802F1B9FC044614B17C
:101F40006FF00400AEE7009800F4805008B9062056
:101F5000A8E7009800F01C00182801D10220A1E792
:101F6000009800F01C00082801D103209AE700988F
:101F700000F01C00142801D1042093E7052091E70C
:101F8000300F002448414C5F4554485F52656164FE
:101F9000504859526567697374657220444D3931F0
:101FA00036315F425352204572726F720D0A000043
:101FB00010B5024801F176F910BD0000F81D0024AB
:101FC00010B5024801F16EF910BD0000701E00242A
:101FD0000146374A0868904249D0354A18320868A5
:101FE000904244D0324A3032086890423FD0304A62
:101FF0004832086890423AD02D4A603208689042D0
:1020000035D02B4A78320868904230D0284A903236
:10201000086890422BD0264AA8320868904226D001
:10202000244A0868904222D0224A18320868904216
:102030001DD0204A30320868904218D01D4A4832DC
:102040000868904213D01B4A6032086890420ED054
:10205000184A78320868904209D0164A90320868C7
:10206000904204D0134AA8320868904201D101205E
:1020700000E00020B0B10A78103A1823B2FBF3F068
:1020800000F007020C4B9A5CCA65032805D90A6860
:102090006FF30902121D8A6503E00A686FF30902F3
:1020A0008A6503E0086820F0FF008865886D704746
:1020B000100002401004024098D6000810B50268D3
:1020C0002B4C0368A34222D0294C14340368A3424A
:1020D0001DD0274C28340368A34218D0244C3C342C
:1020E0000368A34213D0224C50340368A3420ED09D
:1020F0001F4C64340368A34209D01D4C7834036834
:10210000A34204D01A4C8C340368A34201D10123AA
:1021100000E000238BB10378083B1424B3FBF4F1F7
:10212000144B03EB81030366124B8033436601F0CB
:102130001F040123A340836618E00378103B182492
:10214000B3FBF4F10C4B9A4204D80B4BA83B9A42D8
:1021500000D30831094B03EB81030366074B80333F
:10216000436601F01F040123A340836610BD0000F5
:102170000854025800580258B804024000080240AF
:102180000179A9B3082940D8204B02689A4222D08D
:102190001E4B143302689A421DD01C4B2833026830
:1021A0009A4218D0194B3C3302689A4213D0174B0D
:1021B000503302689A420ED0144B643302689A423C
:1021C00009D0124B783302689A4204D00F4B8C33FB
:1021D00002689A4201D1012200E000224AB14A1E5F
:1021E0000B4B03EB8202C266094A4032026708E0E9
:1021F0000BE04A1E074B03EB8202C266054A4032DF
:1022000002674A1E012393404367704708540258EF
:102210000059025800090240014600208A69D2B9DB
:102220008A6A32B1012A0DD0022A03D0032A10D1C2
:102230000EE000BFCA6A02F08072B2F1807F00D166
:10224000012007E0CA6AB2F1C07F00D1012001E09D
:1022500000E000BF36E08A69B2F5005F1BD18A6AF0
:1022600032B1012A07D0022A03D0032A11D10AE091
:1022700000BF01200EE0CA6A02F08072B2F1807FD6
:1022800000D1012006E0CA6AB2F1C07F00D101206E
:1022900000E000BF16E08A6A32B1012A05D0022AA6
:1022A00004D0032A0CD103E000BF00BF012008E0E6
:1022B000CA6A02F08072B2F1807F00D1012000E092
:1022C00000BF00BF7047704710B50446204600F0BD
:1022D0007DFE10BD10B5002210E002EB4204036940
:1022E00003EBC40100230B604B608B60CB600B6180
:1022F0004B6100F1440343F82210521C042AECD332
:10230000002444658465C465446604660324036848
:1023100003F58053C3F83041036803F58053046923
:10232000C3F81C4103694833046804F58054C4F8B9
:10233000283110BD10B5A2B0044601208DF833003D
:10234000002012908DF841008DF8430001208DF897
:1023500028008DF856008DF8320000208DF84C00D2
:1023600001208DF8840040030F9000208DF85C0060
:1023700018908DF885008DF886004FF4C360169094
:1023800000208DF830000B9001208DF835000020E2
:102390008DF836008DF840001D901B9014908DF83C
:1023A00064008DF87A0001208DF8420020202090F2
:1023B00001208DF8440000208DF855004FF040506A
:1023C00009904FF480400E9000208DF831000220DB
:1023D0001F9000208DF878008DF879008DF854005A
:1023E00001208DF8340000201A9001208DF8700033
:1023F00009A9204600F01EFA01208DF80400029081
:10240000002000908DF81C008DF80D008DF80C0058
:102410004FF40010069000208DF814004FF40010C7
:10242000049000208DF81D004FF406700890694656
:10243000204600F1B9FA22B010BD000070B5064682
:102440003068D0F8004224F4706403F157FC05466C
:102450001348854205D31348854202D244F40074E0
:102460001AE01048854205D30F48854202D244F451
:10247000407411E00C48854203D30C48854200D2D9
:102480000AE00A48854205D30948854202D244F44D
:10249000807401E044F480643068C0F8004270BD8C
:1024A000002D3101C00E16020087930300E1F505EF
:1024B00080D1F0082DE9F04F06460B46914606F113
:1024C00018042269D4F810C0002754F822109D681F
:1024D000BA46C86800F00040B0F1004F04D004F1E3
:1024E000140050F8220010B10220BDE8F08F1878D7
:1024F00000F00400C8B3C8686FF30F00D3F824B02D
:1025000040EA0B00C860C86840F48030C86030689A
:10251000006E40F48010D6F800B0CBF86000187858
:1025200000F0080008B3B3F82CB088686BF31F40C4
:102530008860C86840F40030C860C86820F4402053
:10254000D3F830B040EA0B00C8603068406E40F409
:102550008010D6F800B0CBF864003068006D40F011
:102560008060D6F800B0CBF85000187800F010006A
:1025700058B188686FF30D00D3F818B040EA0B002B
:102580008860C86840F08060C860187800F0040077
:1025900018B9187800F01000F0B1C86840F0804019
:1025A000C860C86840F00040C86000BF521C042AE0
:1025B00000D3121F00BF54F822107F1CC86800F01F
:1025C0000040B0F1004F07D154F82C10C86820F03B
:1025D0000040C860022088E77F1C2868086088687F
:1025E0006FF30D00D5F804B040EA0B008860A868CE
:1025F00068B1AD68286848608868DFF834B200EADE
:102600000B00B5F804B040EA0B40886007E00020FA
:1026100048608868DFF818B200EA0B008860187814
:1026200000F01000A0B1C86820F4F000B3F820B0AA
:1026300040EACB40C860C8686FF31100D3F81CB003
:1026400040EA0B00C860C86840F48020C8601FE002
:10265000C8686FF30E00D3F804B040EA0B00C860FE
:10266000187800F0010038B1C86820F44030D3F881
:1026700014B040EA0B00C860187800F0200038B1B0
:10268000C86820F04060D3F810B040EA0B00C86082
:10269000187800F0040038B1886820F44040D3F87E
:1026A00028B040EA0B008860C86840F00050C8605D
:1026B000C86820F08040C860C86840F00040C8602A
:1026C000187800F0020038B1C86820F06070D3F8C4
:1026D0000CB040EA0B00C86085E0C86820F080506C
:1026E000C86000BF521C042A00D3121F00BF54F858
:1026F0002210C86820F00050C860C86800F0004090
:10270000B0F1004F04D004F1140050F82200B8B129
:10271000624654F822104FF000080DE0C86820F01F
:102720000040C86000BF521C042A00D3121F00BF23
:1027300054F8221008F10108B845EFD30220D4E67E
:102740007F1CAD682868086088686FF30D00D5F8B5
:1027500004B040EA0B008860A86868B1AD682868DA
:1027600048608868DFF8C8B000EA0B00B5F804B02C
:1027700040EA0B40886007E0002048608868DFF886
:10278000B0B000EA0B008860187800F0100060B16B
:10279000C8686FF31100D3F81CB040EA0B00C860A2
:1027A000C86840F48020C86013E0C8686FF30E006A
:1027B000D3F804B040EA0B00C860187800F00100BC
:1027C00038B1C86820F44030D3F814B040EA0B00A8
:1027D000C8600AF1010AC86840F00040C860C868D3
:1027E00020F08040C860A86800287FF476AFB9F177
:1027F000000F04D0886840F00040886003E08868DB
:1028000020F000408860C86840F08050C86004F143
:102810001400D4F824B040F822B0226172B60AF154
:102820000100D4F828B05844A06262B600205CE6EB
:10283000FFFF00C010B50C688B6823430C7943EA96
:10284000C4630C7B43EAC4534C7B43EA84538C7BC4
:1028500043EA4453CC7B43EA04530C7C0CB9012477
:1028600000E0002443EAC4434C7C0CB9012400E09E
:10287000002443EA44438C7C43EA04434C692343E9
:102880008C6923430C7F43EA04334C7F43EAC4231F
:102890008C7F0CB9012400E0002443EA8423CC7F20
:1028A00043EA442391F820400CB9012400E00024BD
:1028B00043EA042351F8244F23430C7943EA0413D9
:1028C0008C6843EA040203681B683D4C23401343B1
:1028D000046823600B7E5B060C7D43EA04630C7B7B
:1028E00043EA84434C7B43EA44438C7B24390CB950
:1028F000012400E0002443EA04434C6B43EA040251
:1029000003685B682F4C234013430468636091F8AD
:1029100040404B6C43EA04220368DB6840F20F142A
:10292000A34313430468E36091F854400B6D43EAFA
:10293000440391F84C400CB9012400E0002443EA20
:10294000C41331F8484F43EA044203681B6F4FF643
:102950000D7423401343046823678B7B4C7B43EA4D
:1029600044020368D3F8903023F003031343046850
:10297000C4F890300368D3F8003D23F072030C696B
:1029800023430468C4F8003D0C7E4B6948390CB9F8
:10299000012400E0002443EA841391F8614043EAF3
:1029A000041391F8624043EAC4020368D3F8303D4F
:1029B00023F07B0313430468C4F8303D10BD0000CE
:1029C000838004000080F8C072B600BFFEE70000FC
:1029D0000146002901DB082902DB4CF25030704728
:1029E00019B1012901D0022902D14CF25030F6E789
:1029F00001EB011000EB4000064A02EB800090F86A
:102A0000C800012802D148F6A040E8E74CF2503057
:102A1000E5E700005C0800240146002901DB0829E5
:102A200002DB4CF25030704719B1012901D0022964
:102A300002D14CF25030F6E701EB011000EB400000
:102A4000064A02EB800090F8C800012802D148F63F
:102A5000A040E8E74CF25030E5E700005C080024B5
:102A60000146002901DB082902DB4CF25030704797
:102A700019B1012901D0022902D14CF25030F6E7F8
:102A800001EB011000EB4000064A02EB800090F8D9
:102A9000C800012802D148F6A040E8E74CF25030C7
:102AA000E5E700005C0800240146002901DB082955
:102AB00002DB4CF25030704719B1012901D00229D4
:102AC00002D14CF25030F6E701EB011000EB400070
:102AD000064A02EB800090F8C800012802D148F6AF
:102AE000A040E8E74CF25030E5E700005C08002425
:102AF0002DE9F041044601F017F8804614B9012091
:102B0000BDE8F08194F83500022808D08020606587
:102B100000BF002084F8340000BF0120F0E7FE4928
:102B20002068884249D0FC4918312068884244D046
:102B3000F9493031206888423FD0F7494831206850
:102B400088423AD0F44960312068884235D0F24951
:102B500078312068884230D0EF499031206888422F
:102B60002BD0ED49A8312068884226D0EB49206857
:102B7000884222D0E9491831206888421DD0E749AF
:102B800030312068884218D0E449483120688842B2
:102B900013D0E2496031206888420ED0DF49783195
:102BA0002068884209D0DD4990312068884204D0ED
:102BB000DA49A8312068884201D1012000E00020D4
:102BC00068B12068006820F01E0021680860206855
:102BD000406920F0800021684861256806E020688F
:102BE000006820F00E00216808602568CA49206846
:102BF000884270D0C8491831206888426BD0C649D5
:102C000030312068884266D0C34948312068884204
:102C100061D0C1496031206888425CD0BE497831BA
:102C20002068884257D0BC4990312068884252D0F1
:102C3000B949A831206888424DD0B84920688842F7
:102C400049D0B64918312068884244D0B349303160
:102C5000206888423FD0B1494831206888423AD044
:102C6000AE4960312068884235D0AC49783120685F
:102C7000884230D0A9499031206888422BD0A7499A
:102C8000A8312068884226D0A5492068884222D0F1
:102C9000A3491431206888421DD0A14928312068F9
:102CA000884218D09E493C312068884213D09C4904
:102CB0005031206888420ED099496431206888429A
:102CC00009D0974978312068884204D094498C31E2
:102CD0002068884201D1012000E0002028B1206E48
:102CE000006820F48070216E08608B49206888425B
:102CF00049D0894918312068884244D0864930310A
:102D0000206888423FD084494831206888423AD0C0
:102D1000814960312068884235D07F497831206808
:102D2000884230D07C499031206888422BD07A4943
:102D3000A8312068884226D078492068884222D06D
:102D400076491831206888421DD074493031206896
:102D5000884218D0714948312068884213D06F49A1
:102D60006031206888420ED06C49783120688842F2
:102D700009D06A4990312068884204D06749A83157
:102D80002068884206D12068006820F00100216890
:102D9000086005E02068006820F0010021680860F4
:102DA00011E000F0C1FEA0EB080005280BD920209F
:102DB000606500BF002084F8340000BF032084F861
:102DC000350001209CE6286800F001000028E8D1C9
:102DD00051492068884249D04F49183120688842BB
:102DE00044D04D493031206888423FD04A4948316B
:102DF000206888423AD0484960312068884235D0FE
:102E0000454978312068884230D043499031206864
:102E100088422BD04049A8312068884226D03F49BB
:102E20002068884222D03D491831206888421DD050
:102E30003A4930312068884218D0384948312068F2
:102E4000884213D035496031206888420ED033491A
:102E500078312068884209D0304990312068884212
:102E600004D02E49A8312068884201D1012000E019
:102E7000002040B1A66D94F85C0000F01F013F20D7
:102E80008840B06007E0A76D94F85C0000F01F0177
:102E900001208840786020492068884276D01E4909
:102EA00018312068884271D01B493031206888422F
:102EB0006CD0194948312068884267D01649603182
:102EC0002068884262D014497831206888425DD0F9
:102ED000114990312068884258D00F49A8312068A4
:102EE000884253D00D49206888424FD00B49183191
:102EF000206888424AD0094930312068884245D04C
:102F0000064948312068884240D004496031206831
:102F100088423BD0014905E0100002401004024005
:102F2000085402587831206888422FD025492068FB
:102F300088422BD0234918312068884226D0224964
:102F40002068884222D020491431206888421DD050
:102F50001D4928312068884218D01B493C3120681F
:102F6000884213D018495031206888420ED0164943
:102F700064312068884209D013497831206888423A
:102F800004D011498C312068884201D1012000E031
:102F9000002068B1D4E919104860E06E40B1E06EDD
:102FA000006820F48070E16E0860D4E91C1048606D
:102FB00000BF002084F8340000BF012084F83500F1
:102FC00000209DE5A00402400854025870B5044654
:102FD00000F0AAFD06462546681C10B1044800789A
:102FE000054400BF00F0A0FD801BA842FAD370BDCD
:102FF00040000024F0B5044604F14402536952F83D
:1030000023109669906908B90120F0BDD06900B11C
:10301000761C002522E0086908604FF08070C860C7
:10302000486928B148698860C86840F00070C86085
:10303000C86840F00040C860106A18B1C86840F025
:103040008040C860701EA84207D900BF5B1C042BDB
:1030500000D31B1F00BF52F823106D1CB542DAD3FA
:10306000206800F58050C0F82811002090610027EA
:10307000276600BFC9E7024609B9012070471068FA
:10308000006800F00C00C86210680068C0F300100F
:1030900081F828001068006800F06000486210683D
:1030A0000068C0F3002080F0010081F82000106863
:1030B0000068C0F34020C87710680068C0F3802023
:1030C00080F00100887710680068C0F3C02048775E
:1030D00010680068C0F3003008771068006800F4DA
:1030E000005088611068006800F4804048611068F2
:1030F0000068C0F30040887410680068C0F3404066
:1031000080F00100487410680068C0F3C04080F08F
:103110000100087410680068C0F30050C87310689C
:103120000068C0F34050887310680068C0F3805096
:10313000487310680068C0F3C050087310680068D6
:1031400000F0E060886010680068C0F3C06008713B
:103150001068006800F0E040086010684068C0F344
:103160000D00486310684068C0F3004080F0010023
:1031700081F8320010684068C0F3404081F83100A7
:1031800010684068C0F3804081F8300010684068E3
:10319000C0F3006081F8380010684068C0F34460F4
:1031A000C8631068C068C0F3002081F84000106850
:1031B000C06800F00F0048641068006FC0F3400062
:1031C00081F854001068006FC0F3C01080F0010057
:1031D00081F84C001068006F00F0700008651068FE
:1031E000006F000C88641068D0F8900000F00100B7
:1031F00081F856001068D0F89000C0F3400081F8C4
:1032000055001068D0F8000D00F072008865106855
:10321000D0F8300D00F02300C8651068D0F8300DEC
:10322000C0F3C00081F862001068D0F8300DC0F320
:10323000001081F861001068D0F8300DC0F38010E4
:1032400080F0010081F86000002017E7024609B90C
:10325000012070471068806800F001000870106855
:103260008068C0F34000C87010688068C0F38000B8
:10327000087110688068C0F3C00008721068806828
:10328000C0F30010487110688068C0F3401080F0EF
:10329000010048721068806800F0C000C8601068C3
:1032A0008068C0F30020C87110688068C0F34020B7
:1032B000887110688068C0F380208870106880680A
:1032C000C00F48700020C4E72DE9F04180460E464B
:1032D00008F144046569A06930B9404601F15EFA1D
:1032E00010B90120BDE8F08100BFA069401E05446F
:1032F000042D00D32D1F00BF54F82570F868C0F3CB
:103300000E0030600020EDE738B504460CB901200E
:1033100038BDE06E10B9204600F09EF82320E0662C
:1033200000BF4B48006840F0020049490860084669
:10333000006800F00200009000BF00BF207A18B9BA
:10334000002001F047F903E04FF4000001F042F9DA
:10335000206800F58050006840F00101206800F509
:103360008050016000F0E0FB05460BE000F0DCFB64
:10337000401BB0F5FA7F05D904206067E020E066C5
:103380000120C5E7206800F58050006800F00100CA
:103390000028EBD12046FFF751F802F1AFFC2D4990
:1033A000B0FBF1F0401E2168C1F8DC002046FEF7BA
:1033B000C1FF206800F58050D0F8000120F4E01033
:1033C00040F40021206800F58050C0F80011207DF5
:1033D00000F0030028B101206067E020E0660120D2
:1033E00096E7206800F58050D0F8080147F6FE7196
:1033F0008843616940EA4101206800F58050C0F8C7
:1034000008112046FFF0A6FA2046FEF763FF606829
:1034100000796168497940EA01202168C1F8000318
:103420006068C07800066168897840EA0140616898
:10343000497840EA01206168097808432168C1F8A9
:103440000403002060671020E066206700205FE72B
:10345000F444025840420F0010B586B004461421CF
:1034600001A8FCF005FE4949206888427ED100BFD2
:103470004748006840F40040454908600846006835
:1034800000F40040009000BF00BF00BF0846006885
:1034900040F4803008600846006800F480300090F6
:1034A00000BF00BF00BF0846006840F4003008605D
:1034B0000846006800F40030009000BF00BF00BF65
:1034C00033480830006840F0010031490831086095
:1034D0000846006800F00100009000BF00BF00BF78
:1034E0000846006840F0020008600846006800F0E6
:1034F0000200009000BF00BF00BF0846006840F017
:10350000040008600846006800F00400009000BF56
:1035100000BF00BF0846006840F040000860084651
:10352000006800F04000009000BF00BF4FF4D040A2
:1035300001900220029000200390022004900B20B2
:10354000059001A9134801F1B7FB32200190022038
:10355000029000200390022004900B20059001A906
:103560000D4801F1A9FB8620019000E00BE002204C
:10357000029000200390022004900B20059001A9E6
:10358000064801F199FB06B010BD00000080024022
:10359000D844025800180258000802580000025887
:1035A00070B504460D460DB9012070BD206F10287E
:1035B00005D129462046FFF73DF90020F5E7012017
:1035C000F3E7000010B5024609B9012010BD0878E4
:1035D000CC7840EA44000C7940EA84000C7A40EA56
:1035E000C4004C7940EA04104C7A0CB9012400E084
:1035F000002440EA4410CC7940EA04208C7940EA67
:1036000044208C7840EA84204C7840EAC470CC682E
:1036100040EA040310688068034C20401843146893
:10362000A0600020D2E7000000F8FF7F70B50646DA
:103630003068D0F8004224F4706402F15FFB054664
:103640001348854205D31348854202D244F40074DE
:103650001AE01048854205D30F48854202D244F44F
:10366000407411E00C48854203D30C48854200D2D7
:103670000AE00A48854205D30948854202D244F44B
:10368000807401E044F480643068C0F8004270BD8A
:10369000002D3101C00E16020087930300E1F505ED
:1036A00080D1F0082DE9F04705460F46904699462F
:1036B0002868D0F8000200F0010010B10120BDE838
:1036C000F0872868D0F8004224F0787040EA475428
:1036D00024F4F81040EA084424F00C00041D44F0DF
:1036E00001041FFA89F00D4908600D48C0F8004236
:1036F00000F01AFA064607E000F016FA801BB0F553
:103700007A7F01D90120DAE72868D0F8000200F0BA
:1037100001000028F0D100BFD1E700000482024080
:10372000008002400348006840F001000149086041
:10373000704700002004005830B5034693F89840C5
:10374000012C01D0022C3ED11868806D084030B9A0
:103750001868C06D40F001001D68E8650EE018684B
:10376000806D0840884206D11868C06D40F00200A4
:103770001D68E86502E003201D68E86501F400703B
:1037800030B11868D0F8E00010431D68C5F8E000BB
:1037900001F4806030B11868D0F8E40010431D686F
:1037A000C5F8E40000BF1868406D0B4D0D4028437C
:1037B0001D6868650948006840EA9170074D2860F7
:1037C00000BF002030BDD3F89C0040F00200C3F8D9
:1037D0009C000120F6E70000FFFFCF3F14A8004047
:1037E00070B594B004464C22B34901A8FCF701FE21
:1037F00014B9012014B070BDB0492068884203D1CB
:10380000206800F580706060A068B0F5407F00D14E
:1038100000BF206C00B100BFA06C00B100BF206DE4
:1038200000B100BF206E00B100BFD4E917100844FA
:1038300000B100BF94F8980028B9002084F89900DE
:10384000204601F1A9F92068806920F01000216864
:10385000886100F069F905460EE000F065F9401B4B
:103860000A2809D99834606840F00100606003209C
:1038700004F898090120BDE72068806900F008007D
:103880000828EAD02068806940F00100216888613A
:1038900000F04AF905460EE000F046F9401B0A2800
:1038A00009D99834606840F001006060032004F892
:1038B000980901209EE72068806900F00100002837
:1038C000EAD02068806940F0020021688861207C8D
:1038D000012806D12068806920F0400021688861B5
:1038E00005E02068806940F0400021688861607CC4
:1038F000012806D12068806940F4804021688861F1
:1039000005E02068806920F4804021688861A07CFF
:10391000012806D12068806920F4805021688861E0
:1039200005E02068806940F4805021688861206843
:10393000806920F44070A16808432168886120688C
:10394000806920F0A400216888612068006920F067
:10395000100021680861E068012806D120688069AC
:1039600040F004002168886120E0E068F0B1E06880
:10397000022815D02068806940F0800021688861A5
:103980002068006940F0100021680861E0680328A1
:103990000CD12068806940F020002168886105E032
:1039A0002068806940F0200021688861207E401EE8
:1039B0004106E069401E41EA0020216A491E084391
:1039C000A18A491E40EA01402168C861A068B0F59B
:1039D000407F0FD1A06A401EE16A491E40EA0121E2
:1039E000206B401E41EA0011A08C401E41EA0040BD
:1039F0002168C860206E38B12068D0F8C000616EC0
:103A000008432168C1F8C000D4E91710084460B128
:103A10002068D0F8C80020F0070001AAA16E52F873
:103A2000211008432168C1F8C800206C60B12068EB
:103A3000D0F8BC0020F0070001AA616C52F82110F8
:103A400008432168C1F8BC00A06C68B12068D0F8B8
:103A5000BC0020F0700101AAE06C52F8200041EA9D
:103A600000102168C1F8BC00206D68B12068D0F852
:103A7000BC0020F4E06101AA606D52F8200041EA28
:103A800000202168C1F8BC000C492068884205D19B
:103A90006068806820F0030061688860002044F856
:103AA000940FA06001202071943C2046FFF02EF876
:103AB000064630469EE6000010F7100800A00040C1
:103AC0000549096841F48071034A1160114609688B
:103AD00021F480711160704794440258014691F8B6
:103AE000980001280CD1022081F8980008688069AC
:103AF00020F001000A6890610020C1F89C00704726
:103B0000D1F89C0040F00400C1F89C000120F6E7C9
:103B10000AB1816101E00B048361704701480068CC
:103B2000000C70470010005C0148006870470000FE
:103B30003800002403480068034909780844014913
:103B400008607047380000244000002410B50320AE
:103B500001F1E4F900F026FC10490968C1F30321E2
:103B60000F4A515C01F01F0120FA01F40B48006874
:103B700000F00F001146085C00F01F0024FA00F06E
:103B800008490860084804600F2000F00FF808B1E9
:103B9000012010BD00F090F80020FAE71844025808
:103BA000D8F610080400002400000024F0B58BB003
:103BB0000446102C0AD200222146372000F0C4F817
:103BC000372000F0ADF81C48046002E001200BB083
:103BD000F0BD00BF1948006840F020001749086098
:103BE0000846006800F02000019000BF00BF02A955
:103BF00003A800F08FFB089E1EB902F1A5F8054648
:103C000002E002F1A1F845000D48B5FBF0F0471EB7
:103C10000C480D49086040F2E7310B48C16047602D
:103C200000210161816002F1CCFC18B9064802F163
:103C30004BFDCCE70120CAE73C000024E8440258D1
:103C400040420F00001400402C11002400BF00BFB0
:103C500000BFBFF35F8F00BF00BF00BF0548006813
:103C600020F4803003490860002002497031086068
:103C70007047000024ED00E040F001010D4A1160A2
:103C80000C497039096841F480310A4A703A116070
:103C900000BF00BF00BFBFF34F8F00BF00BF00BF1A
:103CA00000BF00BF00BFBFF36F8F00BF00BF00BFEA
:103CB0007047000094ED00E008B500BF06480068BA
:103CC00040F00200044908600846006800F0020065
:103CD000009000BF00BF08BDF444025810B5014673
:103CE0000846002817DB00F01F0301229A400B4B07
:103CF000440943F8242000BF00BF00BFBFF34F8F2B
:103D000000BF00BF00BF00BF00BF00BFBFF36F8F89
:103D100000BF00BF00BF00BF10BD000080E100E099
:103D20000146084600280DDB00BF00BF00F01F035E
:103D300001229A4043099B0003F1E023C3F80021CC
:103D400000BF00BF00BF70472DE9F05F80460D4601
:103D5000164605F1C7FF074639462A46334601F0A5
:103D60000700C0F1070ABAF1040F02D94FF0040AA4
:103D700001E0C0F1070AD14600F1040ABAF1070FC9
:103D800002D24FF0000A01E0A0F1030AD4464FF03E
:103D9000010A0AFA09FAAAF1010A0AEA020A0AFA67
:103DA0000CFA4FF0010B0BFA0CFBABF1010B0BEA19
:103DB000030B4AEA0B042146404603F06BFFBDE8C3
:103DC000F09F000070B50146844D2D6805F0030397
:103DD000824D2D68C5F30530804D2D1D2D68C5F32E
:103DE00000147E4D14352D68C5F3CC0515FB04F584
:103DF00001EE105AB8EE411AF0EE410A00286FD0D9
:103E000023B1012B4ED0022B6BD16BE0734D283DBB
:103E10002D68C5F340153DB3704D283D2D68C5F3A1
:103E2000C1066F4D25FA06F201EE102AF8EE411A8E
:103E300001EE100AB8EE411A81EE812A9FED691A4F
:103E4000C0EE811A654D10352D68C5F3080501EEE9
:103E5000105AB8EE411A31EE811AF7EE001A31EE1F
:103E6000211A22EE010A1CE001EE100AB8EE411AF6
:103E7000DFED5D1A81EE812A9FED5A1AC0EE811A9C
:103E8000564D10352D68C5F3080501EE105AB8EEF1
:103E9000411A31EE811AF7EE001A31EE211A22EEA4
:103EA000010A5BE001EE100AB8EE411ADFED4F1A8D
:103EB00081EE812A9FED4B1AC0EE811A474D1035D5
:103EC0002D68C5F3080501EE105AB8EE411A31EE1F
:103ED000811AF7EE001A31EE211A22EE010A3DE0B6
:103EE00077E01DE001EE100AB8EE411A9FED402A7E
:103EF000C2EE011A9FED3B1A80EE812A374D103534
:103F00002D68C5F3080501EE105AB8EE411A32EEDD
:103F1000011AB7EE002A31EE021A21EE810A1DE0E5
:103F200001EE100AB8EE411ADFED301A81EE812A57
:103F30009FED2C1AC0EE811A284D10352D68C5F35F
:103F4000080501EE105AB8EE411A31EE811AF7EE6B
:103F5000001A31EE211A22EE010A00BF00BF1F4DE8
:103F600010352D68C5F3462501EE105AB8EE411AFA
:103F7000F7EE001A31EE211AC0EE011ABCEEE11A7A
:103F800081ED001A154D10352D68C5F3064501EE7B
:103F9000105AB8EE411AF7EE001A31EE211AC0EEAF
:103FA000011ABCEEE11A81ED011A0C4D10352D6895
:103FB000C5F3066501EE105AB8EE411AF7EE001A85
:103FC00031EE211AC0EE011ABCEEE11A81ED021A9F
:103FD00003E000250D604D608D6070BD28440258DF
:103FE0000090D003000000460024744C0024744A62
:103FF00020BCBE4B2DE9F04104460D4614B901200A
:10400000BDE8F081BD48006800F00F00A8420ED264
:10401000BA48006820F00F002843B84908600846F5
:10402000006800F00F00A84201D00120E8E72078E6
:1040300000F0040004280ED1B1492069096801F09C
:104040007001884207D9AE48006820F070002169ED
:104050000843AB490860207800F00800082811D117
:10406000A749091D6069096801F07001884209D9F2
:10407000A348001D006820F0700061690843A04952
:10408000091D0860207800F01000102811D19C490B
:10409000091DA069096801F4E061884209D99848BE
:1040A000001D006820F4E060A16908439449091DDF
:1040B0000860207800F02000202811D190490831B4
:1040C000E069096801F07001884209D98C4808301C
:1040D000006820F07000E1690843894908310860F0
:1040E000207800F0020002280ED18549E0680968B6
:1040F00001F00F01884207D98148006820F00F00C5
:10410000E16808437E490860207800F0010000283B
:1041100050D07B48006820F47060A168084378495B
:1041200008606068022807D1754818380068C0F335
:104130004040F8B9012063E76068032807D1704860
:1041400018380068C0F34060A0B9012058E76068E3
:10415000012807D16A4818380068C0F3002048B920
:1041600001204DE7664818380068C0F3800008B9A0
:10417000012045E762480838006820F007006168C0
:1041800008435F4908390860FFF7CEFC064608E09F
:10419000FFF7CAFC801B41F28831884201D9032015
:1041A0002EE757480838006800F038006168B0EB27
:1041B000C10FEDD1207800F0020002280ED1504945
:1041C000E068096801F00F01884207D24C48006896
:1041D00020F00F00E168084349490860474800683B
:1041E00000F00F00A8420ED94448006820F00F00EC
:1041F0002843424908600846006800F00F00A842C2
:1042000001D00120FCE6207800F0040004280ED143
:104210003B492069096801F07001884207D238489B
:10422000006820F070002169084335490860207853
:1042300000F00800082811D13149091D606909689A
:1042400001F07001884209D22D48001D006820F05D
:104250007000616908432A49091D0860207800F050
:104260001000102811D12649091DA069096801F420
:10427000E061884209D22248001D006820F4E06015
:10428000A16908431E49091D0860207800F020003C
:10429000202811D11A490831E069096801F070013C
:1042A000884209D216480830006820F07000E169A1
:1042B000084313490831086000F074F81049096890
:1042C000C1F303210F4A515C01F01F0120FA01F7ED
:1042D0000B48006800F00F001146085C00F01F005A
:1042E00027FA00F008490860084807600848006895
:1042F000FFF75CFC8046404682E60000002000524A
:1043000018440258D8F610080400002400000024C5
:104310003C0000243F220260174A126802F00702A4
:104320004260154A0832126802F470628260124AD2
:104330000832126802F00F02C2600F4A0832126897
:1043400002F0700202610C4A0C32126802F0700234
:104350004261094A0C32126802F4E0628261064A44
:104360001032126802F07002C261044A126802F050
:104370000F020A60704700001044025800200052EB
:1043800000B501F1BBFC05490968C1F30221044AEB
:10439000515C01F01F01C84000BD00001C440258E0
:1043A000D8F61008F0B5824E366806F0380636B1F9
:1043B000082E15D0102E15D0182E7DD114E07C4E6D
:1043C000103E3668C6F3401646B1794E103E366848
:1043D000C6F3C107774E26FA07F000E07548E5E01E
:1043E0007548E3E07548E1E0714E1836366806F02E
:1043F00003046F4E18363668C6F305116C4E1C3632
:10440000366806F001056A4E24363668C6F3CC06D7
:1044100016FB05F601EE106AB8EE410A002971D0CC
:1044200024B1012C50D0022C6DD16DE0604E103EB5
:104430003668C6F340163EB35D4E103E3668C6F38E
:10444000C1075C4E26FA07F301EE103AF8EE411A66
:1044500001EE101AB8EE411A81EE812A9FED581A2A
:10446000C0EE011A524E20363668C6F3080601EE39
:10447000106AB8EE411A31EE811AF7EE001A31EEE9
:10448000211A62EE010A1EE001EE101AB8EE411A7E
:10449000DFED4C1A81EE812A9FED491AC0EE011A18
:1044A000434E20363668C6F3080601EE106AB8EEB1
:1044B000411A31EE811A00E076E0F7EE001A31EE93
:1044C000211A62EE010A5BE001EE101AB8EE411A01
:1044D0009FED3D2AC2EE011A9FED391A80EE012AA6
:1044E000334E20363668C6F3080601EE106AB8EE81
:1044F000411A32EE011AB7EE002A31EE021A61EECD
:10450000810A3DE04EE01DE001EE101AB8EE411ABE
:10451000DFED2E1A81EE812A9FED291AC0EE011AD5
:10452000234E20363668C6F3080601EE106AB8EE50
:10453000411A31EE811AF7EE001A31EE211A62EEBD
:10454000010A1DE001EE101AB8EE411A9FED1E2A75
:10455000C2EE011A9FED1A1A80EE012A144E20367F
:104560003668C6F3080601EE106AB8EE411A32EE5C
:10457000011AB7EE002A31EE021A61EE810A00BF7D
:1045800000BF0B4E20363668C6F34626721C01EE7D
:10459000102AB8EE411AC0EE811ABCEEE11A11EEF3
:1045A000100A00E0002001E0034800BF00BFF0BD9A
:1045B000104402580090D00300093D0040787D016E
:1045C000000000460024744C0024744A20BCBE4BFA
:1045D000704700000349096821F460010143014A62
:1045E00011607047040400587047704730B50246A8
:1045F0000B4600BF92F83C00012801D1022030BDDB
:10460000012082F83C0000BF022082F83D001068C3
:104610004168106884681F4D1068A84203D01E4D81
:104620001068A84203D121F470015868014321F0B9
:1046300070011868014310684160164D1068A84267
:1046400017D01068B0F1804F13D0144D1068A842F5
:104650000FD0134D1068A8420BD0124D1068A8421D
:1046600007D00D4D1068A84203D00F4D1068A84226
:1046700005D124F080049868044310688460012008
:1046800082F83D0000BF002082F83C0000BF00BF60
:10469000B5E70000000001400004014000040040B4
:1046A00000080040000C004000180040704710B5A2
:1046B000044620680069C0F34000D8B12068C06893
:1046C000C0F34000B0B16FF0020021680861012022
:1046D00020772068806900F0030018B12046FFF7BA
:1046E000E5FF05E0204602F1DBF8204600F0BBF8CC
:1046F0000020207720680069C0F38000D8B12068CE
:10470000C068C0F38000B0B16FF004002168086198
:10471000022020772068806900F4407018B120469C
:10472000FFF7C4FF05E0204602F1BAF8204600F08A
:104730009AF80020207720680069C0F3C000D8B143
:104740002068C068C0F3C000B0B16FF008002168F5
:104750000861042020772068C06900F0030018B1C8
:104760002046FFF7A3FF05E0204602F199F8204616
:1047700000F079F80020207720680069C0F300106D
:10478000D8B12068C068C0F30010B0B16FF010005D
:1047900021680861082020772068C06900F4407013
:1047A00018B12046FFF782FF05E0204602F178F8B5
:1047B000204600F058F8002020772068006900F0BB
:1047C000010058B12068C06800F0010030B16FF0FE
:1047D000010021680861204600F046F82068006961
:1047E000C0F3C01058B12068C068C0F3C01030B129
:1047F0006FF0800021680861204601F1E1FE206829
:104800000069C0F3002058B12068C068C0F3C01030
:1048100030B16FF48070216808612046FFF7E4FE34
:1048200020680069C0F3801058B12068C068C0F3E8
:10483000801030B16FF0400021680861204602F11D
:1048400030F820680069C0F3401058B12068C06893
:10485000C0F3401030B16FF020002168086120469D
:10486000FFF7C3FE10BD704738B5044615492068F0
:10487000096888421FD114480068012819D1002016
:10488000009003F02BFF1148006888B16A460021B0
:104890000E4800680AF10EFD00BF009838B14FF0D5
:1048A00080500B490860BFF34F8FBFF36F8F00BF7D
:1048B00001E003F013FF07492068884201D1FFF7A8
:1048C00039F938BDB80F0024100000240800002476
:1048D00004ED00E00014004070B505460C461E488B
:1048E000854232D1002C30DD1C4804F11F0222F039
:1048F0001F01002923DD00F01F067218034600BFC8
:1049000000BF00BFBFF34F8F00BF00BF00BF00BF9D
:10491000134E33602033203A002AF9DC00BF00BF79
:1049200000BFBFF34F8F00BF00BF00BF00BF00BF7D
:1049300000BFBFF36F8F00BF00BF00BF00BF00BF4D
:10494000084804800120084908704FF48272034926
:10495000014801F1A7FF70BD681D0024E81E002476
:104960005CEF00E054000024560000247047000073
:1049700010B50446084884420CD10020074908803D
:1049800007490870074908604FF4827206490248D7
:1049900001F188FF10BD0000681D002454000024B0
:1049A0005700002458000024E81E00242DE9F04799
:1049B00004462068C569206806682068876840F654
:1049C0000F0005EA0009B9F1000F0FD105F0200032
:1049D00060B106F0200010B907F0805030B1206FB0
:1049E00010B12046216F8847BDE8F087B9F1000F6C
:1049F0007ED0DE48384018B9DD4830400028F7D076
:104A000005F0010058B106F4807040B10120216822
:104A10000862D4F88C0040F00100C4F88C0005F066
:104A2000020058B107F0010040B10220216808627D
:104A3000D4F88C0040F00400C4F88C0005F00400A9
:104A400058B107F0010040B1042021680862D4F891
:104A50008C0040F00200C4F88C0005F0080070B132
:104A600006F0200010B9C148384040B10820216844
:104A70000862D4F88C0040F00800C4F88C0005F4FB
:104A8000006060B106F0806048B14FF400602168BA
:104A90000862D4F88C0040F02000C4F88C00D4F8F0
:104AA0008C00002844D005F0200050B106F0200012
:104AB00010B907F0805020B1206F10B12046216F4F
:104AC0008847D4F88CA02068806800F04000402817
:104AD00002D00AF0280028B3204605F175F82068B6
:104AE000806800F04000402818D12068806800E00D
:104AF0001FE020F0400021688860E06F50B19D48C1
:104B0000E16F0865E06FFEF001FA88B1E06F016DBA
:104B100088470DE02046FFF72BFF09E02046FFF70E
:104B200027FF05E02046FFF723FF0020C4F88C0094
:104B30005AE7E06E012872D105F0100000286ED00F
:104B400006F010000028FAD01020216808622068C2
:104B5000806800F0400040287ED1E06F0068864900
:104B6000884258D0E06F006883491831884252D09B
:104B7000E06F00688049303188424CD0E06F0068B7
:104B80007D494831884246D0E06F00687A496031FB
:104B9000884240D0E06F00687749783188423AD047
:104BA000E06F006874499031884234D0E06F00684B
:104BB0007149A83188422ED0E06F00686F49884261
:104BC00029D0E06F00686D491831884223D0E06F2A
:104BD00000686A49303188421DD0E06F006867493B
:104BE0004831884217D0E06F0068644960318842DC
:104BF00011D0E06F00686149783188420BD0E06FD6
:104C000000685E499031884205D0E06F00685B49DA
:104C1000A831884204D1E06F0068406803E068E092
:104C2000E06F006840681FFA80F8B8F1000F35D0D7
:104C3000B4F85C00404531DDA4F85E80E06FC069E7
:104C4000B0F5807F21D02068006820F48070216852
:104C500008602068806800E021E020F00100216801
:104C600088602068806820F04000216888602020EB
:104C7000C4F888000020E0662068006820F010007A
:104C800021680860E06FFDF733FFB4F85C00B4F80A
:104C90005E20801A81B22046FFF71EFEA4E634F89B
:104CA0005C0F6188401A1FFA80F860885C3CF8B19C
:104CB000B8F1000F1CD02068006820F490702168C3
:104CC0000860206880682949C943084021688860D5
:104CD0002020C4F888000020E06620672068006873
:104CE00020F010002168086041462046FFF7F4FDDF
:104CF0007AE605F4801050B107F4800038B14FF423
:104D0000801021680862204601F100FE6CE605F083
:104D1000800058B106F0800010B907F4000028B1F7
:104D2000606F10B12046616F88475DE605F0400076
:104D300030B106F0400018B1204602F0EEFB53E619
:104D400005F4000030B106F0804018B12046FFF7AE
:104D50000DFE49E605F0807030B106F0004018B154
:104D6000204601F1D2FD3FE600BF3DE60100001004
:104D700020010004A5740008100002401004024045
:104D800070472DE9F84F04460E4617469946D4F869
:104D9000840020285ED106B117B90120BDE8F88F44
:104DA00000BF94F88000012801D10220F6E701201D
:104DB00084F8800000BF00205434A06321202063C9
:104DC000FEF7B2FE824627806780543CA068B0F5AB
:104DD000805F04D1206910B90025B04602E0354655
:104DE0004FF0000800BF002084F8800000BF1DE0E5
:104DF0005346002280212046CDF8009002F064FE48
:104E000008B10320CAE745B9B8F80000C0F30800AC
:104E10002168886208F1020803E028782168886226
:104E20006D1CB4F85600401EA4F85600B4F85600A5
:104E30000028DDD15346002240212046CDF80090C5
:104E400002F042FE08B10320A8E72020C4F8840045
:104E50000020A3E70220A1E770B504460E461546E0
:104E6000D4F8840020284BD106B10DB9012070BDC3
:104E700000BF94F88000012801D10220F7E701204B
:104E800084F8800000BF44F8506FA580E5800020C2
:104E9000E06321206063A06A503C08B31948A16F09
:104EA000C8631948A16F08641848A16FC86400203E
:104EB000A16F0865236803F128022B46216DA06FBE
:104EC000FFF0FCF960B11020C4F88C0000BF002096
:104ED00084F8800000BF2020C4F884000120C6E7C9
:104EE00040202168086200BF002084F8800000BFD5
:104EF0002068806840F08000216888600020B6E764
:104F00000220B4E7859B1008BB9B1008BD74000805
:104F1000704700002DE9F043C1B005468946E878A6
:104F2000A97840EA01286879297940EA0126012E0A
:104F300001DB7D2E06DD0321084602F1A5F841B014
:104F4000BDE8F08308EB0600B0F5007F04DD022128
:104F5000032002F199F8F2E77006040E01208DF8A3
:104F6000000003208DF801008DF80240002013E0BE
:104F700008EB0002144B33F812100A12032303EB60
:104F800040030DF80320CBB2032202EB4002521C77
:104F90000DF80230411C88B2B042E9DBE01CC1B21E
:104FA0006846FCF08DF80746F9B2E01C0DF80010D9
:104FB0003912201D0DF80010601DC1B2684600F0C6
:104FC00037F800BFBBE70000DC2100242DE9FC41DD
:104FD00004468846E078A17840EA01266079217984
:104FE00040EA0127B6F5007F05DB0221062002F129
:104FF0004BF8BDE8FC810C4820F816702068009042
:10500000A088ADF8040006216846FCF059F8054672
:10501000E8B28DF8060028128DF8070008216846CE
:1050200000F006F800BFE4E7DC21002400BFFEE743
:1050300070B504460D462946204601F0AFFB58B92D
:1050400006480068401C05490860C0B2012803D129
:10505000294603A004F136FE70BD00006C00002458
:105060004D425F53656E643A2052533438352054B4
:105070005820627573792C206672616D65206472A8
:105080006F7070656420286C656E3D2564290D0A7B
:105090000000000000B587B0002003900490059048
:1050A0000690009001900290154816490860EF2084
:1050B000486000211348816041F28731C1600021BE
:1050C00001614161816101F17CFA08B1FDF77CFC6D
:1050D0004FF48050039003A90A4801F149FB08B13D
:1050E000FDF772FC0020009001900290694605488F
:1050F000FFF77CFA08B1FDF767FC07B000BD0000C0
:1051000000000140B80F002400B587B000200390D4
:105110000490059006900090019002904FF080401E
:1051200009490860EF204860002107488160891E16
:10513000C160002101618021816101F142FA08B161
:10514000FDF742FC07B000BD0410002400BFFEE7DD
:105150002DE9F04703F1BEFFE848008800281DDD77
:1051600000200BE0E6490B5CE6490A780978491C07
:10517000E44C2170E4498B54411C88B2DF49098812
:10518000884204DADF490978B1F5827FEADB002042
:10519000DA490880FEF7C8FCDC490860D948007885
:1051A000002876DDFEF7C0FCD8490968401A0228BD
:1051B0006FD3D5480078012804D00020D149087069
:1051C000BDE8F087CF480078042803DA0020CD49F5
:1051D0000870F5E7CB480078801ECB49095CC948C8
:1051E0000078401EC84A105C41EA0028C548007893
:1051F000801EC1B21046FBF063FF0746B84503D0DE
:105200000020C0490870DBE7BF484678032E04D071
:10521000062E08D0102E12D10BE0BA480178BA48F9
:10522000FFF778FE10E0B7480178B748FFF7CEFEE9
:105230000AE0B4480178B44801F1C0FB04E0012160
:10524000304601F121FF00BF00BF062E01D0102E15
:105250007ED1002409E004F18402AD4B33F8122022
:1052600011B2A0B200F0E6FF641C402CF3DB002476
:105270000BE004F20712A64B33F8122011B204F12E
:10528000400290B200F0D6FF641C402CF1DB0024F9
:105290000CE031E104F1C7029D4B33F8122011B24A
:1052A00004F1800290B200F0C5FF641C092CF1DB10
:1052B0009748B0F80641002C6BDB082C69DA95485A
:1052C0000068844265DA944890F90000844260D115
:1052D000042C45DA00250EE0904A32F8152002EB46
:1052E000041290B205F1E002894B33F8122011B29A
:1052F00000F0A0FF6D1C0D2DEEDB8548B0F8DC0141
:105300008349B1F8DA1160F31F418946032101EBAB
:10531000041188B2494600F08DFF7D48B0F8E001E5
:105320007B49B1F8DE1160F31F418946042101EB8E
:10533000041188B2494600F07DFF7548B0F8E401D9
:105340007349B1F8E21160F31F418946052100E07D
:10535000CEE001EB041188B2494600F06BFF18E083
:10536000002514E0042C06DA6C4830F8150000EB38
:10537000041080B200E00020814605F1E000644A9C
:1053800032F8100001B2484600F054FF6D1C0D2D9C
:10539000E8DB6348007890B900200BE000EB0011D7
:1053A00001EB41015F4A02EB810191F8C8105E4AAE
:1053B0001154401C0828F1DB0120594908700324CE
:1053C0008FE0601C53490968884200DD88E004F5DD
:1053D000A2704F4911F8100000F001055248005D1D
:1053E000A8427CD004EB041000EB40004D4901EBD7
:1053F000800090F88C0040B904EB041000EB4000F2
:1054000001EB800090F8280038B14748015D04F5B1
:10541000A2703F4A22F8101062E004EB041000EB87
:105420004000404901EB800080F8C85029462046E2
:10543000FBF016FE04EB041101EB4101394A02EBCB
:1054400081010889214604F187F920BB3648005DB7
:1054500004EB041101EB4101324A02EB810181F8B6
:10546000C8003148015D2046FBF0FAFD03F152FE11
:105470002D48015D04F5A270254A22F8101004EBB6
:10548000041101EB4101274A02EB81010889214601
:1054900004F162F924E024480555012D10D148F6A5
:1054A0009F40042101EB041189B2204A42F82100F7
:1054B0000020052101EB041189B242F821000EE021
:1054C0001B48042101EB041189B2184A42F821005B
:1054D0000020052101EB041189B242F8210000BF30
:1054E000641C082CFFF66DAF03F114FEFBF0A6FE62
:1054F00000200449087000BF00BF61E6540000248A
:10550000E81E002460000024DC2500246400002440
:10551000DC2100242801002468000024A0D6000813
:10552000780000245C08002470000024E026002499
:1055300080C3C9012DE9F0432DED028B81B0FE48F7
:10554000006870BB00201CE0411CFC4A12689142BC
:1055500000DD15E000EB001101EB4101F84A02EB20
:1055600081014D694200F74B23F812504FF6FF714D
:1055700001EA2541012202EB400223F8121000BF8C
:10558000401C0428E0DBED480088EE4908864FF413
:10559000807048860020088501B0BDEC028BBDE814
:1055A000F083FFE7FEF7C0FA0446E7480068201AD8
:1055B000B0F57A7F0AD3E448006800F57A70E249D2
:1055C0000860E2480068401CE0490860002493E05D
:1055D000601CDA490968884200DD8CE004EB0410A5
:1055E00000EB4000D64901EB800045696100D54AD7
:1055F00022F811504FF6FF7000EA2540012101EB1F
:10560000440122F8110004EB041000EB4000CC49E7
:1056100001EB8000866921463046FCF7AAFB81B287
:1056200004F10800C74A22F8101004EB041000EB44
:105630004000C34901EB8000818C04F10C0022F88A
:10564000101004EB041000EB4000BD4901EB80009A
:105650004068418904F1100022F81010601CB7491D
:105660000968884204DD00211F3022F8101041E053
:1056700004EB041000EB4000B14901EB8000807A9C
:1056800030B9002104F12000AE4A22F8101031E0B8
:1056900004EB041000EB4000A94901EB800090F8F6
:1056A000240000F0080030B1032104F12000A54AD5
:1056B00022F810101EE004EB041000EB4000A0499B
:1056C00001EB800090F88C0038B904EB041000EB7B
:1056D000400001EB8000806930B1022104F120001C
:1056E000984A22F8101005E0012104F12000954AA3
:1056F00022F8101000BF641C042CFFF669AF0424CC
:105700008BE0601C8D490968884200DD84E0271F1A
:10571000322000EBC70804EB041000EB400088497E
:1057200001EB80004569874921F818504FF6FF705A
:1057300000EA2541834A08F1010022F8101004EB29
:10574000041000EB40007E4901EB80008669214691
:105750003046FCF70EFB81B27A4A08F1020022F8CB
:10576000101004EB041000EB4000754901EB8000C1
:10577000818C08F1030022F8101004EB041000EBF8
:1057800040006F4901EB80004068418908F1040046
:1057900022F8101004EB041000EB4000684901EB04
:1057A0008000807A28B9002107F15A0022F81010F1
:1057B00031E004EB041000EB4000614901EB800094
:1057C00090F8240000F0080030B1032107F15A00DE
:1057D0005C4A22F810101EE004EB041000EB4000BD
:1057E000574901EB800090F88C0038B904EB0410A5
:1057F00000EB400001EB8000806930B1022107F12D
:105800005A00504A22F8101005E0012107F15A0011
:105810004C4A22F8101000BF641C082CFFF671AF30
:105820000024B4E045480068844208DA04EB041020
:1058300000EB4000424901EB8000406900E000209D
:1058400008EE100A3D480068844213DA04EB0410A5
:1058500000EB40003A4901EB8000D0F8BC00002882
:1058600008DD04EB041000EB400001EB8000D0F8F1
:10587000BC0002E02046FDF7ABF8074604EB04103D
:1058800000EB40002E4901EB800090F8C800012891
:105890003BD12A480068844210DA002F0EDDB8EEB2
:1058A000C80ADFED2B0A60EE200A00EE107AB8EE8F
:1058B000C00A80EE801A8DED001A03E09FED250AE4
:1058C0008DED000A07E09DED000ADFED210A30EEC4
:1058D000600A8DED000A9DED000ADFED1D0AB4EEB1
:1058E000E00AF1EE10FAEEDA07E09DED000ADFEDD6
:1058F000180A30EE200A8DED000A9DED000AB5EE83
:10590000C00AF1EE10FAF0D331E0072101EB0411E7
:1059100088B200F019FC8046B8F1000F01DC41F2BA
:105920008838F8EEC80A00EE108AB8EEC00A60EEB9
:10593000800A00EE107A0FE01000002428010024F5
:105940005C080024DC2100247C0000245C0000248E
:105950000000B44300000000B8EEC00A9FEDFE1A3C
:1059600020EE010A80EE801A8DED001A00BF26217C
:1059700001EB4401F94A009822F811000098010C4B
:10598000262000EB4400401C22F81010641C042C5C
:10599000FFF648AF032015E0411CF14A126891421E
:1059A00000DD0EE000EB001101EB4101ED4A02EBDE
:1059B000810191F8C82000F5A271E84B23F811206D
:1059C00000BF401C0828E7DB0424A5E0A4F104087C
:1059D000E3480068844208DA04EB041000EB40005E
:1059E000E04901EB8000406900E0002008EE100A69
:1059F000DB480068844213DA04EB041000EB40003B
:105A0000D84901EB8000D0F8BC00002808DD04EB89
:105A1000041000EB400001EB8000D0F8BC0002E075
:105A20002046FCF7D5FF074604EB041000EB4000CE
:105A3000CC4901EB800090F8C80001283BD1C84850
:105A40000068844210DA002F0EDDB8EEC80A5FED60
:105A5000400A60EE200A00EE107AB8EEC00A80EE2E
:105A6000801A8DED001A03E01FED460A8DED000A45
:105A700007E09DED000A5FED4A0A30EE600A8DED09
:105A8000000A9DED000A5FED4E0AB4EEE00AF1EE69
:105A900010FAEEDA07E09DED000A5FED530A30EEF2
:105AA000200A8DED000A9DED000AB5EEC00AF1EE68
:105AB00010FAF0D320E0072101EB041188B200F0C6
:105AC00043FB8146B9F1000F01DC41F28839F8EE61
:105AD000C80A00EE109AB8EEC00A60EE800A00EE26
:105AE000107AB8EEC00A9FED9C1A20EE010A80EEF3
:105AF000801A8DED001A00BF522101EB4801974A30
:105B0000009822F811000098010C522000EB480088
:105B1000401C22F81010641C082CFFF657AF00211F
:105B2000002201240023002037E0471CDFF830C2A8
:105B3000DCF800C0674503DD042800DA00242BE010
:105B400000EB001707EB4707DFF818C20CEB8707DD
:105B500097F8247007F008077FB1042801DA41F0B4
:105B60000101571CBAB2042807DB071F4FF0010CD4
:105B70000CFA07FC1FFA8CF73B4300EB001707EB0E
:105B80004707DFF8E0C10CEB870797F8247007F0B0
:105B9000010707B9002400BF401C0828C5DB0CB171
:105BA00041F002016F4890F8BE0108B141F00401D4
:105BB0006D48007808B141F008016848A0F8481025
:105BC000A0F84A2001F00100644FA7F85C00C1F37F
:105BD0004000A7F85E003846A0F8BE3002203946E3
:105BE00008856248006808B9012008850021002066
:105BF0001BE0421C5A4B1B689A4200DD14E000EB8C
:105C0000001202EB4202574B03EB820292F824206F
:105C100002F008023AB100EB001202EB420203EB81
:105C20008202918C03E000BF401C0828E1DB00BF2A
:105C30004A4841854B4890F8BE0108B1012000E078
:105C40000020464988854848007808B1012000E0D6
:105C500000204249C8854248008808864448008898
:105C600008874FF4807048864248008888864148FB
:105C70000068000CC88640480088401C3E490880E7
:105C8000084600880A287BDB00200880002409E001
:105C9000A0B200F059FA81B204F184002F4A22F830
:105CA0001010641C402CF3DB00240BE004F14001D5
:105CB00088B200F049FA81B204F20710274A22F8AC
:105CC0001010641C402CF1DB00240BE004F1800177
:105CD00088B200F039FA81B204F1C7001F4A22F8F5
:105CE0001010641C092CF1DB1C48B0F80641002C94
:105CF0007EDB082C7CDA1A48006884427DDA042CAA
:105D00005CDA4FF000080FE01C4931F8181001EB85
:105D1000041188B200F018FA81B208F1E0000F4ACD
:105D200022F8101008F10108B8F10D0FECDB032187
:105D300001EB041188B200F007FA07460749A1F801
:105D4000DA714FF6FF7000EA2740A1F8DC01042168
:105D500001EB041188B214E000007A44DC21002435
:105D6000280100245C080024BC000024100000244A
:105D7000B40000245C00002480000024A0D60008A9
:105D800058E000F0E1F907464249A1F8DE714FF60C
:105D9000FF7000EA2740A1F8E001052101EB0411A2
:105DA00088B200F0D1F907463A49A1F8E2714FF6FE
:105DB000FF7000EA2740A1F8E40118E0002006E0A7
:105DC000002200F1E001334B23F81120401C0D2884
:105DD000F6DB00202F49A1F8DA01A1F8DC01A1F8D7
:105DE000DE01A1F8E001A1F8E201A1F8E40100E080
:105DF00003E060B2284908701BE0002006E00022A2
:105E000000F1E001234B23F81120401C0D28F6DBA4
:105E100000202049A1F8DA01A1F8DC01A1F8DE0197
:105E2000A1F8E001A1F8E201A1F8E401FF201A497C
:105E3000087000BF1748B0F8068118480078804500
:105E400001DA404600E000200446601C144909685D
:105E500088421CDC04EB041000EB4000114901EB0C
:105E6000800047690B494F874FF6FF7000EA2740D3
:105E7000888704EB041101EB41010A4A02EB81011E
:105E800088692146FBF775FF0249C88700BF00BF3C
:105E9000FFF782BBDC2100246800002416000024E8
:105EA000280100245C08002410B500F019F8FAF06D
:105EB00065FA00240AE0601C07490968884200DD91
:105EC00003E02046FAF0AAFE00BF641C03480078F5
:105ED0008442F0DB10BD00002801002416000024DD
:105EE0000020044908600449086004490860044926
:105EF00008607047C0000024C4000024C8000024CB
:105F0000CC00002470B52948006810B92848006802
:105F100000B970BD2748007800B1FAE701260024D7
:105F20001FE0601C24490968884200DD18E004EB8A
:105F3000041000EB4000214901EB800090F88C0038
:105F400068B104EB041101EB41011C4A02EB810131
:105F500001F1340000F082FC08B9002605E000BF22
:105F6000641C174800788442DBDB00BF06B9D0E729
:105F70001448006800EB8000134901EBC005284677
:105F8000296A00F1E5FE0F490968481CC11700EBBA
:105F900091618911A0EB81110A4A116004480068DF
:105FA000401E0349086000BFB3E70000CC00002496
:105FB000C8000024002B0024280100245C080024D1
:105FC00016000024C0000024902B002400BFFEE730
:105FD00010B588B0002423E0C4EBC400574A02EB9C
:105FE00080011C2201A8FAF704FABDF80400002879
:105FF00014DBBDF80400FF2810DC0298007868B1BB
:10600000BDF804004E4951F8200038B9049828B171
:10601000BDF804104A4A049842F82100601C84B27A
:10602000FF2CD9DD012013E000210EE001EB00126E
:10603000434B53F822203AB91A4652F8212001EB7B
:1060400000133F4C44F82320491C1029EEDB401C70
:106050000428E9DB04203CE0082101EB0011384A68
:1060600052F8211039B91146096A082202EB0012D0
:10607000334B43F82210092101EB0011304A52F84A
:10608000211039B91146496A092202EB00122C4B42
:1060900043F822100A2101EB0011294A52F821107D
:1060A00039B91146896A0A2202EB0012244B43F8DF
:1060B0002210072101EB0011214A52F8211039B9B1
:1060C0001146C969072202EB00121D4B43F822104A
:1060D000401C0828C0DB1A48D0F8D0001949884273
:1060E00006D10320FCF798FC401E1549C1F8D000EA
:1060F0001348D0F8D40013494942884203D1002004
:106100000F49C1F8D4000E48D0F8D0010D4988429B
:1061100006D10720FCF780FC401E0949C1F8D001D8
:106120000748D0F8D40107494942884203D10020EA
:106130000349C1F8D40108B010BD0000BCDA000862
:10614000E0260024009435770146002901DBFF2971
:1061500001DD00207047024850F82100FAE70000F6
:10616000E0260024014800687047000088000024F1
:1061700010B500F021F800200249086002A003F1E8
:10618000A1FD10BD8800002420205B506172616D6C
:106190005D20466C6173682064697361626C65643C
:1061A0002C207573696E672052414D2064656661CD
:1061B000756C74730D0A000000200AE0C0EBC0018A
:1061C000054A02EB8101C968044A42F82010411CCB
:1061D00088B2FF28F2DD7047BCDA0008E026002410
:1061E00010B5FFF7E9FF00200349086003A003F1A1
:1061F00069FD012010BD00008800002420205B50B4
:106200006172616D5D20466163746F7279207265A1
:10621000736574202852414D206F6E6C792C204696
:106220006C6173682064697361626C6564290D0A2E
:10623000000000000246002A01DBFF2A01DD0020E9
:106240007047C2EBC2000A4B03EB80000069884232
:1062500006DCC2EBC20003EB80004069884201DA31
:106260000020EDE7034840F822100120E8E7000095
:10627000BCDA0008E02600242DE9F04385B004468E
:106280008846914600262AE000E0641C20782028F9
:10629000FBD0207800B926E0002505E014F8012B9A
:1062A00028466D1C01A90A54207820B120782C289A
:1062B00001D00F2DF2DB002001A94855694601A845
:1062C000FAF026FC0746009800B90CE03046761C30
:1062D00048F8207020782C2800D1641C00BF20785A
:1062E00008B14E45D0DB00BF304605B0BDE8F083B5
:1062F0002DE9F04188B004462046FAF085FE20786A
:1063000018B9002008B0BDE8F0812078502802D0EC
:10631000207870282CD160784F2802D060786F28C0
:1063200026D1A078532802D0A078732820D1E07815
:106330002D281DD12079FAF0C9FB0546002D06DB7A
:1063400088480078854202DA60793A2801D0002036
:10635000D8E707A9A01DFAF0DBFB0646079808B9A5
:106360000020CFE731462846FAF7AEF90120C9E709
:1063700020784E2802D020786E284DD1607855289C
:1063800002D06078752847D1A0784D2802D0A07837
:106390006D2841D1E0782D283ED12079FAF096FB86
:1063A0000546002D06DB6F480078854202DA6079E9
:1063B0003A2801D00020A5E707A9A01DFAF0A8FB04
:1063C0000646079808B900209CE705EB051000EB8E
:1063D0004000654901EB8000D0F8BC70002F03DC61
:1063E0002846FCF761FB074605EB051000EB400073
:1063F0005D4901EB8000406986FB071210EB010844
:1064000041462846FAF760F906FB07F2314657A0E5
:1064100003F158FC012075E72078FAF057FB054698
:10642000002D06DB4F480078854202DA60783A2872
:1064300001D0002066E754A1A01CFBF7DFFBF0B100
:10644000534850F8251053A003F13CFC802005EB85
:10645000051101EB4101444A52F821100880012046
:1064600005EB051101EB410102EB810181F82900E7
:106470002846FAF0D3FB01204D49087042E74DA1B0
:10648000A01CFBF7BBFB002859D0414850F8251051
:106490004AA003F117FC2846FAF7EEF9022005EBB3
:1064A000051101EB4101304A02EB810181F827001F
:1064B000002005EB051101EB410102EB81010861B0
:1064C000012005EB051101EB410102EB810181F88F
:1064D0002800464801682846FAF07CFB05EB0510C9
:1064E00000EB4000204901EB8000C669012101EB6F
:1064F000051188B2FFF728FE074603AB04AA394608
:10650000304602F1CBFEDDE9031005EB051202EB8C
:106510004202154B03EB8202CDE90001516905EB04
:10652000051202EB420203EB820202F13400334611
:10653000002200F09CF901202D490870E2E607AB2B
:1065400005AA06A9A01CFAF012FB08B1079808B921
:106550000020D7E62846DDE90521FAF01DF80120E4
:10656000D0E60000160000245C0800242020282526
:106570002B642072657673203D20252B6420707576
:106580006C736573290D0A00524553455400000091
:10659000040100243E3E3E2025733A204641554CDE
:1065A00054205245534554203C3C3C0D0A00000009
:1065B000140000245A45524F000000003E3E3E2089
:1065C00025733A205A45524F20286D6F76696E67C1
:1065D00020746F2030207769746820532D437572C2
:1065E000766529203C3C3C0D0A000000B8000024E0
:1065F000BC0000242DE9F04104460E460027554812
:10660000006800F00300032802D10120BDE8F081FA
:1066100050482838006820F080604E4928390860CA
:10662000FDF782FA054606E0FDF77EFA401B0228D8
:1066300001D90320EAE7474828380068C0F3C06062
:106640000028F1D100BF4348006820F47C30216865
:1066500040EA01303F490860A088401EC0F30800AE
:10666000A168491E4FF47E4202EA41210843A189F4
:10667000491ED20102EA01410843217C491E12024F
:1066800002EA0161084333491031086000BF314814
:10669000001D006820F0C000616908432D49091DF4
:1066A00008600846006820F02000A16908432949D5
:1066B000091D08600846006820F0100008602548A1
:1066C000143000684FF6F8718843E16940EAC10070
:1066D0002049143108601F48001D006840F0100078
:1066E0001C49091D08602EB90846006840F40020C6
:1066F000086012E0012E08D11648001D006840F421
:1067000080101449091D086007E01248001D006848
:1067100040F400100F49091D08600E482838006831
:1067200040F080600B4928390860FDF7FDF9054607
:1067300006E0FDF7F9F9401B022801D9032065E7BF
:10674000044828380068C0F3C0600028F1D03846FB
:106750005CE70000284402582DE9F04704460E4645
:106760003046FCF77DF98146002C01DD204600E033
:10677000604282468AFB092041F27073D71840F1CB
:1067800000015A0000233846F9F03AFC0546002C77
:1067900002DD2846BDE8F0876842FBE770B5054694
:1067A0000C462348007808B1002070BD0120204924
:1067B0000870224629461F48F9F71BFE1D4804F1C0
:1067C0001F0222F01F01002923DD00F01F067218AE
:1067D000034600BF00BF00BFBFF34F8F00BF00BF25
:1067E00000BF00BF144E33602033203A002AF9DC8A
:1067F00000BF00BF00BFBFF34F8F00BF00BF00BF8F
:1068000000BF00BF00BFBFF36F8F00BF00BF00BF5E
:1068100000BF00BF012000F015F8322007490860D2
:10682000224604490648FEF717FB0120BDE7000099
:1068300057000024EC1F002468EF00E058000024FB
:10684000681D002410B5044622464FF480510248CA
:10685000FDF75EF910BD000000080258014691F8EE
:106860002100082801D1012070470020FCE72DE914
:10687000FF4F89B004468A461E4658212046F9F04B
:10688000F7FBC4F80CA00B982061C4F814A00020FA
:10689000A061E0612660169860601798002801DD0D
:1068A000179800E00120A0600B98A0EB0A05002DCE
:1068B00004DAFF2084F820006D420DE0002D03DD96
:1068C000012084F8200007E0082084F821000B98BC
:1068D00060610DB0BDE8F08FA168169890FBF1F0F3
:1068E000A062A06A08B90120A06202E0A06A401E6E
:1068F000A062A06A01281FD9A168CB174FF0000C35
:10690000A06AA1FB002B03FB00B001FB0C0CA06AEA
:10691000401C00231146A1FB002B0CFB00B001FB27
:106920000300CDE902200222DDE90201F9F068FB53
:10693000F217301A8A41D9DBA06AA063A168A06A65
:1069400000FB01F74FF00008002F09DD96FBF7F080
:10695000A16AA0EB0108B8F1000F01DA4FF00008BE
:10696000CDF8208006A807A9CDE9006102903A463B
:106970004146A368A06A00F0ADFBA06800903B46CA
:10698000A16B089A069802F19DFF0590079905985A
:1069900001EB00094D4515DBB8F1000F12DDC4F81D
:1069A0002C8008986063E817B5EB090B60EBE97180
:1069B000069A4FEAE2735846F9F022FB20636760BB
:1069C000266058E00020E06260632063A068400019
:1069D000C31783465A462846E917F9F011FBCDE95B
:1069E000020108F14CF8A062A06A08B90120A06277
:1069F000A06AA063A168A06A484360602660204640
:106A000000F088F883460CE0A06A401CA062A06AEF
:106A1000A063A168A06A48436060204600F07AF84D
:106A20008346AB45F0DB0CE0A06A401EA062A06A82
:106A3000A063A168A06A48436060204600F06AF83D
:106A40008346AB4502DDA06A0128EDD804A807A95A
:106A5000CDE9006102900021D4E90123A06A00F091
:106A600039FBA068009000226368A16B049802F1D2
:106A700029FF059000BF204600F04CF804900498D0
:106A8000A5EB000BBBF1000F14DD2068002811DD21
:106A900020689BFBF0F00390039850B1216B0398A2
:106AA00008442063204600F035F804900498A5EBD4
:106AB000000B00BFBBF1000F24DAA06A012821D926
:106AC000E06AF8B90020039012E0A06A401EA062BC
:106AD000A06AA063A168A06A48436060204600F0F5
:106AE00019F804900498A5EB000B0398401C039040
:106AF000BBF1000F05DAA06A012802D90398062825
:106B0000E3DB00BF05986065002084F82100606227
:106B100000BFDEE6F0B50246002000210023156824
:106B2000566800240AE097683B44B34200DD3346D0
:106B30001944A94200DD29460844641C976AA7420B
:106B4000F1D8002405E01944A94200DD2946084493
:106B5000641CD76AA742F6D800240AE09768DB1BBA
:106B6000002B00DA00231944A94200DD294608441D
:106B7000641C976AA742F1D8002401E00844641C11
:106B8000176BA742FAD800240BE09768DB1B77420B
:106B9000BB4200DA73421944002900DA002108449C
:106BA000641C976BA742F0D8002405E01944002923
:106BB00000DA00210844641C576BA742F6D8002471
:106BC0000AE097683B44002B00DD002319440029AC
:106BD00000DA00210844641C976BA742F1D8F0BD8D
:106BE000014691F82100082803D091F92100401CAA
:106BF00008B948697047486A401C486291F9210009
:106C000007286FD2DFE800F00434487996BBCE0045
:106C10008A68C8691044C8614A68C869904201DD41
:106C20004868C861D1E90602104488610A68886929
:106C3000904201DD08688861D1E90902904216D3CB
:106C40008869C86348690864C86A18B1012081F876
:106C500021000AE00A688869904203DB032081F87A
:106C6000210002E0022081F8210000204862BDE0FE
:106C70004A688869104488610A688869904201DD21
:106C800008688861CA6A486A904204D3022081F881
:106C9000210000204862A9E08A68C869801AC8619A
:106CA000C869002801DA0020C861D1E90602104451
:106CB00088610A688869904201DD08688861D1E9C5
:106CC0000902904202D2C869002815DC0020C86180
:106CD0008869486448698864086B20B1032081F89A
:106CE000210007E081E08869C864486908650420DC
:106CF00081F821000020486278E00022CA6191F901
:106D00002020002A03DDD1E90423D21A02E0D1E9D0
:106D10000432D21A10468A69821A4B6D9A4208DCF4
:106D20008A69CA644A690A65042281F8212000221E
:106D30004A625BE08A68C869801AC8614A68524240
:106D4000C869904202DA48684042C861D1E9060247
:106D5000104488618869002801DA002088618A6B04
:106D6000486A90420AD3486B18B1052081F8210087
:106D700002E0062081F821000020486236E04A68DF
:106D80008869801A88618869002801DA0020886192
:106D90004A6B486A904204D3062081F82100002003
:106DA000486223E08A68C8691044C861C86900283D
:106DB00001DD0020C861D1E90602104488618869BC
:106DC000002801DA002088618A6B486A904203D269
:106DD0008A688869904207DC00208861C8610820C1
:106DE00081F821000020486200E000BF00BF91F957
:106DF0002030D1E9050202FB0300486191F920200F
:106E0000002A03DDD1E90423D21A02E0D1E90432D9
:106E1000D21A1046002800DA40428A69042A0DDCA2
:106E200002280BDC91F82120082A07D00A694A6160
:106E300000228A61CA61082281F821204869D9E6C6
:106E400030B587B00546002400200590984805A974
:106E500001220023CDE9002102901A4641F6124199
:106E6000284603F1B5FF04444FF4B0500690904813
:106E700006A902220023CDE900210290012241F659
:106E80001241284603F1A4FF0444012005908848DC
:106E900005A901220023CDE9002102901A4641F6FE
:106EA0001241284603F194FF0444002005908048D5
:106EB00005A901220023CDE9002102901A464FF4D2
:106EC000B051284603F184FF04447A48049078487E
:106ED00004A904220023CDE90021029001224FF4ED
:106EE000B051284603F174FF04447348049070487D
:106EF00004A904220023CDE90021029002224FF4CC
:106F0000B051284603F164FF04446C48049068487B
:106F100004A904220023CDE90021029003224FF4AA
:106F2000B051284603F154FF044403200590604803
:106F300005A901220023CDE9002102901A464FF451
:106F4000B051284603F144FF0444002005905848FE
:106F500005A901220023CDE9002102901A4641F63D
:106F60001341284603F134FF04444FF4D0500690F7
:106F70004F4806A902220023CDE9002102900122F8
:106F800041F61341284603F123FF044401200590F4
:106F9000474805A901220023CDE9002102901A46A5
:106FA00041F61341284603F113FF044400200590E5
:106FB0003F4805A901220023CDE9002102901A468D
:106FC0004FF4D051284603F103FF04443C48049099
:106FD000374804A904220023CDE9002102900122B0
:106FE0004FF4D051284603F1F3FE04443548049091
:106FF0002F4804A904220023CDE900210290022297
:107000004FF4D051284603F1E3FE04442E48049087
:10701000274804A904220023CDE90021029003227D
:107020004FF4D051284603F1D3FE0444274804907E
:107030001F4804A904220023CDE9002102904FF447
:10704000D051284603F1C4FE044421480490184856
:1070500004A904220023CDE90021029005224FF467
:10706000D051284603F1B4FE044405200590104891
:1070700005A901220023CDE9002102901A464FF410
:10708000D051284603F1A4FE044408200590084886
:1070900005A901220023CDE9002102901A4646F2FB
:1070A0006001284603F194FE0444012007B030BD7E
:1070B00060AE0A001000406020007A600800606046
:1070C000100041602000646020006C6010003F6090
:1070D000080061602DE9F0470546894616461F46BF
:1070E000DDE909C8089C002300200021002209E0F6
:1070F0003944B14200DD31460844A04200DD20465B
:107100000344521CAA42F3D3002205E00844A042E3
:1071100000DD20460344521C4A45F7D3002209E013
:10712000C91B002900DA00210844A04200DD2046E6
:107130000344521CAA42F3D3CCF80030C8F8000034
:10714000BDE8F0872DE9F0419CB080460C4615461D
:107150001E4600273C48006820F004003A490860B9
:1071600000BF002000903948006820F00100374936
:1071700008600846006800F00100009032480C30BA
:10718000006840F4404030490C310860084600680F
:1071900000F44040009000BF00BF00BF2A480C3000
:1071A000006800F40050B0F5005FF7D101200190B5
:1071B0000004029000200490089002200A9002210E
:1071C0000B91CDF834800C940E950F9600211291FE
:1071D0000821119101A8FEF0C9FD07460FB100BFBB
:1071E000FEE73F2014900320159000201690082001
:1071F00017904020199000011A90402018905020BC
:107200001B90022114A8FCF7F5FE07460FB100BF42
:10721000FEE70F48006840F080000D49086000BF9D
:107220000B48F430006840F002000949F43108606E
:107230000846006800F00200009000BF00BFFCF7A5
:1072400071FA1CB0BDE8F0810C4802582C040058BB
:107250000044025810B500BF502080F31188BFF3DE
:107260004F8FBFF36F8F00BF08F150F918B14FF087
:1072700080500449086000BF002080F3118800BFDF
:1072800010BD000004ED00E03648006840F47000D6
:10729000344908603448006800F00F00072806D21F
:1072A0003148006820F00F00C01D2F4908602F48AA
:1072B000006840F001002D49086000202B49103182
:1072C00008602A4800682A4908402849086026487A
:1072D000006800F00F00072806D92348006820F056
:1072E0000F00C01D204908600020204918310860A7
:1072F000091D0860091D08601E481C4928310860E6
:107300001D48091D08601D48091D08600020091D51
:1073100008601A48091D08600020091D0860174808
:10732000091D08600020091D08601048006820F44D
:1073300080200E49086000200C4960310860104828
:1073400000686FF30F00B0F1005F02D201200D4919
:10735000086043F2D2000C490860480301498039B3
:107360000860704788ED00E0002000520044025899
:107370007FEDF6EA000202020000FF018002010137
:107380000010005C088100510040005210B5024816
:10739000FDF78DF910BD0000B80F002410B50248AC
:1073A000FDF785F910BD00002C11002490F828107D
:1073B00001F0010139B10168496821F40031C26A64
:1073C00011430268516090F8281001F0020102296F
:1073D00007D10168496821F48031026B11430268CA
:1073E000516090F8281001F00401042907D10168C8
:1073F000496821F48021426B11430268516090F882
:10740000281001F00801082907D10168496821F412
:107410000041826B11430268516090F8281001F01E
:107420001001102907D10168896821F48051C26BCD
:1074300011430268916090F8281001F02001202982
:1074400007D10168896821F40051026C1143026878
:10745000916090F8281001F04001402913D1016893
:10746000496821F48011426C114302685160416CFB
:10747000B1F5801F07D10168496821F4C001826C11
:1074800011430268516090F8281001F080018029B2
:1074900007D10168496821F40021C26C11430268D8
:1074A0005160704770B50546AC6B0020A4F85E00D3
:1074B000A4F856002046FDF75BFA70BD2DE9F041B7
:1074C0000546AC6BD4F88460D4F888702068806876
:1074D00000F08000802807D1212E05D10020A4F8DB
:1074E0005600204602F18EFB2068806800F04000C4
:1074F000402807D1222F05D10020A4F85E002046A5
:1075000002F162FBD4F88C0040F01000C4F88C004B
:107510002046FDF72DFABDE8F08110B5044620683D
:10752000006820F04000216808602020C4F8840032
:10753000002060672046FFF029FA10BD2DE9F04FCA
:1075400089B0054600200890F8492868884200D193
:1075500000E000BF2969A868084369690843E96930
:1075600040EA010828680068F149084040EA08003C
:10757000296808602868406820F44050E96808439A
:1075800029684860D5F81880E8492868884202D000
:10759000286A40EA080828688068E649084040EA06
:1075A0000800296888602868C06A20F00F00696AAE
:1075B00008432968C86200BFDF492868884220D193
:1075C000DE48006800F03800182811D005DC48B10A
:1075D000082809D0102811D108E020280AD028282E
:1075E0000CD109E001240BE0042409E0082407E0A1
:1075F000102405E0202403E0402401E0802400BFA3
:10760000F8E0CF492868884219D1CC48006800F0DA
:107610000700062810D2DFE800F0030507090B0D6C
:1076200000240BE0042409E0082407E0102405E00E
:10763000202403E0402401E0802400BFDAE0C149B7
:107640002868884219D1BD48006800F00700062864
:1076500010D2DFE800F0030507090B0D00240BE052
:10766000042409E0082407E0102405E0202403E0B6
:10767000402401E0802400BFBCE0B3492868884270
:1076800019D1AE48006800F00700062810D2DFE8E4
:1076900000F0030507090B0D00240BE0042409E0AA
:1076A000082407E0102405E0202403E0402401E042
:1076B000802400BF9EE0A5492868884219D19F48D0
:1076C000006800F00700062810D2DFE800F003058C
:1076D00007090B0D00240BE0042409E0082407E04F
:1076E000102405E0202403E0402401E0802400BFB2
:1076F00080E097492868884220D19048006800F0CF
:107700003800182811D005DC48B1082809D0102805
:1077100011D108E020280AD028280CD109E0012442
:107720000BE0042409E0082407E0102405E02024ED
:1077300003E0402401E0802400BF5BE08549286825
:10774000884219D17D48006800F00700062810D251
:10775000DFE800F0030507090B0D00240BE004240B
:1077600009E0082407E0102405E0202403E0402479
:1077700001E0802400BF3DE077492868884219D1A4
:107780006E48006800F00700062810D2DFE800F01D
:10779000030507090B0D00240BE0042409E008246D
:1077A00007E0102405E0202403E0402401E08024C9
:1077B00000BF1FE05D49286888421AD15F48001D5C
:1077C000006800F00700062810D2DFE800F003058B
:1077D00007090B0D02240BE0042409E0082407E04C
:1077E000102405E0202403E0402401E0802400BFB1
:1077F00000E0802400BF4D49286888427DD1102CCC
:107800001AD006DC022C09D0042C0BD0082C29D16C
:107810000DE0202C21D0402C24D120E0FDF092FB63
:10782000064623E005A8FCF7CDFA069E1EE002A856
:10783000FDF09AFB039E19E0404854380068C0F3FD
:10784000401040B13D4854380068C0F3C10143487E
:1078500020FA01F600E0414E08E0414E06E04FF408
:10786000004603E000260120089000BF00BF002E64
:1078700010D03C49686A31F81000B6FBF0F968682E
:1078800000EB4000484503D868680003484502D231
:107890000120089004E13349686A31F810C062465B
:1078A000002330461946F8F773FD4FF4807C002220
:1078B0000346A3FB0C0B01FB0CB103FB021C696824
:1078C0004908034659184CEB0200CDE90010D5F8E1
:1078D00004C06246002308460199F8F759FD07469F
:1078E000B7F5407F06D3B7F5801F03D22868C7607D
:1078F000D6E002E001200890D2E0E869B0F5004F40
:107900007CD1082C39D005DC5CB1012C2CD0042CA6
:107910004CD12DE0102C35D0202C42D0402C45D11C
:1079200041E0FEF011FA064644E00000000C005869
:10793000F369FFCFFFF4FF110010014054440258D7
:107940000044004000480040004C0040005000400F
:107950000014014000780040007C00400090D003FB
:1079600000093D00E8F61008FCF70AFD064621E094
:1079700005A8FCF727FA069E1CE002A8FDF0F4FA21
:10798000039E17E04C480068C0F3401038B14A48E5
:107990000068C0F3C101494820FA01F600E0474EF3
:1079A00008E0474E06E04FF4004603E000260120C1
:1079B000089000BF00BF06B34249686A31F8100062
:1079C000B6FBF0F04000696800EB5100B0FBF1F04D
:1079D00087B2102F0FD3B7F5803F0CD24FF6F0705F
:1079E00007EA000AC7F342004AEA000A2868C0F81A
:1079F0000CA055E002E00120089051E0082C1AD0BC
:107A000005DC5CB1012C0DD0042C2DD10EE0102C26
:107A100016D0202C23D0402C26D122E0FEF094F961
:107A2000064625E0FCF7ACFC064621E005A8FCF77D
:107A3000C9F9069E1CE002A8FDF096FA039E17E025
:107A40001D480068C0F3401038B11B480068C0F3FF
:107A5000C1011A4820FA01F600E0184E08E0184E5D
:107A600006E04FF4004603E000260120089000BF26
:107A700000BFAEB11349686A31F81000B6FBF0F0F0
:107A8000696800EB5100B0FBF1F087B2102F05D30D
:107A9000B7F5803F02D22868C76001E00120089056
:107AA0000120A5F86A00A5F868000020286768672B
:107AB000089809B0BDE8F08F004402580090D00348
:107AC00000093D00E8F610082DE9F04104460D4696
:107AD00017469846069E4AE0701C002847D0FCF7DF
:107AE00023F8A0EB0800B04200D8C6B920680068AF
:107AF00020F4D070216808602068806820F00100C0
:107B0000216888602020C4F88400C4F8880000BF81
:107B1000002084F8800000BF0320BDE8F0812068C9
:107B2000006800F0040010B32068C069C0F3C020F2
:107B3000E8B14FF40060216808622068006820F412
:107B4000D070216808602068806820F001002168FA
:107B500088602020C4F88400C4F88800C4F88C0031
:107B600000BF002084F8800000BF0320D5E7206814
:107B7000C0692840A84201D1012000E00020B8429D
:107B8000AAD00020C9E7000038B52148C06900F03C
:107B9000200000283AD01E48406AC4B20D2C01D003
:107BA0000A2C26D11B48007800282EDD00200090EA
:107BB00000211948174A127881540120174908708A
:107BC0000020144908701648006888B16A460021F0
:107BD0001348006807F16EFB00BF009838B14FF002
:107BE000805010490860BFF34F8FBFF36F8F00BF05
:107BF0000BE0084800783F2807DA0648017800784B
:107C0000401C044A10700448445400BF38BD0000B2
:107C100000100140FC00002490350024FD000024E9
:107C20000001002404ED00E010B50248FCF7BEFEA0
:107C300010BD0000681D002400BFFEE70FB4084B14
:107C400010B504A902AA039802F106FC044602A991
:107C5000002002F16FFF204610BC5DF814FB00000D
:107C600035AB100803B401984100009850EAC120D8
:107C700018BF04204A0D18BF40F0010040F2FF7207
:107C8000B2EB515F08BF40F00200012808BF052099
:107C900002B0704710B5002804DB0A07130E054A2E
:107CA000135406E00A07140E034A00F00F031B1FCB
:107CB000D45410BD00E400E018ED00E00000000026
:107CC00070B565482DED020B2DED048B059D25F05B
:107CD0000044A04218DC6148844202DC0AD10498C6
:107CE00040B19DED040BBDEC048B02B0BDE87040CB
:107CF00000F073BA002DCCBF9FED590B9FED5A0BCE
:107D0000BDEC048B02B070BD5948A04215DD594846
:107D1000A042D8BF4FF0FF3455DD9DED040B51EC70
:107D2000100BFFF79FFF042808BF02F1C1FA9DED79
:107D3000040BBDEC048B02B070BD9DED040B51EC47
:107D4000100B03F0F3FACDE904014B489FED4C0B07
:107D5000A0421CDD4C48A0420BDD9DED042B00240D
:107D60009FED4B1B12EE010B32EE011B80EE012B3F
:107D700027E09DED041B9DED042B012431EE401BFB
:107D800032EE000B81EE002B8DED042B1BE0424800
:107D9000A0420FDD9DED042B02249FED411B9DEDC4
:107DA000043B32EE412B03EE010B82EE001B8DED06
:107DB000041B08E09DED040B9FED3B1B032481EEAB
:107DC000002B8DED042B9DED040B3948062120EE90
:107DD000009B29EE098BB0EE480B784400F0C5F902
:107DE00020EE099B3348B0EE480B0521784400F0A3
:107DF000BCF920EE080B002C0BDA9DED042B39EEBC
:107E0000001B9DED040BBDEC048B02B002EE410B98
:107E100070BD2948784439EE000B00EBC4009DED9D
:107E2000042B90ED001B254812EE001B9DED040B6A
:107E300031EE400B784400EBC400002D90ED001BA8
:107E400031EE400BB8BFB1EE400BBDEC048B02B07D
:107E500070BD000000000000000010440000F07F32
:107E6000182D4454FB21F93F182D4454FB21F9BF30
:107E70000000DC3F0000203E0000F33F0000000057
:107E8000000000000000F03F0000E63F000000009E
:107E900000000000000000400080034000000000DF
:107EA000000000000000F83F000000000000F0BFEC
:107EB000B27A1000787A1000307A1000F079100051
:107EC00070B55F4E2DED040B2DED028B82B0DDF809
:107ED0001CC0DDE905235C422CF000411C4341EA53
:107EE000D474049D22F00040B44205D86C422C4367
:107EF00040EAD474B4420BD99DED061B9DED040BF2
:107F000002B0BDEC028B04B0BDE8704002F1CCB908
:107F1000ACF14054A4F17F641C430BD0022404EA6A
:107F2000AC7444EAD27405439FED478B9FED482B18
:107F30000DD016E09DED040B51EC100B00F094F900
:107F400041EC100B02B0BDEC028B04B070BD002CF4
:107F500014BF012C9DED040BF4D0022C2ED0032C69
:107F60002FD00B439FED3C1B9FED3D0B0AD0B14240
:107F70001DD1B04209D121F0804120F0804007910D
:107F8000059014E0002ADDDA15E0374B7B44002C25
:107F900008BF93ED000BD5D0012C04BF93ED000B6F
:107FA000B1EE400BCED0022C08D0032C09D0B04249
:107FB0000AD1002AC6DAB0EE410BC3E7B0EE480B97
:107FC000C0E7B0EE420BBDE7401A00153C28C8BF21
:107FD0008DED000B17DCBCF1000FBEBF10F13C0FA4
:107FE0009FED230B8DED000B0DDB9DED041B9DED37
:107FF000062B81EE020B51EC100B03F097F900F009
:1080000033F9CDE90001002C08BF9DED000B99D09C
:10801000012C0CD09DED001B9FED170B022C31EEB7
:10802000400B0CBF38EE400B30EE480B8AE701984E
:1080300080F0004001909DED000B83E70000000000
:108040000000F07F00000000182D4454FB2109407F
:10805000182D4454FB2109C0182D4454FB21F9BFAD
:10806000182D4454FB21F93F6079100000000000F6
:108070000000000000000000075C143326A6A13CAD
:1080800010B529499FED261B2DED020B84B00598F4
:1080900020F000408842D8BF9DED040B2DDD234920
:1080A000884209D1049840B94FF0010002F10CF95F
:1080B00000F096F806B010BD05DB9DED040B30EE28
:1080C000000B06B010BD68469DED040B01F1A0FE4B
:1080D00010F0030004BF9DED021B9DED000B0CD0C2
:1080E00001280ED09DED021B9DED000B022810D043
:1080F000012002F185F806B010BD02F111F806B0BA
:1081000010BD9DED021B9DED000B012002F178F8E2
:1081100001E002F105F806B0B1EE400B10BD000021
:108120000000000000000000FB21E93F0000F07F9C
:1081300010B52DED028BB1EEC08A18EE100A20F0BA
:108140000040C0F1FF40C00F0AD010EE100A20F02E
:108150000040C0F1FF40C00F04BF012002F1B4F89D
:10816000B0EE480ABDEC028B10BD491E00EBC10207
:10817000B0EE401B92ED000B31F006020DD0491E0F
:1081800000EBC102B0EE403B92ED002B31F0060255
:10819000B0EE420B03EE010BF1D1022914D00429F9
:1081A0000AD0062918BF704790ED0A2B00EE012B6C
:1081B00090ED080B02EE010B90ED062B00EE012B6B
:1081C00090ED040B02EE010B90ED022B00EE012B63
:1081D00090ED000B02EE010B704730EE000B704784
:1081E0009FED031B81EE010B7047000000000000B3
:1081F000000000000000000002E008C8121F08C1D3
:10820000002AFAD170477047002001E001C1121F17
:10821000002AFBD170472DE9F041044600251E4697
:108220001746880404D405E039462020B0476D1C69
:10823000641EF9D52846BDE8F0812DE9F0410446D9
:1082400000251E469046C80301D5302700E02027B0
:10825000880404D505E041463846B0476D1C641ECD
:10826000F9D52846BDE8F08110B541EC100BFFF7B9
:1082700027FD51EC100B10BD70B504460D462A4683
:1082800021460448F8F7B5F82946024803F068F893
:10829000002070BD0040043030B5282000F014F8F4
:1082A0000246292000F010F803462A2000F00CF8BE
:1082B00004462B2000F008F80546180640EA024064
:1082C00040EA0520204330BD0146034801800348B1
:1082D0000088C0B270470000000040680000486895
:1082E00010B50321002002F1E1FC0A20FAF024FB82
:1082F0000321002002F1DAFC0A20FAF01DFB8021A4
:10830000FF2002F1D3FC80212D2002F1CFFC2C2193
:10831000012002F1CBFC0021022002F1C7FC0F2159
:10832000FE2002F1C3FC3321052002F1BFFC8021B5
:10833000FF2002F1BBFC00200149087010BD0000C5
:10834000480000242DE9F04FADF6844D4FF00008B1
:1083500000BF4FF0000AF020FFF7B6FFF420FFF750
:10836000B3FF0246F520FFF7AFFF02EB002084B217
:10837000F020FFF7A9FF0646012E69D1F2203C4903
:1083800008803C48B0F800900588B5F5C06F01DD65
:108390004FF0010A09F4804020B1B5F5FA7F01DD04
:1083A0004FF0010A281D204484B205F0010008B1F5
:1083B000601C84B2B4F5804F02DBA4F5505084B247
:1083C000BAF1010F08D1210AF52002F16FFCE1B2E8
:1083D000F42002F16BFC45E0681C4FEA600B0027BB
:1083E00006E02448008801A921F81700781C87B20C
:1083F0005F45F6DB281F204908800846028801A94E
:108400001E48F7F7F6FF08F1010000F0FF08F4201E
:10841000FFF75AFF0246F520FFF756FF02EB002058
:10842000A04207D0210AF52002F140FCE1B2F4207D
:1084300002F13CFC210AF52002F138FCE1B2F42003
:1084400002F134FC0C4800880DF6844DBDE8F08F35
:1084500026B93F21FE2002F129FC01E0FFF740FF91
:108460000020F1E7B8F1010FFFF673AF0020EBE752
:1084700000004068000048684A0000247811002489
:1084800010B500224FF400712F48FBF741FB142078
:10849000F9F71AFF012251022B48FBF739FB642040
:1084A000F9F712FF01211E2002F100FC00211F201C
:1084B00002F1FCFB1420F9F707FF0321002002F171
:1084C000F5FB00BF0120F9F7FFFE0020FFF7FCFEDF
:1084D00000F001000028F5D10021084602F1E6FB7A
:1084E0000321002002F1E2FB00BF0120F9F7ECFEBE
:1084F0000020FFF7E9FE00F001000028F5D100217F
:10850000084602F1D3FB8021FF2002F1CFFB80213E
:108510002D2002F1CBFB2C21012002F1C7FB002111
:10852000022002F1C3FB0F21FE2002F1BFFB332129
:10853000052002F1BBFB8021FF2002F1B7FB0020E8
:108540000249087010BD00000008025848000024CD
:108550002DE9FF4704460D4616461F46DDE90D9AF4
:10856000DDF8308033462A46214604488DE88007EE
:1085700000F00FFA04B0BDE8F087000040010024CD
:1085800010B5044640F2CE512046F7F071FD10BD03
:1085900010B504462146024803F11CF910BD000045
:1085A0004001002410B504460021204602F128FCB9
:1085B00010BD000010B5024800F0B2FC10BD000074
:1085C0004001002470B505460E46002400BF641C1F
:1085D00004EB840000EBC400214951F82000401C4A
:1085E000002816D004EB840000EBC40001EB8000EF
:1085F000436804EB840000EBC40051F820202146BE
:1086000018A001F15FFB33462A46214622A001F162
:1086100059FB04EB840000EBC400114951F8200021
:10862000401C80B104EB840000EBC40051F8200032
:10863000A842CCD104EB840000EBC40001EB800025
:108640004068B042C3D104EB840000EBC40004498D
:1086500051F82000401C00B90024204670BD0000E5
:108660008CF71008736C61766520256420277320D1
:10867000636F6E6669676572206D616E3D30782547
:10868000782C20636F6E66696765722069643D307F
:108690007825780A00000000736C617665202564F7
:1086A0002027732074727565206D616E3D307825CA
:1086B000782C20747275652069643D307825780ABD
:1086C0000000000070B504460D462A4621460248C7
:1086D00002F0F5F870BD00004001002410B5002044
:1086E00002F1DCFB10BD000010B504462146024833
:1086F00006F190F910BD0000400100242DE9FF5F54
:1087000005460F4690461E46DDE90E9B284604F1BD
:10871000EDFCC4B240F2F72014FB00F046F26C52BC
:108720002A4402EB4001234607222846CDE902698C
:10873000CDE9007802F005FC5A462146284602F0B1
:1087400022FD8246BAF1000F0CDD40F2F7206043B3
:1087500005F1180202EB400000F10C0132464846D8
:10876000F7F747FE00222146284605F13FFD504617
:1087700004B0BDE8F09F2DE9FF5F05460E461746A1
:108780009846DDE90E9A284604F1B0FCC4B240F2E6
:10879000F72014FB00F046F26C522A4402EB400131
:1087A0002346082228468DE8C00302F0CAFB524641
:1087B0002146284602F0E7FC83460022214628464F
:1087C00005F114FD584604B0BDE8F09F2DE9F04FC7
:1087D000C5B08346884691461E46DBF80070384691
:1087E00004F184FCC5B2002404EB440006EB400015
:1087F00006224FF4987339F81410CDE90132009134
:10880000039040F2F72015FB00F046F26C523A4418
:1088100002EB40012B460422384602F092FB0C206A
:1088200005A941F824001EE004EB440006EB4000DB
:1088300006224FF4987339F81410CDE902320191F1
:1088400004900120009040F2F720684346F26C52F9
:108850003A4402EB40012B460422384602F16AFFFB
:1088600005A941F82400601C0446A8F101018842D2
:10887000DADB44451EDA04EB440006EB4000062236
:108880004FF4987339F81410CDE902320191049035
:108890000020009040F2F720684346F26C523A44C0
:1088A00002EB40012B460422384602F143FF05A9A2
:1088B00041F82400294638464E9A02F064FC82466C
:1088C000BAF1000F17DB002413E040F2F7206843F1
:1088D00007F1180101EB400005A951F824100844E4
:1088E00004EB440106EB410102680A60808888803D
:1088F000641C4445E9DB00222946384605F176FC34
:10890000504645B0BDE8F08FFEB505460E46174609
:108910001C460020029002A802233A463146CDE9C7
:108920000004284602F18EFBBDF80800FEBDFFB52D
:1089300083B004460D4616460C9F06A80223324615
:108940002946CDE90007204602F1B9FB07B0F0BD8A
:108950002DE9FF4104460D4616461F46DDF82880E6
:1089600000200090019002900390ADF80250ADF805
:1089700004608DF806700120E16A087000208DF80F
:108980000700CDF808806946204605F16FF8BDE87C
:10899000FF812DE9FF4FADF6BC3D81468B46DDF8EA
:1089A000F47B0DF5BC60FFF7EBFD00230DF5BC6219
:1089B0005946484601F0F0FA804604A8FFF7E0FD6A
:1089C0000DF5BC6404AD0A20288000206880287161
:1089D0000BEBCB0202EB8B12D9F8041001EB8201F6
:1089E00091F8CA0002F144FA039003980BEBCB0212
:1089F00002EB8B12D9F8041001EB820181F8CA0056
:108A00000321039801EB001068714FF40050E880D7
:108A1000DDF8F00B10B15020287201E040202872E0
:108A2000DDF8C40BA5F80900DDF8F00B30B1DDF876
:108A3000C80B012802DD0120CDF8C80BDDF8C80BFA
:108A4000E8720020E86044F6206304AA59464846CC
:108A500004F157FF8046B8F1000F3BDD0DF5BC6017
:108A6000FFF78EFD0DF5BC6259464846DDF8FC3B2C
:108A700001F092FA8046B8F1000FEEDD607900F067
:108A80000F0003287DD1E0880321B1EB203FF9D10D
:108A9000B4F80900B5F809108842F3D1207A00F043
:108AA0000200002823DD207AC0F38100C0F1040019
:108AB000CDF8B80B3968DDF8B80B81420BDB04F157
:108AC0000C01DDF8B82BDDF8F80BF7F792FCDDF8B8
:108AD000B80B386009E14FF00008032000905946B8
:108AE00048460DF6C4320CCA01F0C2FBFDE0D4F8D2
:108AF0000CA0386850457EDBDDF8F80BCDF8B40BE0
:108B0000DDF8F80BCDF8B00B20880A3886B2564550
:108B100072DA324604F11001DDF8B00BF7F769FCA8
:108B2000DDF8B00B3044CDF8B00B3E600120019071
:108B300000200290A6E004AD0A2028800020688072
:108B400028710BEBCB0202EB8B12D9F8041001EB6E
:108B5000820191F8CA0002F18BF9039003980BEBA4
:108B6000CB0202EB8B12D9F8041001EB820181F8E1
:108B7000CA000321039801EB001068714FF4005004
:108B800000E09AE0E880029860302872DDF8C40BBB
:108B9000A5F80900DDF8C80BE8720020E86044F68B
:108BA000206304AA5946484604F1ABFE8046B8F15A
:108BB000000F63DD0DF5BC60FFF7E2FC0DF5BC6254
:108BC00059464846DDF8FC3B01F0E6F98046B8F12D
:108BD000000F53DD607900F00F00032834D1E088E6
:108BE0000321B1EB203F2FD1207A00F0E00058BBE9
:108BF0002088C01E01E054E049E086B2207A00F0EF
:108C00000100002810DD00200190072E04D1207AF9
:108C1000C0F34200301A86B2324604F10901DDF891
:108C2000B00BF7F7E6FB0BE0324604F10901DDF883
:108C3000B00BF7F7DEFBDDF8B00B3044CDF8B00B2E
:108C400038683044386019E000200190207A80288C
:108C500009D1E0680090594648460DF6C4320CCA66
:108C6000FFF776FE08E001200090594648460DF6D1
:108C7000C4320CCA01F0FCFA4FF00008029880F0F0
:108C800010000290019800287FF455AF2DE0524665
:108C900004F11001DDF8B40BF7F7ABFBC7F800A047
:108CA00023E04FF0000803200090594648460DF697
:108CB000C4320CCA01F0DCFA17E0207A802809D10E
:108CC000E0680090594648460DF6C4320CCAFFF7DA
:108CD0003FFE08E001200090594648460DF6C43298
:108CE0000CCA01F0C5FA4FF0000840460DF6CC3D25
:108CF000BDE8F08F2DE9FF4107460C4615461E469C
:108D000000200090019002900390ADF80240ADF871
:108D100004508DF806000120F96A087008208DF8CB
:108D20000700ADF808606946384604F19FFEBDE8CB
:108D3000FF8100002DE9F04106460F4607EBC70111
:108D400001EB8711706800EB8104D4E90201FFF7A1
:108D500039FC0546A4F8F650002D79D005EB8500C6
:108D600000EBC500604901EB8000407FE08205EB2D
:108D7000850000EBC5000A4602EB800000F1080107
:108D800004F58670F7F747FB05EB850000EBC5009F
:108D9000554901EB8000C08BE08405EB850000EBBA
:108DA000C50001EB8000008C2083208B10B10120D6
:108DB00084F8BC00E08C10B1022084F8BD0005EB03
:108DC000850000EBC500484901EB800090F83010A9
:108DD0008820015505EB850000EBC500424901EBF9
:108DE000800090F8311084F8981005EB850000EBB6
:108DF000C5003D4901EB8000418C44200153025BDA
:108E000039463AA000F15EFF05EB850000EBC50096
:108E1000354901EB8000416AA164208BC8B1442030
:108E2000005BB0B94FF47060A086218BC81DC117DC
:108E300000EB5171C910E1863249A16301218820FC
:108E40000155022187200155032084F874000BE0AE
:108E500047E0218BC81DC11700EB5171CA10A4F85F
:108E6000462003217620015505EB850000EBC50067
:108E70001D4901EB8000018D4C200153025B3946F6
:108E800021A000F11FFF05EB850000EBC50016498E
:108E900001EB8000C16A2165E08CB8B14C20005B19
:108EA000A0B94FF48051A187E18CC81DC11700EB18
:108EB0005171CA10E28700212164012184F89810C1
:108EC00084F897100421752001550AE0E18CC81D33
:108ED000C11700EB5171CA10A4F84E20042177206D
:108EE00001552846BDE8F0818CF71008736C617657
:108EF0006520256420277320534D32613D3078254D
:108F0000780A000044000100736C617665202564D6
:108F100020277320534D33613D307825780A0000B7
:108F20002DE9F04F91B0044600200D908046616815
:108F300081F8CB00216908750C904FF4FA600CA9F8
:108F4000CDE9001004234FF4106200212068FFF7E0
:108F500012FC0125DEE205EBC50101EB851160681D
:108F600000EB810090F8CE0005EBC50202EB851204
:108F7000616801EB820181F8CF0005EBC50101EBCF
:108F80008511606800EB810090F8CB0000287CD050
:108F9000606890F8CB00B0B90120616881F8CB001F
:108FA0006068A0F8E850002005EBC50202EB8512CE
:108FB000616801EB8201A1F8EA00012021690875CE
:108FC0002069C58211E008EBC80101EB88116068D7
:108FD00000EB8100A0F8E85005EBC50101EB85111D
:108FE000606800EB8100A0F8EA8000200D90A846A0
:108FF00005EBC50101EB8511606800EB81008088FD
:109000000F904FF4FA600CA9CDE9001004234FF43F
:10901000106220680F9902F115F80C9805EBC50253
:1090200002EB8512616801EB8201C1F8D4004FF4B4
:10903000FA6008A9CDE90010082340F6181220684C
:109040000F9901F1FFFF0022DDE90810494262EBB0
:109050000000CDE908104FF4FA6008A9CDE900102E
:1090600008234FF4126220680F9902F128F84FF498
:10907000FA600CA9CDE90010042340F60412206820
:109080000F9901F1DFFF0C9800E0F0E105EBC5025C
:1090900002EB8512616801EB8201C1F8D8004FF440
:1090A000FA600CA9CDE90010042340F608122068EC
:1090B0000F9901F1C7FF0C9805EBC50202EB851271
:1090C000616801EB8201C1F8DC004FF4FA600CA981
:1090D000CDE90010042340F60C1220680F9901F12D
:1090E000B1FF80B210900C9805EBC50202EB85121F
:1090F000616801EB8201C1F8E000002705EBC501C2
:1091000001EB8511606800EB810090F8CE0000F063
:10911000010080B1002007A9C85505EBC50101EB8E
:109120008511606800EB8100D0F8D40003A941F8F4
:109130002700781C47B205EBC50101EB851160687B
:1091400000EB810090F8CE0000F0080080B1032011
:1091500007A9C85505EBC50101EB8511606800EB57
:109160008100D0F8E00003A941F82700781C47B23D
:1091700005EBC50101EB8511606800EB810090F8FB
:10918000CE0000F0020080B1012007A9C85505EB10
:10919000C50101EB8511606800EB8100D0F8D800B3
:1091A00003A941F82700781C47B205EBC50101EB84
:1091B0008511606800EB810090F8CE0000F004009B
:1091C00080B1022007A9C85505EBC50101EB851147
:1091D000606800EB8100D0F8DC0003A941F82700AB
:1091E000781C47B24FF00009012F07DD03A951F8A1
:1091F00029100498884201DA4FF00109022F07DD97
:1092000003A951F829100598884201DA4FF00209A4
:10921000032F07DD03A951F829100698884201DAC7
:109220004FF0030907A810F8099005EBC50101EB01
:109230008511606800EB810080F8D39005EBC501D3
:1092400001EB8511606800EB810090F8CF000121EF
:1092500001FA09F1884305EBC50202EB851261684A
:1092600001EB820181F8CF002E4600BF0E9606EB7F
:10927000C60101EB8611606800EB8100B0F8D06098
:1092800056B106EBC60101EB8611606800EB810068
:1092900090F8CB000028E9D0002E7CDD3146204636
:1092A00001F007F805EBC50202EB8512616801EBDE
:1092B000820181F8D20006EBC60101EB86116068DD
:1092C00000EB810090F8CD00012811D106EBC6011A
:1092D00001EB8611606800EB810090F8D30005EB8C
:1092E000C50202EB8512616801EB820181F8D200B0
:1092F0004FF0000A00200B9005EBC50101EB851132
:10930000606800EB810090F8D2203146204604F1DD
:1093100066FB834605EBC50101EB8511606800EB38
:10932000810090F8D2203146204600F0F4FF02463A
:1093300031460290204604F152FBABEB00000A904C
:1093400005EBC50101EB8511606800EB810090F829
:10935000CD00012824DD05EBC50101EB8511606816
:1093600000EB810090F8D3202946204600F0D3FF7F
:10937000024629460290204604F131FB834605EB64
:10938000C50101EB8511606800EB810090F8D320E6
:109390002946204600E0BBE004F121FBABEB000ACC
:1093A0000A98824501DDCAF1000A0E98801B012847
:1093B00023DD05EBC50101EB8511606800EB810041
:1093C00090F8D2203146204600F0A5FF02463146F3
:1093D0000290204604F103FB834606EBC60101EB35
:1093E0008611606800EB810090F8D320314620465A
:1093F00004F1F5FAABEB00000B900B98002802DAB1
:109400000B9840420B900A99A1EB0A0000EBD07137
:109410004A100B99114406EBC60303EB86136268EE
:1094200002EB8302D2F8E420114405EBC50303EB01
:109430008513626802EB8302C2F8E41005EBC501F4
:1094400001EB8511606800EB8100D0F8E4000C901E
:109450004FF4FA600CA9CDE90010042340F628125D
:1094600020680F9901F12BFE80B2109050E000218E
:1094700005EBC50202EB8512606800EB8200C0F8C4
:10948000D41005EBC50202EB8512606800EB820088
:10949000C0F8D810002005EBC50202EB8512616808
:1094A00001EB8201C1F8DC00002105EBC50202EBF3
:1094B0008512606800EB8200C0F8E01005EBC50182
:1094C00001EB8511606800EB8100B0F8D060002EE0
:1094D0000BDD06EBC60101EB8611606800EB810035
:1094E00090F8CD00022800DD0D960D9880B105EBB7
:1094F000C50101EB8511606800EB810090F8CD009B
:10950000012805D120460D9900F0D3FE00200D90D2
:10951000681C85B2A0680068A842BFF61CAD6068F0
:1095200090F8CB0011B0BDE8F08F00002DE9F04FAE
:109530008BB00546894692461C46149E09EBC9012C
:1095400001EB8911686800EB8100B0F804B00020DD
:1095500009904FF4FA6009A9CDE90010012340F603
:1095600081125946286801F1AAFD80B20890BAF12B
:10957000000F01D00320099000200A904FF4FA60F8
:109580000AA9CDE9001001234FF418625946286852
:1095900001F195FD80B208904FF4FA6004A9CDE97D
:1095A000001008234FF411625946286801F14AFD62
:1095B00080B20890DDE90401CDE90401C4B12B4A71
:1095C000DDE904309F1840F10001224600233846AF
:1095D000F6F016FD0023A0FB042701FB047100FB3D
:1095E00003101219584192195841CDE906200AE09A
:1095F0001E4BDDE90420D21840F10000921940F121
:109600000000CDE90620DDE90601CDE906014FF4B1
:10961000FA6006A9CDE9001008234FF419625946F3
:10962000286801F14CFD80B2089003944FF4FA6071
:1096300003A9CDE9001004234FF41A6259462868A3
:1096400001F13DFD80B208904FF4FA6009A9CDE91F
:109650000010012340F681125946286801F12FFDC0
:1096600080B208900BB0BDE8F08F000000E1F50576
:109670007FB504464FF0FF350020039041F2707033
:1096800003A9CDE90010012340F203120021206854
:10969000FFF771F81120039041F2707003A9CDE932
:1096A000001001234FF4907200212068FFF763F847
:1096B00041F2707003A9CDE9001001234FF49072BC
:1096C00000212068FFF757F844F6206002A9CDE991
:1096D00000100223002211462068FFF70FF805460C
:1096E000002D0DDD0A2D02DAA068056008E00A22CF
:1096F0002946044800F1E6FA6FF0030004B070BD9B
:109700002846FBE734FA10082DE9FE4304460D46CF
:109710000126002705EBC50101EB8511606800EB10
:10972000810090F8FB0000283FD005EBC50101EB5C
:109730008511606800EB8100B0F80480022002907F
:1097400000BF4FF4FA6002A9CDE9001001234FF4E5
:10975000A0624146206801F1B2FC0646002E03DCFF
:1097600038467F1C0328ECDB00200290002700BF56
:109770004FF4FA6002A9CDE9001001234FF4A06272
:109780004146206801F19BFC0646002E03DC38466A
:109790007F1C0328ECDB002005EBC50202EB8512E1
:1097A000616801EB820181F8FB003046BDE8FE8371
:1097B0002DE9FE4304460D4601264FF0000805EB57
:1097C000C50101EB8511606800EB810090F8FB009A
:1097D00040BB05EBC50101EB8511606800EB810022
:1097E00087880120029000BF4FF4FA6002A9CDE9FA
:1097F000001001234FF4A0623946206801F15FFC9C
:109800000646002E04DC404608F101080328EBDB85
:10981000012005EBC50202EB8512616801EB8201B4
:1098200081F8FB003046BDE8FE8310B504460021F8
:10983000206804F1EEFC10BD70B504460020A1685C
:1098400008604FF49273E26802FB03F16068F6F07F
:109850000FFC4FF49473626902FB03F12069F6F088
:1098600007FC4FF480520021204604F10CFF002534
:1098700008E0280405EB850202EB4512216941F856
:1098800032006D1C6069A842F3DC70BDF0B585B094
:1098900004460D46206800F54040C0F8885A002173
:1098A000206804F1B6FC0121206804F1B2FC0646F0
:1098B0004CF28C412068471811480088000A104972
:1098C000097840EA012038810020049004A8022190
:1098D00000220092CDE9012103904CF28C432268D2
:1098E000D11810460023072201F02BFB1E2120680F
:1098F00000F54040C0F87C1A304605B0F0BD0000CD
:10990000C4F600082DE9F04704460E4690469946F5
:10991000012E7DDDA06800680028FADD012500E049
:109920006D1C05EBC50101EB8511606800EB810042
:10993000806806EBC60202EB8612616801EB8201C9
:109940008968884223D105EBC50101EB8511606868
:1099500000EB8100C06806EBC60202EB861261686C
:1099600001EB8201C968884211D105EBC50101EB09
:109970008511606800EB8100006906EBC60202EB0E
:109980008612616801EB82010969884201D0B54203
:10999000C6DBB5425EDA002728E005EBC50101EB26
:1099A0008511606800EB8100343000EBC70041880E
:1099B00006EBC60202EB8612606800EB82003430D0
:1099C00000EBC700418005EBC50101EB8511606824
:1099D00000EB81007430C15D06EBC60202EB86121B
:1099E000606800EB82007430C1557F1C082FD4DB07
:1099F00005EBC50101EB8511606800EB8100008B70
:109A0000C8F8000005EBC50101EB8511606800E0B6
:109A100020E000EB8100C08CC9F80000B8F800001D
:109A200006EBC60202EB8612616801EB8201088335
:109A3000B9F8000006EBC60202EB8612616801EB82
:109A40008201C8842A46314603A000F13BF9012077
:109A5000BDE8F0870020FBE7436F7079206D6170EF
:109A600070696E6720736C6176652025642066726C
:109A70006F6D2025642E0A002DE9F04104460D4645
:109A8000012D7CDDA06800680028FADD012600E0D9
:109A9000761C06EBC60101EB8611606800EB8100C5
:109AA000806805EBC50202EB8512616801EB82015B
:109AB0008968884223D106EBC60101EB86116068F4
:109AC00000EB8100C06805EBC50202EB85126168FE
:109AD00001EB8201C968884211D106EBC60101EB96
:109AE0008611606800EB8100006905EBC50202EB9E
:109AF0008512616801EB82010969884201D0AE429A
:109B0000C6DBAE423BDA06EBC60101EB86116068AC
:109B100000EB810090F8FC0005EBC50202EB85121A
:109B2000616801EB820181F8FC0006EBC60101EBE4
:109B30008611606800EB810090F8FD0005EBC5021E
:109B400002EB8512616801EB820181F8FD0006EBF2
:109B5000C60101EB8611606800EB810090F8FE0001
:109B600005EBC50202EB8512616801EB820181F809
:109B7000FE0006EBC60101EB8611606800E0F5E02F
:109B800000EB810090F8FF0005EBC50202EB8512A7
:109B9000616801EB820181F8FF0006EBC60101EB71
:109BA0008611606800EB810090F80201002810DD4A
:109BB000012005EBC50202EB8512616801EB820111
:109BC00081F80201606890F80201401C616881F828
:109BD000020106EBC60101EB8611606800EB810013
:109BE000B0F8000105EBC50202EB8512616801EBDC
:109BF0008201A1F8000105EBC50101EB8511606848
:109C000000EB8100B0F800016168B1F80011084470
:109C100000B26168A1F8000106EBC60303EB8613EE
:109C2000626802EB830202F5867105EBC50303EB64
:109C30008513626802EB830202F586701522F6F73F
:109C4000D8FB002740E006EBC60101EB86116068F7
:109C500000EB8100343030F8371005EBC50202EB21
:109C60008512606800EB8200343020F8371006EB74
:109C7000C60101EB8611606800EB8100343000EB17
:109C8000C700418805EBC50202EB8512606800EB56
:109C90008200343000EBC700418006EBC60101EBC7
:109CA0008611606800EB8100343000EBC70041682A
:109CB00005EBC50202EB8512606800EB82003430D0
:109CC00000EBC70041607F1C082FBCDB06EBC60120
:109CD00001EB8611606800EB810090F8BC0005EB99
:109CE000C50202EB8512616801EB820181F8BC00BC
:109CF00006EBC60101EB8611606800EB810090F86D
:109D0000BD0005EBC50202EB8512616801EB820123
:109D100081F8BD0006EBC60101EB8611606800EB1F
:109D2000810090F8BE0005EBC50202EB8512616868
:109D300001EB820181F8BE0006EBC60101EB861142
:109D4000606800EB810090F8BF0005EBC50202EBF4
:109D50008512616801EB820181F8BF003246294615
:109D600003A0FFF0AFFF0120BDE8F0810020FBE77A
:109D7000436F70792053494920736C6176652025C3
:109D8000642066726F6D2025642E0A0070B5ADF5F3
:109D9000426D05460E4606EBC60101EB861168686A
:109DA00000EB8100008BCDF8180C06EBC60101EB2F
:109DB0008611686800EB8100C08CCDF81C0CDDF8C2
:109DC0001C0C48B9DDF8180C30B90DF61C431A1FED
:109DD00031462846FFF796FDDDF81C0C00287CD1A3
:109DE000DDF8180C0028FAD140F618416846F6F064
:109DF0003FF900236A463146284601F0D1F8CDF8F4
:109E00001C0C51A0DDF81C1CFFF05CFF00242CE0B2
:109E10000DF6064030F81400002825DD0DF6064149
:109E200031F81410C81DC11700EB5171C91006EBB1
:109E3000C60303EB86136A6802EB8302343202EB3B
:109E4000C4025180042106EBC60202EB8612686848
:109E500000EB8200743001550DF6064030F81420F6
:109E600021463DA0FFF02EFF641C082CD0DB01230F
:109E70006A463146284601F093F8CDF8180C3BA00D
:109E8000DDF8181CFFF01EFF00242EE00DF6064042
:109E900030F81400002827DD0DF6064131F81410C3
:109EA000C81DC11700EB5171C91006EBC60303EBC7
:109EB00086136A6802EB8302343202EBC4025180DB
:109EC000032106EBC60202EB8612686800EB8200F3
:109ED000743001550DF6064000E008E030F814201B
:109EE00021461DA0FFF0EEFE641C082CCEDBDDF841
:109EF000180C06EBC60202EB8612696801EB8201C0
:109F00000883DDF81C0C06EBC60202EB86126968BA
:109F100001EB8201C88406EBC60202EB8612686878
:109F200000EB8200038B06EBC60202EB8612686828
:109F300000EB8200C18C11A0DDF81C2CFFF0C2FEEA
:109F400001200DF5426D70BD202053494920497311
:109F5000697A653A25640A0020202020534D256443
:109F6000206C656E6774682025640A0020205349C0
:109F700049204F73697A653A25640A002020202021
:109F8000204953495A453A2564202564204F5349B6
:109F90005A453A25640A00002DE9F04F8DB0044679
:109FA000894615461E46002709EBC90101EB8911B8
:109FB000606800EB810080880B9009EBC90101EB20
:109FC0008911606800EB8100B0F8C4A0BAF1000FFD
:109FD0007DDD40F2CE50824579DC00F15BFE0390DE
:109FE00000BF00BF002009904FF4FA6009A9CDE935
:109FF0000010022340F60D0220680B9901F122F8AF
:10A000000746BDF824000990BDF8240000F00800C0
:10A0100020B9C82E02DDC820F8F08EFC002F04DD28
:10A02000BDF8240000F0080028B900F133FE0399C0
:10A03000401AB042D6D3002F7DDDBDF8240000F0D9
:10A0400008000028F8DD09EBC90101EB89116068FF
:10A0500000EB8100B0F8C6000C90AB4600F11AFE90
:10A06000069000BF4FF4FA60CDE9005053462068D7
:10A07000DDE90B1200F1E6FF0746002F0DDD9BF82E
:10A08000050000F00F0040B90795079D2A89494651
:10A09000204603F11DFC002791E0002F22DD9BF8F4
:10A0A000050000F00F0003281CD1A8464546B8F86B
:10A0B00006000121B1EB203F13D1B8F80E00B8F82B
:10A0C0000C1098F80B20CDE90021029000E07FE011
:10A0D00098F80A30B8F808204946204603F188FB72
:10A0E00000276CE0002F6ADCBDF8240080F40070CB
:10A0F0000990BDF8240009904FF4FA6009A9CDE950
:10A100000010022340F60D0220680B9900F1D7FFE2
:10A110000A90BDF82400099000F1BCFD049000BF36
:10A120004FF4FA6008A9CDE90010012340F60F02B0
:10A1300020680B9900E04CE000F184FF0A900A9837
:10A1400000280ADD9DF8200000F00200BDF8241070
:10A15000022202EA2121884205D000F19BFD0499E8
:10A16000401AB042DCD300F195FD059000BF4FF4DA
:10A17000FA6009A9CDE90010022340F60D0220681B
:10A180000B9900F15FFF0A90BDF824000990BDF81B
:10A19000240000F0080020B9C82E02DDC820F8F025
:10A1A000CBFB0A98002804DDBDF8240000F008006D
:10A1B00028B900F16FFD0599401AB042D7D3002F9E
:10A1C00008DC00F167FD0699401AB042FFF44AAF7F
:10A1D00000E0002738460DB0BDE8F08F2DE9F041D2
:10A1E00004460D4640F2F720684346F26C51214484
:10A1F00001EB40061C484088000A1B49897840EA68
:10A200000120308100222946204603F1BAFB804616
:10A210004CF68420005920B300BF4CF28C402044FF
:10A2200000F10E07FD7040F2F720684346F26C51D2
:10A23000214401EB40060D484088000A0B4989780B
:10A2400040EA0120308101222946204603F199FB92
:10A2500002214CF68820005945F6F862104440F877
:10A2600025104046BDE8F081BEF60008C4F600089F
:10A270002DE9FF4104460D4616461F46DDF82880AD
:10A2800000200090019002900390ADF80250ADF8CC
:10A2900004608DF806700120E16A087003208DF8D3
:10A2A0000700ADF808806946204603F1DFFBBDE8F2
:10A2B000FF8130B502460B46002003EBC30505EBDA
:10A2C0008315546804EB850494F8CF1001F008045A
:10A2D0001CB1032001F0F70113E001F002041CB1EE
:10A2E000012001F0FD010CE001F004041CB102208A
:10A2F00001F0FB0105E001F0010414B1002001F0C0
:10A30000FE0103EBC30505EB8315546804EB8504DC
:10A3100084F8CF1030BD70B503460C46104604EBF0
:10A32000C40606EB84165D6805EB860595F8CE102D
:10A3300032B1012A13D0022A20D0032A3CD12CE0CA
:10A3400001F004050DB1022008E001F002050DB195
:10A35000012003E001F0040505B103202CE001F029
:10A3600008050DB1032008E001F001050DB1002042
:10A3700003E001F0040505B102201DE001F0020533
:10A380000DB1012008E001F008050DB1032003E044
:10A3900001F0010505B100200EE001F001050DB14D
:10A3A000002008E001F004050DB1022003E001F0F7
:10A3B000020505B1012000BF00BF70BD2DE9F04FBF
:10A3C000A9B082468B4614461D460020289028607E
:10A3D0002060002698E084202790534806A927AAE9
:10A3E0001823CDE90032CDE90210F2B240235946DC
:10A3F000504601F18CF88046B8F1000F37DD2799FF
:10A40000042934DBBDF8180000EBD0714910B1F11C
:10A4100000092CDDB9F1400F29DC10202060002755
:10A4200023E004202790404905AA27AB07A830F86D
:10A430001700CDE9013203910090F2B2042359468E
:10A44000504601F164F88046B8F1000F0BDD059825
:10A45000C0F3804038B921680598C0F30142082054
:10A46000904008442060781C87B24F45D9DB842097
:10A4700027902D4806A927AA1023CDE90032CDE95F
:10A480000210F2B240235946504601F140F880468E
:10A49000B8F1000F37DD2799042934DBBDF8180027
:10A4A00000EBD0714910B1F100092CDDB9F1400F7A
:10A4B00029DC10202860002723E0042027901A4977
:10A4C00005AA27AB07A830F81700CDE901320391A0
:10A4D0000090F2B204235946504601F118F8804624
:10A4E000B8F1000F0BDD0598C0F3804038B929683A
:10A4F0000598C0F301420820904008442860781C69
:10A5000087B24F45D9DB761C082EFFF664AF28686A
:10A51000002802DC2068002801DD0120289028980E
:10A5200029B0BDE8F08F000060AE0A002DE9F74FBA
:10A5300088B08246002702200590002007903D4801
:10A5400007A905AA0023CDE90032CDE90210504643
:10A55000DDE90912FEF71DFA8346BDF81C000790DD
:10A56000BBF1000F61DDBDF81C0000285DDDBDF80A
:10A570001C8000BF012456E00220059000200790B7
:10A580002C4807A905AA0023CDE90032CDE9021025
:10A59000E3B25046DDE90912FEF7FBF98346BDF848
:10A5A0001C60002E3DDD0120059000200690214812
:10A5B00006A905AA0023CDE90032CDE902103246F2
:10A5C00050460999FEF7E5F983469DF81890012554
:10A5D00025E00420059000200490164804A905AA4F
:10A5E0000023CDE90032CDE90210EBB232465046ED
:10A5F0000999FEF7CEF98346049804900498C0B2F6
:10A60000FF2803DA0498C0B2074406E00220059050
:10A61000FF200790BDF81C000744681C85B24D451B
:10A62000D7DD601C84B24445A6DD38460BB0BDE8DA
:10A63000F08F000060AE0A002DE9F74F86B00446A7
:10A640008B464FF0000A40F2022004900020E16B9C
:10A650000870274904AA0123E06BCDE90032CDE957
:10A660000201002359462046089AFEF792F9059008
:10A670000598002838DDE06B0078002834DDE06BB9
:10A6800090F8008000BF01252CE0E06B801C691E63
:10A6900030F81170002F23DD40F2044004900020B8
:10A6A000216C0870124904AA0123206CCDE9003204
:10A6B000CDE9020100233A4659462046FEF769F9E2
:10A6C0000590206C90F80090012607E0206C001D9A
:10A6D000711E10F821008244701C86B24E45F5DDD3
:10A6E000681C85B24545D0DD504609B0BDE8F08F05
:10A6F00060AE0A002DE9F04F89B004460F4690463F
:10A70000994600200690C9F80000C8F8000005909E
:10A710000A2007900020A16B08704E4907AA012368
:10A72000A06BCDE90032CDE9020100234FF4E052E5
:10A7300039462046FEF72DF90890089800287ADD62
:10A74000A06B0078022876DDA06B0078401E00F038
:10A75000FF0BBBF1080F09DD4FF0080B0A200023A7
:10A760001A46394600902046FFF782FD022560E038
:10A77000A06B801C465D022D03D1022E01D1012069
:10A78000059016B105983044C6B207EBC70101EB3E
:10A790008711606800EB810074304655BEB907EB45
:10A7A000C70101EB8711606800EB8100343000EBDA
:10A7B000C500406820F4803107EBC70202EB871226
:10A7C000606800EB8200343000EBC5004160032E6E
:10A7D00001D0042E2BD141F610402A1839462046CC
:10A7E000FFF72AFF8246BAF1000F20D00C2107EBB9
:10A7F000C70202EB8712606800EB8200A0F84610E7
:10A8000007EBC70202EB8712606800EB8200A0F83A
:10A810004E10032E06D1D8F800005044C8F80000AE
:10A8200005E008E0D9F800005044C9F80000681CB1
:10A83000C5B25D459CDDD9F80000002803DCD8F8DE
:10A840000000002801DD01200690069809B0BDE84F
:10A85000F08F000060AE0A002DE9FF4704460E4667
:10A8600017464FF0000906EBC60101EB8611606840
:10A8700000EB8100B0F804800020029003903B467A
:10A8800003AA4146204602F1F5FBA0B100BF4FF4F8
:10A89000FA6002A9CDE9001004234FF4A1624146F9
:10A8A000206800F1CFFB0546002D04DC484609F185
:10A8B00001090328EBDB029804B0BDE8F0872DE91D
:10A8C000FE4F04468A4693464FF00008002002904F
:10A8D00081460AEB8A0101EB4A11206900EBC100B5
:10A8E000007D08B14FF00109204603F1AEF806469D
:10A8F000AAE0A06A801C855DA26A921C915D5A46FE
:10A90000206800F0D8FC0746002F49DB206818308B
:10A9100040F2F721694300EB410080780A2809D012
:10A920002068183040F2F721694300EB410080783D
:10A930000C284CD1B9F1000F33D02368183340F202
:10A94000F72C05FB0CFC03EB4C0303F10C01A36A91
:10A95000143353F82600628EF5F74BFD206818304B
:10A9600040F2F721694300EB4101608E0C3008444E
:10A9700000880290BDF808802068183040F2F72166
:10A98000694300EB4100218E084401680091406852
:10A990000190DDE90010626BC2E900104FF0000980
:10A9A00049E0A36A543333F816202368183340F281
:10A9B000F72C05FB0CFC03EB4C0303F10C01A36A21
:10A9C000143353F82600F5F714FDB84433E020683B
:10A9D000183040F2F721694300EB410080780B28E2
:10A9E00029D1B9F1000F24D02068183040F2F721A6
:10A9F000694300EB4101608E0C30084400880290EE
:10AA0000BDF808004FEA40082068183040F2F721EE
:10AA1000694300EB4100218E0844016800914068C1
:10AA20000190DDE90010626BC2E900104FF00009EF
:10AA300001E008EB470800222946206803F1D6FB15
:10AA4000204603F102F80646002EBFF652AF4046FC
:10AA5000BDE8FE8F2DE9F04105468846B8F1000FAC
:10AA600009D12F460E480688344622460D49B8685B
:10AA7000F5F7BFFC0AE04CF6882047590A480688DB
:10AA8000344622460949B868F5F7B3FC46F26850E7
:10AA90004451002C02DD0120BDE8F0810020FBE7DD
:10AAA0004C000024701700244A0000247811002470
:10AAB0002DE9F04F89B004460D46002005908346ED
:10AAC000069005EB850101EB4511206900EBC10003
:10AAD000007D08B10120059005EB850101EB4511D2
:10AAE000206900EBC100416805EB850202EB4512CD
:10AAF000206900EBC200C06801EB000805EB85018E
:10AB000001EB4511206950F83170B8F1000F7DD08C
:10AB100025B90020A16A0870A16A4870012006903A
:10AB200005EB850101EB4511206900EBC100807E3A
:10AB300000286CD005EB850101EB4511206900EB85
:10AB4000C100C06800287DD005EB850101EB4511EF
:10AB5000206900EBC100B0F81EB005EB850101EBE8
:10AB60004511206900EBC100D0F810A005EB85016C
:10AB700001EB4511206900EBC100D0F80C8005EB1A
:10AB8000850101EB4511206900EBC10040680744D5
:10AB900000BF05EB850101EB4511206900EBC10009
:10ABA000C08B584517D105EB850101EB4511206994
:10ABB00000EBC100283059464A1C1FFA82FB50F8AE
:10ABC000210005EB850202EB4512216901EBC20170
:10ABD000098C461A0DE005EB850101EB4511206952
:10ABE00000EBC100283059464A1C1FFA82FB50F87E
:10ABF0002160206802F17AFA00F0FF09B9B20891E9
:10AC0000380C0790B2B2DDE9071001E0E7E001E19E
:10AC10008DE8070446F26C5322681A4440F2F72389
:10AC200019FB03F302EB43014B460A22206800F0B4
:10AC300088F9059878B3668608224FF4116305EB0E
:10AC4000850C00E043E00CEB451C206900EBCC00D8
:10AC5000C08A00EBC00C0CEB8010D4F804C00CEBE5
:10AC600080008088616BCDE9023204910190002060
:10AC7000009046F26C532268134440F2F72209FB1D
:10AC800002F203EB42014B460E22206800F152FD16
:10AC900020860020059049462068FFF79FFAB3B24E
:10ACA00052464946204602F11DFFA8EB06083744EC
:10ACB000B244B8F1000F0AD005EB850101EB451154
:10ACC000206900EBC100808B58453FF762AF05EB70
:10ACD000850101EB4511206900EBC10040680028A7
:10ACE0007DD005EB850101EB4511206900EBC1002A
:10ACF000D0F808A005EB850101EB4511206900EBB8
:10AD0000C100D0F8048005EB850101EB45112069F5
:10AD100050F831704FF0000B00BF05EB850101EBDF
:10AD20004511206900EBC100283059464A1C1FFA22
:10AD300082FB50F82160B8EB060000D5464620683B
:10AD400002F1D4F900F0FF09B9B20891380C07906C
:10AD5000B2B2DDE907108DE8070446F26C532268B1
:10AD60001A4440F2F72319FB03F302EB43014B466D
:10AD70000B22206800F0E5F8059868B36686082283
:10AD80004FF4116305EB850C0CEB451C216901EBBD
:10AD9000CC01C98A01EBC10C0CEB8111D4F804C0C1
:10ADA0000CEB81018988606BCDE90232019104903E
:10ADB0000020009046F26C532268134440F2F722C0
:10ADC00009FB02F203EB42014B460E22206800F120
:10ADD000B1FC2086002005904946206800E018E07C
:10ADE000FFF7FCF9B3B252464946204602F17AFE1B
:10ADF000A8EB06083744B244B8F1000F09D005EBC0
:10AE0000850101EB4511206900EBC100808B58459D
:10AE100083DC92E005EB850101EB4511206900EB35
:10AE2000C100406848B105EB850101EB451120697F
:10AE300000EBC100D0F808A008E005EB850101EBAC
:10AE40004511206900EBC100D0F810A000BF05EB50
:10AE5000850101EB4511206900EBC10028305946FE
:10AE60004A1C1FFA82FB50F82160206802F13EF96B
:10AE700000F0FF09B9B20891380C0790B2B2DDE9D1
:10AE800007108DE8070446F26C5322681A4440F21A
:10AE9000F72319FB03F302EB43014B460C22206816
:10AEA00000F04FF8059868B3668608224FF41163E6
:10AEB00005EB850C0CEB451C206900EBCC00C08A2F
:10AEC00000EBC00C0CEB8010D4F804C00CEB80003D
:10AED0008088616BCDE902320491019000200090DE
:10AEE00046F26C532268134440F2F72209FB02F247
:10AEF00003EB42014B460E22206800F11BFC20862A
:10AF00000020059049462068FFF768F9B3B2524621
:10AF10004946204602F1E6FDA8EB06083744B24454
:10AF2000B8F1000F09D005EB850101EB451120694F
:10AF300000EBC100808B584589DC069809B0BDE85C
:10AF4000F08F2DE9F05F82460C4690469946DDF879
:10AF500028B00C9D274607F10E0641F20C0028444C
:10AF6000308086F8028086F80390A6F804B00B982B
:10AF7000F08035812A46414607F11A000D9B00F00A
:10AF8000AFF9002105F11A003954401C3954401C16
:10AF90004CF24C41514441F829000020BDE8F09F9B
:10AFA0002DE9FE4F81468A46144698460AEBCA01AF
:10AFB00001EB8A11D9F8040000EB810090F8FB0046
:10AFC000009000200190A080608000212181002657
:10AFD00006E0002104F6064020F81610701C86B228
:10AFE000082EF6DBB8F1010F01DD4FF0010808F182
:10AFF00032025146484603F1E8FA208020880028B2
:10B000007EDD25882A46691C8DB25146484603F1EB
:10B010003AFB83462A46691C8DB25146484603F1E5
:10B0200032FB0BEB00201FFA80FBA4F802B00126D4
:10B0300000BFA088401CA0802A46691C8DB25146E2
:10B04000484603F120FBA288A11D21F812002A46E0
:10B05000691C8DB25146484603F115FBA288A11D1B
:10B0600031F8121001EB002081B2A01D20F812105F
:10B070000021A28804F6060020F81210701C86B287
:10B080002A46691C8DB25146484603F1FCFA074630
:10B090002A46691C8DB25146484603F1F4FAA2884B
:10B0A00004F2064121F81200281D85B2B01C86B2B8
:10B0B000A18804F2064030F81100082847DA012080
:10B0C00002901BE0301D86B2681D85B22A46691CBD
:10B0D0008DB25146484603F1D6FAA28804F606011D
:10B0E00031F81210084481B204F6060020F812105C
:10B0F000A81C85B20298401C80B20290029800E021
:10B1000038E0B842DEDDA18804F2064030F81110C4
:10B1100004F6064030F81110A28804F6060030F854
:10B120001200084481B204F2064030F8122004F6FE
:10B13000064020F81210A18804F6060030F811101D
:10B140000198084480B20190701C86B209E0042086
:10B1500000FB076086B2082000FB075085B2701C18
:10B1600086B2A088B0F5FF7F00DD66886088B042B7
:10B170003FF75FAF009818B151464846FEF718FBFD
:10B180000198BDE8FE8F2DE9F04105460E461746B1
:10B190004FF0FF34FFF07EFD804600BF3146284669
:10B1A000FFF71CF84CF68420405910B16420F7F0EA
:10B1B000C3FB3A463146284603F150FB0446002CB7
:10B1C00005DAFFF067FDA0EB0800B842E6D3002CDB
:10B1D00003DA00213046FFF06BFE2046BDE8F08127
:10B1E0002DE9F04786B004460D4617469946A068FB
:10B1F0000068A84203DA002006B0BDE8F087FFF03F
:10B2000049FD804605EBC50101EB8511606800EB47
:10B210008100B0F804A000BF012D11DA00200590D4
:10B220004FF4FA6005A9CDE9001002234FF498729B
:10B2300000212068FDF762FABDF8140005901DE0BA
:10B240000020ADF80C00ADF810004FF4FA6003A92F
:10B25000CDE9001006234FF4987251462068FFF0A4
:10B26000F1FEBDF80C000590BDF8100005EBC5021D
:10B2700002EB8512616801EB82014880BDF8140081
:10B2800000F00F06BE4203D04FF47A70F7F054FB83
:10B29000BE4205D0FFF0FEFCA0EB08004845BBD342
:10B2A000BDF8140005EBC50202EB8512616821F8B8
:10B2B00022003046A0E72DE9F04105460E4617462C
:10B2C0003A463146284603F1C9FA0446002C04DA0E
:10B2D00000223146284602F189FF2046BDE8F08170
:10B2E0002DE9F04107460D4614461E46002C1BDD95
:10B2F000042D0BD003DC3DB1012D0ED105E0072D4F
:10B3000005D00A2D09D103E000BF00BF00BF00BF78
:10B3100021463846F4F0ACFE05E022463146384678
:10B32000F5F767F800BF00BFBDE8F08182B0CDE956
:10B33000000121F0004001909DED000B02B051ECA6
:10B34000100B704713B50C464FF47A73012269460F
:10B350000248F9F716FD00981CBD00009C1000245F
:10B36000F0B58DB005460C460026302101A8F4F05A
:10B370007FFE0195029426442448466001A8234993
:10B38000886000BF0023224F3B6000BF00BF00BFAA
:10B3900000BFBFF34F8F00BF00BF00BF3B1F186847
:10B3A000C0F34E3100BFC0F3C90200BF43F6E073E3
:10B3B00003EA41134FF0404707EA82773B43154FBA
:10B3C0003B6000BF00BF131EA2F10102EED10B1EB5
:10B3D000A1F10101E7D100BF00BF00BFBFF34F8F54
:10B3E00000BF00BF00BF00BF00BF00BFBFF36F8F33
:10B3F00000BF00BF00BF00BF052204490648F9F0A6
:10B40000F5FA0120054908600DB0F0BDFC0E0024DE
:10B4100084ED00E074EF00E0300F002434000024DD
:10B420000EB500200290FBF04BFEF5F067FE002009
:10B43000FE490860F8F78AFB042302220521A020B8
:10B44000FBF780FEFBF0FCFEFBF0BEFEF9F722FEF0
:10B45000F9F75AFEF6F0EAFDFAF78AFEFAF7B8FDB8
:10B46000FAF780FE04462146F1A0FEF02BFCF6F729
:10B47000D5FCFCF711FFF649086008460168F5A005
:10B48000FEF020FCFCF008FA4FF4E130FDF056FD30
:10B49000FCF0CEF9002008231F22194600900A2054
:10B4A000F7F0E0FA62B6F048FBF00EF9EF48FBF077
:10B4B0000BF90120EE49087000BF02AB01221146D2
:10B4C000EC48F9F0F4F9029800F0040048B10120CA
:10B4D000FCF7FAFE00F0400018B10220E4490870C1
:10B4E00013E0029800F0040048B10120FCF7ECFEE4
:10B4F00000F0400018B90120DD49087005E0002087
:10B50000DB490870DCA0FEF0DDFB6420F6F7DCFE12
:10B51000E448006880F08000E2490860D448007880
:10B520000028CAD04FF40000091D0860FFF086FC17
:10B53000CF480178DCA0FEF0C5FB4FF47A70F6F737
:10B54000C3FE4020D749091D08600120FDF720F8FF
:10B55000002877DDD9480168D9A0FEF0B3FBD748B1
:10B560000068012811DB01250BE0DE4805EBC50171
:10B5700001EB8511DC4A02EB8101C1F80801681C6E
:10B5800085B2CE4800688542EFDDFDF713F801254E
:10B590000CE0D64B41F2883201212846FFF03CFCFA
:10B5A0002946D3A0FEF08EFB681C85B2C348006814
:10B5B0008542EEDDD648FCF7F5FFD6A0FEF082FB13
:10B5C000DD4A04210020FFF0A3FCFFF057FCC64831
:10B5D0000188DAA0FEF076FB002412E0601C87B23E
:10B5E000B6480068874206DDDAA0015D3A46DCA075
:10B5F000FEF068FB04E039462046F6F731F900BF5B
:10B60000641C082CEADB0020DE4981F8C800002118
:10B61000DC4880F8941180F86012012180F82C1326
:10B62000002180F8F81380F8C41480F890150121E7
:10B6300080F85C16D4A0FEF045FBFDF06BFDFDF03C
:10B6400011FF00E031E3D9A0FEF03CFB0820A64941
:10B650000880FDF743F84FF4FA60FFF017FC002074
:10B66000FDF742F8DA4A08210020FFF051FC9E481D
:10B670000088082855D0002700BF0020FDF734F8C7
:10B68000FDF72CF84FF4FA60FFF000FC4FF00108D2
:10B69000012411E0A0B244F620620821FFF038FC3A
:10B6A00004EBC40000EB84108F4931F82000082817
:10B6B00001D04FF00008641C804800688442E9DD36
:10B6C000B8F1000F03D008208749088027E07F1CCD
:10B6D000C82F20DD84480188BEA0FEF0F3FAFFF0F9
:10B6E000CDFB012412E004EBC40000EB84107E4982
:10B6F00001EB8000438804EBC40000EB841031F8B8
:10B7000020202146BAA0FEF0DDFA641C6B480068D8
:10B710008442E8DD03E0744800880828ADD100BF0A
:10B7200000BF7148018885A0FEF0CCFA6E48008801
:10B73000082878D1B7A0FEF0C5FAC1A0FEF0C2FA81
:10B740001920F8F7CBFAFCF7C9FF4FF4FA60FFF0C5
:10B750009DFBF6F76DFA002018E0411C574A12686D
:10B76000914200DD11E0062100EB001202EB4202E3
:10B77000844B53F822201180082100EB001202EBC9
:10B78000420253F82220917100BF401CB64909784B
:10B790008842E2DBFCF7A2FF4FF4FA60FFF076FB91
:10B7A0001920F8F7BDFAB1A0FEF08CFAF5F780FE8B
:10B7B00000241AE2601C41490968884200DD13E256
:10B7C00004EB041000EB40006E4901EB8000406880
:10B7D000078807F00800002826D004EB041000EBCF
:10B7E000400001EB80004068B0F80A8059A0015D7C
:10B7F0004246A7A0FEF066FA802004EB041101EB9C
:10B800004101604A52F8211008801920F8F766FAC1
:10B81000FCF764FF4FF4FA60FFF038FB1920F8F7EB
:10B820007FFA142044E119E2DDE100001000002459
:10B83000506172616D73206C6F616465642C207659
:10B84000657273696F6E3D256C750D0A000000000E
:10B850000C0000240D0A444D393030302056494444
:10B860003D25780A0D000000B80F002404100024C4
:10B8700015000024300F0024506C65617365207042
:10B880006C756720696E2074686520457468657200
:10B890006E6574206361626C652066697273740DF5
:10B8A0000A000000141802580D0A536F636B657488
:10B8B000204D6F64653A2025640D0A00280100249C
:10B8C000256420736C6176657320666F756E6420E5
:10B8D000616E6420636F6E666967757265642E0DB4
:10B8E0000A000000416E0008D035002490D003000B
:10B8F00044432053594E433020656E61626C656449
:10B90000206F6E20736C6176652025640D0A00003F
:10B910005C060024536C61766573206D6170706500
:10B92000642C20737461746520746F205341464504
:10B930005F4F502E0D0A000000127A00536C6176A2
:10B940006520302053746174653D3078253034783B
:10B950000D0A000058595A5255565753000000001E
:10B9600025633A206E6F20736C61766520286964C8
:10B97000783D2564292C20736B697070696E670DA2
:10B980000A0000005C0800240D0A2D2D2D205265B0
:10B99000667265736820417869732047656172201B
:10B9A000526174696F202D2D2D0D0A000D0A52650C
:10B9B0007175657374206F7065726174696F6E6103
:10B9C0006C2073746174652E2E2E0D0A0000000029
:10B9D00080841E004F502074696D656F757421203E
:10B9E000736C617665303D3078253034780D0A000F
:10B9F0002020736C7625643A2073746174653D3041
:10BA0000782530347820414C3D3078253034780D1D
:10BA10000A0000004F7065726174696F6E616C207E
:10BA20007374617465207265616368656420666F14
:10BA30007220616C6C20736C617665732E0D0A0048
:10BA40000D0A2D2D2D205072652D456E61626C659D
:10BA500020506F736974696F6E2053796E63202D67
:10BA60002D2D0D0A00000000160000240D0A2D2DBA
:10BA70002D204369412034303220456E61626C656F
:10BA80002053657175656E6365202D2D2D0D0A009F
:10BA900025633A206175746F2D636C656172206651
:10BAA00061756C74203078253034780D0A00000000
:10BAB000F7F78CFA4FF4FA60FFF0E8F9062004EB90
:10BAC000041101EB41018E4A52F821100880FCF765
:10BAD00005FE4FF4FA60FFF0D9F91420F7F776FA73
:10BAE000072004EB041101EB4101854A52F82110B3
:10BAF0000880FCF7F3FD4FF4FA60FFF0C7F914205B
:10BB0000F7F764FA0F2004EB041101EB41017C4AC2
:10BB100052F821100880FCF7E1FD4FF4FA60FFF0C5
:10BB2000B5F91420F7F752FA04EB041000EB4000CB
:10BB3000734901EB80004068D0F8020004EB041167
:10BB400001EB41016E4A02EB8101486104EB0410F4
:10BB500000EB4000114601EB8000406904EB04114A
:10BB600001EB410102EB8101C86004EB041000EB22
:10BB70004000114601EB8000406904EB041101EB29
:10BB8000410102EB8101086104EB041000EB40006D
:10BB9000114601EB8000C06804EB041101EB410188
:10BBA00052F82110C1F80200082004EB041101EB47
:10BBB000410152F821108871012004EB041101EBBE
:10BBC000410102EB8101887204EB041000EB40009C
:10BBD000134603EB8000C268AFF28820015D49A0E4
:10BBE000FEF070F800BF00BF641C4C48007884422F
:10BBF000FFF6E0AD4A48D0F8D0004A49884206D165
:10BC00000320F7F03BF9401E4549C1F8D0004448F5
:10BC1000D0F8D40043494942884203D1002040492A
:10BC2000C1F8D4003E48D0F8D0013E49884206D140
:10BC30000720F7F023F9401E3949C1F8D0013848F0
:10BC4000D0F8D40137494942884203D10020344911
:10BC5000C1F8D40101203449086029E033A0FEF086
:10BC600031F8FFF00BF901261AE006EBC60000EBF5
:10BC70008610394931F82000082810D006EBC6009C
:10BC800000EB861001EB8000438806EBC60000EB5A
:10BC9000861031F82020314630A0FEF013F8761CD3
:10BCA000394800688642E0D902E038A0FEF00AF880
:10BCB0003B48062100234FF4A062CDE9001039A1D2
:10BCC0003B4801F0ADFB012804D03AA0FDF0FAFF9B
:10BCD000F6F77AFE4248032100234FF4A062CDE933
:10BCE000001040A1424801F09BFB012804D041A074
:10BCF000FDF0E8FFF6F768FE03F1A8FB00BFFEE7E2
:10BD00005C08002425633A2072652D656E61626CC3
:10BD1000656420706F733D25640D0A0016000024D1
:10BD2000E026002400943577100000244E6F742024
:10BD3000616C6C20736C61766573207265616368F9
:10BD40006564206F7065726174696F6E616C2073D9
:10BD5000746174652E0D0A00D0350024536C617631
:10BD6000652025642053746174653D307825303436
:10BD70007820414C537461747573436F64653D3032
:10BD800078253034780D0A00280100244E6F207386
:10BD90006C6176657320666F756E64210D0A000014
:10BDA0000800002445746865724341540000000097
:10BDB00071C30008464154414C3A204661696C65A4
:10BDC0006420746F206372656174652045746865D2
:10BDD00072434154207461736B210D0A000000000E
:10BDE00000010024436D645061727365000000001F
:10BDF00019C30008464154414C3A204661696C65BC
:10BE00006420746F2063726561746520436D6450B3
:10BE100061727365207461736B210D0A000000006C
:10BE200010B5044601F07EF834480068401C3349E0
:10BE300008603348006840B931480460084600682B
:10BE400001280DD100F068F90AE02E48006838B9E1
:10BE50002B480068C06AE16A884201D8284804601B
:10BE600029480068401C284908600846006860644A
:10BE700000BF94F82C100120884024490968084329
:10BE80002249086000BFE16A01EB8101204A02EB10
:10BE900081014868A0608268E260211D826851606B
:10BEA0008160E16A01EB8101194A02EB8102626162
:10BEB000E16A01EB8101164A52F82110491CE26A3D
:10BEC00002EB8202124B43F8221000BF00BF01F0C8
:10BED00053F80C48006878B100BF09480068C06A90
:10BEE000E16A884207D24FF080500A490860BFF3E8
:10BEF0004F8FBFF36F8F00BF10BD0000A001002463
:10BF000090010024AC010024BC010024A8010024FD
:10BF10002090012404ED00E010B516E001F002F8D5
:10BF20000C48C068C468201D00F0BEF90A480068CB
:10BF3000401E0949086009480068401E074908601A
:10BF400001F01AF8204600F088F80448006800283C
:10BF5000E4D110BDFC900124A00100249C01002428
:10BF6000F0B58BB0012600200790089009900A9048
:10BF70000027002408E01DA0005D07A9085507A8B8
:10BF8000005D00B902E0641C0F2CF4D300BF002058
:10BF900007A90855002522E0164F002006900590BD
:10BFA00004AA05A906A803F115F90022DDE9051088
:10BFB0001346CDE90021029007A93846049A03F1FF
:10BFC00085FA0D4941F82500084650F8250008B1CA
:10BFD000012600E00026012E00D002E06D1C012D9C
:10BFE000DADB00BF30460BB0F0BD000049444C45E1
:10BFF000000000009DEC1008C40100242DE9FF5F43
:10C000000746884616469946DDE90EABB00002F1B8
:10C0100053FF054675B15C2002F14EFF04462CB17A
:10C020005C212046F4F024F8256304E0284603F15F
:10C03000E1F800E0002464B1002084F859004B4688
:10C0400032464146CDE900ABCDE90240384602F127
:10C0500039FE204604B0BDE8F09F10B5044694F8C0
:10C06000590030B9206B03F1C5F8204603F1C2F83E
:10C070001AE094F85900012803D1204603F1BAF8D8
:10C0800012E094F85900022801D1012000E00020BC
:10C0900050B900BF502080F31188BFF34F8FBFF31A
:10C0A0006F8F00BF00BFFEE710BD000030B54FF43A
:10C0B000C043144800F007042CB1C01D20F0070055
:10C0C000104C041B1B1B104C206000240E4D6C6098
:10C0D000C218083A22F007020C4C226000240B4DD3
:10C0E0002D686C60094D2D682C600146541A4C6017
:10C0F000064C24680C60064D4C682C60054D4C685D
:10C100002C6030BD24910124DC010024E4010024D2
:10C11000EC010024E801002410B5002407E004EB42
:10C1200084010F4A02EB810000F0C8FE641C082C59
:10C13000F5D30C4800F0C2FE0B4800F0BFFE0B48E0
:10C1400000F0BCFE0A4800F0B9FE0A4800F0B6FE56
:10C1500004480949086004480849086010BD000007
:10C1600020900124C0900124D4900124E89001245F
:10C17000FC900124109101249401002498010024D2
:10C1800009480068006808B9012000E0002020B1DB
:10C190004FF0FF300549086005E003480068C068BB
:10C1A000006802490860704794010024C00100241F
:10C1B0000146002001E0491C401C0A78A52AFAD05B
:10C1C000800870470E480068401C08B9012000E054
:10C1D000002050B900BF502080F31188BFF34F8F6B
:10C1E000BFF36F8F00BF00BFFEE700BF502080F39A
:10C1F0001188BFF34F8FBFF36F8F00BF00BFFEE703
:10C20000D001002410B502460023114652B900BFE8
:10C21000502080F31188BFF34F8FBFF36F8F00BFA3
:10C2200000BFFEE7134C4869A04201D1012000E0A5
:10C230000020E0B1104C886AA04201D1012000E04A
:10C240000020A0B9886A08B9012000E0002070B180
:10C250000123002007E001F15804245C012C01D1E6
:10C26000002302E0401C0128F5DB00BF00BF184698
:10C2700010BD000010910124E8900124001F4FF030
:10C2800080730360001F21F001030360001F054B52
:10C29000036014380260001F6FF00203036020384F
:10C2A00070470000C5C1000801460A69D1E90130A4
:10C2B0009860D1E9010358605068884201D18868CC
:10C2C0005060002008611068401E106010687047C0
:10C2D0000C46214606A0FDF0F5FC00BF502080F37F
:10C2E0001188BFF34F8FBFF36F8F00BF00BFFEE712
:10C2F0000D0A21212120535441434B204F564552D2
:10C30000464C4F5720696E207461736B3A20257339
:10C31000202121210D0A00000EA0FDF0D3FC00BF5A
:10C320004FF0FF320121002002F1C4FE0E480078D8
:10C3300060B100200C4908700C48006800F0F4FE61
:10C34000FBF056FC0948006800F084FE0020064916
:10C350000870E5E7436D64207461736B207374614A
:10C36000727465640D0A0000FD00002408000024BA
:10C3700086B0F1A0FDF0A6FC00BF4FF0FF32012116
:10C38000002002F197FEF2480078401CF049087046
:10C3900008460078042805DB00200870F9F7CAF881
:10C3A000F8F7D6FEEB480068012800D0E5E7EA4838
:10C3B0000078002835D10120E7490870E7A0FDF09A
:10C3C00081FCF2A001F048F804463CB1204602F19D
:10C3D000DDFE05462946F0A0FDF074FCF5A001F055
:10C3E0003BF804463CB1204602F1D0FE0546294602
:10C3F000F3A0FDF067FCF9A001F02EF804463CB173
:10C40000204602F1C3FE05462946F7A0FDF05AFC7E
:10C41000002002F1BBFE05462946FAA0FDF052FCC1
:10C4200000BF4FF4FA60FEF031FDF3F0CDFF0024C1
:10C4300022E0601CFA490968884200DD1BE004EB39
:10C44000041000EB4000F74901EB800090F8270052
:10C45000032800D10FE004EB041000EB4000F14989
:10C4600001EB800090F82700042800D103E020466B
:10C47000F4F730FA00BF641CEB4800788442D8DB44
:10C48000002416E0601CE6490968884200DD0FE0E0
:10C4900004EB041000EB4000E24901EB800090F84F
:10C4A0002700032800D003E02046F4F713FA00BF6A
:10C4B000641CDD4800788442E4DB002416E0601C44
:10C4C000D7490968884200DD0FE004EB041000EB57
:10C4D0004000D44901EB800090F82700042800D0E8
:10C4E00003E02046F4F7F6F900BF641CCE4800785C
:10C4F0008442E4DBF4F0C4F9F9F704FDCB4800789A
:10C50000002872D001270024E2E2601CC4490968B7
:10C51000884200DDDBE204EB041000EB4000C1497F
:10C5200001EB800090F8296006B9D0E2002704EB07
:10C53000041000EB4000BB4901EB80004068058817
:10C540007DB9802004EB041101EB4101B54A52F89A
:10C5500021100880B64850F82410B6A0FDF0B2FBB8
:10C56000B5E204EB041101EB4101AE4A02EB81019B
:10C570004968D1F8020004EB041101EB410102EB20
:10C580008101486104EB041101EB410102EB8101DF
:10C59000C86004EB041101EB410152F82110C1F80D
:10C5A0000200062E2BD2DFE806F02A032B6088C596
:10C5B00005F00800D0B99E4850F824102A46A7A0DC
:10C5C000FDF080FB002004EB041101EB4101954AD2
:10C5D00052F821100880022004EB041101EB410104
:10C5E00002EB810181F8290009E07BE2802004EB65
:10C5F000041101EB41018B4A52F82110088064E2DA
:10C6000005F04F00402802D005F04F00C8B9884817
:10C6100050F824102A469FA0FDF054FB062004EB9E
:10C62000041101EB41017F4A52F8211008800320D8
:10C6300004EB041101EB410102EB810181F82900B7
:10C6400012E0002004EB041101EB4101754A52F89D
:10C650002110088005F0200030B1754850F82410F2
:10C660002A4699A0FDF02EFB2FE205F06F0021284D
:10C6700019D16F4850F824102A46A0A0FDF022FBE3
:10C68000072004EB041101EB4101664A52F8211026
:10C690000880042004EB041101EB410102EB81014D
:10C6A00081F8290008E0062004EB041101EB4101A8
:10C6B0005C4A52F82110088007E205F06F00232839
:10C6C00039D15B4850F824102A4696A0FDF0FAFABA
:10C6D00004EB041101EB4101524A02EB810149686C
:10C6E000D1F8020004EB041101EB410102EB8101DE
:10C6F000486104EB041101EB410102EB8101C860C8
:10C7000004EB041101EB410152F82110C1F80200C1
:10C710000F2004EB041101EB410152F821100880B5
:10C72000052004EB041101EB410102EB810181F8CA
:10C73000290016E116E10BE1457468657243415426
:10C74000207461736B20737461727465640D0A00E8
:10C75000F800002410000024F90000242D2D2D20C5
:10C760005374617274757020537461636B20536EDF
:10C77000617073686F742028776F726473206672BB
:10C78000656529202D2D2D0D0A0000004574686572
:10C7900072434154000000002020457468657243D4
:10C7A000415420202831323830293A20256C750D2B
:10C7B0000A000000436D6450617273650000000060
:10C7C0002020436D64506172736520202831323817
:10C7D00030293A20256C750D0A0000004D6F646207
:10C7E000757344656600000020204D6F64627573A8
:10C7F000446566202028363430293A20256C750D92
:10C800000A00000020202874686973207461736B2B
:10C810002920202020203A20256C750D0A000000D8
:10C82000280100245C0800241600002414000024C1
:10C83000D400002425733A206E6F20726573706FE8
:10C840006E7365202853573D30292C207265747211
:10C8500079696E672E2E2E0D0A00000025733A208E
:10C860006661756C7420636C656172656420285321
:10C87000573D307825303478292C20646973616203
:10C880006C696E6720766F6C746167652E2E2E0D55
:10C890000A00000025733A20737769746368206F7B
:10C8A0006E2064697361626C6564202853573D3063
:10C8B0007825303478292C2073687574646F776E0E
:10C8C0002E2E2E0D0A00000025733A207761697420
:10C8D000696E6720517569636B2053746F70202DEA
:10C8E0003E2044697361626C6564202853573D3073
:10C8F0007825303478292E2E2E0D0A0025733A2003
:10C900007265616479202853573D3078253034783A
:10C91000292C20737769746368206F6E2E2E2E0D7C
:10C920000A00000025733A207377697463686564B0
:10C93000206F6E202853573D307825303478292CCD
:10C9400020656E61626C65206F702E2E2E0D0A00C0
:10C95000072004EB041101EB4101FC4A52F82110BD
:10C960000880B2E005F06F0027287CD1082004EB96
:10C97000041101EB4101F54A52F8211088710120A0
:10C9800004EB041101EB410102EB8101887204EB1D
:10C99000041000EB4000114601EB80004068D0F825
:10C9A000020004EB041101EB410102EB810148613B
:10C9B00004EB041000EB4000114601EB80004069DD
:10C9C00004EB041101EB410102EB8101C86004EBAF
:10C9D000041000EB4000114601EB8000406904EBBD
:10C9E000041101EB410102EB8101086104EB041029
:10C9F00000EB4000114601EB8000C06804EB04111D
:10CA000001EB410152F82110C1F80200002004EBB3
:10CA1000041101EB410102EB8101886104EB041177
:10CA200001EB410102EB810181F8260004EB0411C6
:10CA300001EB410102EB810181F8270004EB0411B5
:10CA400001EB410102EB810181F88C0004EB041140
:10CA500001EB410102EB8101C1F8B80004EB0411C4
:10CA600001EB410100E01EE002EB810101F1340025
:10CA7000FCF045FC002004EB041101EB4101B34A3A
:10CA800002EB810181F8290004EB041000EB400067
:10CA9000134603EB8000C268AD4850F82410ADA0E7
:10CAA000FDF010F910E00F2004EB041101EB41013F
:10CAB000A64A52F821100880082004EB041101EB6B
:10CAC000410152F82110887100BF00BF00BF641CF3
:10CAD000A94800788442FFF618AD17B10020A74995
:10CAE000087000BFA648007800287CD001270024E9
:10CAF000E7E0601CA3490968884200DDE0E004EB40
:10CB0000041000EB4000914901EB800090F82B608D
:10CB100006B9D5E0002704EB041000EB40008B4978
:10CB200001EB800040680588012E04D0022E39D028
:10CB3000032E36D15FE023200590934805A90122FA
:10CB4000CDE90021029004EB041101EB41017F4A81
:10CB500002EB8101088900231A4646F29801FEF093
:10CB600037F97B4850F8241088A0FDF0ABF8062078
:10CB700004EB041101EB4101744A52F82110887151
:10CB80001F2004EB041101EB410152F82110088031
:10CB9000022004EB041101EB410102EB810181F859
:10CBA0002B008BE005F4805020B305F4806008B3BF
:10CBB000674850F8241082A0FDF084F8082004EBA8
:10CBC000041101EB4101614A52F8211088710F20D4
:10CBD00004EB041101EB410152F8211008800320FD
:10CBE00004EB041100E076E001EB410102EB81016E
:10CBF00081F82B0062E005F06F0027285DD104EB7F
:10CC0000041000EB4000514901EB80004068D0F86F
:10CC1000020004EB041101EB41014C4A02EB8101DB
:10CC2000486104EB041000EB4000114601EB80006A
:10CC3000406904EB041101EB410102EB8101C86082
:10CC400004EB041000EB4000114601EB800040694A
:10CC500004EB041101EB410102EB810108610020AA
:10CC600004EB041101EB410102EB810181F8260084
:10CC700004EB041101EB410102EB8101886104EB3B
:10CC8000041101EB410102EB810181F8270004EB63
:10CC9000041101EB410102EB810181F82B0004EB4F
:10CCA000041000EB4000134603EB80004269284863
:10CCB00050F824104EA0FDF005F800BF00BF00BFE3
:10CCC000641C2D4800788442FFF613AF17B1002092
:10CCD0002B49087000BF4E480068401C4C49086052
:10CCE000142408460068A0422ED30020086025487E
:10CCF0000068002804DD15484068D0F8020000E014
:10CD0000002005461F480068012805DD0F48D0F8BF
:10CD1000D000D0F8020000E0002006461948006864
:10CD2000022805DD0948D0F89C01D0F8020000E097
:10CD3000002007461348006803286BDD0348D0F83D
:10CD40006802D0F8020066E0A3E063E05C0800241B
:10CD5000D400002425733A2052452D454E41424CC3
:10CD600045442028706F733D25642C206D6F6465E9
:10CD70003D435350290D0A001600002414000024DE
:10CD8000BD0000242801002460AE0A0025733A206B
:10CD9000486F6D696E67206D6574686F6420333508
:10CDA000207772697474656E2C2073746172746973
:10CDB0006E6720686F6D696E672E2E2E0D0A00005B
:10CDC00025733A20686F6D696E6720636F6D706CB4
:10CDD0006574652C20726573746F72696E67204389
:10CDE0005350206D6F64652E2E2E0D0A000000003A
:10CDF00025733A205A45524F20444F4E4520287003
:10CE00006F733D256429203C3C3C0D0A0000000066
:10CE1000F4000024002080461F480068042805DD37
:10CE20001E48D0F83403D0F8020000E0002081460C
:10CE300019480068052805DD1848D0F80004D0F826
:10CE4000020000E00020059013480068062805DD78
:10CE50001248D0F8CC04D0F8020000E0002082464E
:10CE60000D480068072805DD0C48D0F89805D0F873
:10CE7000020000E00020834605983B4632462946E2
:10CE8000CDE903ABCDE90089029005A0FCF01AFFC3
:10CE900000BFFFF772BA0000280100245C080024DC
:10CEA00025642C25642C25642C25642C25642C25D4
:10CEB000642C25642C25640D0A00000000F1080193
:10CEC00041604FF0FF31816000F10801C1600161F4
:10CED00000210160704710B502460B685C1C0CB95C
:10CEE000106907E002F1080000E040684468246827
:10CEF0009C42FAD944684C604C68A16088604160EB
:10CF00000A611468641C146010BD42684A6093682A
:10CF10008B60936859609160086103685B1C0360D3
:10CF20007047000000BF502080F31188BFF34F8F7F
:10CF3000BFF36F8F00BF0E480068401C0C490860AB
:10CF400008460068012812D10A480068C0B208B932
:10CF5000012000E0002050B900BF502080F311886C
:10CF6000BFF34F8FBFF36F8F00BF00BFFEE7704767
:10CF7000D001002404ED00E00D48006850B900BF66
:10CF8000502080F31188BFF34F8FBFF36F8F00BF26
:10CF900000BFFEE706480068401E054908600846D5
:10CFA000006820B9002080F3118800BF00BF7047DF
:10CFB000D001002400204FF0E0210861886106487C
:10CFC00000684FF47A71B0FBF1F0401E4FF0E021A1
:10CFD00048610720086170470000002470B5F3F72E
:10CFE000C1F90446102C16D304F1E02090F8F05358
:10CFF00015480078854201DB012000E0002050B98F
:10D0000000BF502080F31188BFF34F8FBFF36F8FA5
:10D0100000BF00BFFEE70D48006800F4E0600C4967
:10D020000968884201D8012000E0002050B900BF03
:10D03000502080F31188BFF34F8FBFF36F8F00BF75
:10D0400000BFFEE770BD0000D40100240CED00E03D
:10D05000D801002470B505462C4655B900BF5020B4
:10D0600080F31188BFF34F8FBFF36F8F00BF00BFF6
:10D07000FEE72948006884424CD0002C4AD0FFF7D4
:10D0800051FF2046FFF7BEF8002841D0201DFFF7D2
:10D090000BF900BF94F82C10012088401F49096843
:10D0A00008431E49086000BFE16A01EB81011C4A88
:10D0B00002EB81014868A0608268E260211D8268FD
:10D0C00051608160E16A01EB8101154A02EB810246
:10D0D0006261E16A01EB8101114A52F82110491C99
:10D0E000E26A02EB82020E4B43F8221000BF00BF3F
:10D0F00000BF09480068C06AE16A884207D24FF061
:10D10000805008490860BFF34F8FBFF36F8F00BF97
:10D11000FFF732FF70BD000090010024A801002439
:10D120002090012404ED00E070B50546FFF7FAFEFB
:10D1300015B93E48006800E0284604460CB10120BD
:10D1400000E0002050B900BF502080F31188BFF3E9
:10D150004F8FBFF36F8F00BF00BFFEE7201DFFF7AB
:10D16000A3F888B900BFE06A00EB8000304951F8AD
:10D17000200040B994F82C10012088402D490968FE
:10D1800081432C48016000BFA06A18B104F1180067
:10D19000FFF78AF8211D2848FFF7B7FE002009E0B5
:10D1A00004F15801095C012903D1002204F158015E
:10D1B0000A54401C0128F3DBFFF7DEFE1F4800681D
:10D1C00028B1FFF7AFFEFEF7DBFFFFF7D5FE1748EC
:10D1D0000068844229D119480068D0B11848006815
:10D1E00008B9012000E0002050B900BF502080F3B2
:10D1F0001188BFF34F8FBFF36F8F00BF00BFFEE7F3
:10D200004FF080500F490860BFF34F8FBFF36F8F0F
:10D210000BE0094806680C480068864203D10020EC
:10D220000249086001E000F011F870BD900100248F
:10D2300020900124A801002410910124AC010024B5
:10D24000CC01002404ED00E0A001002410B5294821
:10D25000006818B10120284908604AE000202649EA
:10D26000086000BF25480068006824490968096B08
:10D27000884209D82148006800F1340421461F483B
:10D280000068FFF725F800BF00BF00BF1C4800681A
:10D29000B0FA80F0C0F11F0101EB8100194A52F889
:10D2A000200008B1012000E0002050B900BF50204C
:10D2B00080F31188BFF34F8FBFF36F8F00BF00BFA4
:10D2C000FEE700BF01EB81020E4B03EB82004268D8
:10D2D0005268426000F108024368934201D1C2687B
:10D2E00042604268D268054B1A6000BF00BF184612
:10D2F000006810BDCC010024B4010024900100247A
:10D30000A8010024209001240EB5002001903E4980
:10D31000084600780290FF200A4610700846007800
:10D3200000909DF8000000F05000384A1070104640
:10D33000007850B900BF502080F31188BFF34F8FA1
:10D34000BFF36F8F00BF00BFFEE79DF800205020A5
:10D35000904308B9012000E0002050B900BF5020E0
:10D3600080F31188BFF34F8FBFF36F8F00BF00BFF3
:10D37000FEE707E00198401C01909DF80000400680
:10D38000000E00909DF8000000F080008028F1D091
:10D390000198082803D100201D4A106004E001987C
:10D3A000C0F107001A4A10600198082802D207202D
:10D3B000174A1060164800680002154A10601046AF
:10D3C000008800F4E06010609DF808000E4A1070BC
:10D3D0001048006840F47F000E4908600846006865
:10D3E00040F07F400860FFF7E5FD00200A49086033
:10D3F000F2F780FF0948006840F0404007490860A4
:10D40000F2F764FF00200EBD00E400E0D401002428
:10D41000D801002420ED00E0D001002434EF00E02A
:10D420002DE9FC5F06460F4690469946DDE90CABB8
:10D430004B46424639463046CDE900ABFEF7DEFDAD
:10D44000054625B12846FEF7EBFC012401E04FF02C
:10D45000FF342046BDE8FC9F70B5064608253046DF
:10D46000F2F027FE102801D2012000E0002050B980
:10D4700000BF502080F31188BFF34F8FBFF36F8F31
:10D4800000BF00BFFEE702F119F800BF6D1E05EBFB
:10D490008501154A02EB8100314601F1DFFC0446AB
:10D4A00004B101E0002DF1D100BF2CB931460F4885
:10D4B000006801F1D3FC04462CB931460C480068E1
:10D4C00001F1CCFC044624B931460A4801F1C6FCFE
:10D4D000044624B93146084801F1C0FC044600F076
:10D4E0000DF8204670BD0000209001249401002416
:10D4F0009801002410910124FC9001242DE9F041B1
:10D5000000240026FFF70EFD00275A48006808B1E6
:10D51000012000E0002050B900BF502080F31188A6
:10D52000BFF34F8FBFF36F8F00BF00BFFEE75148BF
:10D530000068401E4F4908600846006800287DD1F9
:10D540004D480068002879D063E04C48C068C46842
:10D5500000BFA06AD4E907128A60D4E907214A60B3
:10D5600004F1180142688A4201D1216A4160002217
:10D57000A2620168491E016000BF00BF6069D4E972
:10D5800002128A60D4E902214A60211D42688A425F
:10D5900001D1E1684160002262610168491E0160B9
:10D5A00000BF00BF94F82C1001208840344909685E
:10D5B00008433349086000BFE16A01EB8101314A49
:10D5C00002EB81014868A0608268E260211D8268E8
:10D5D00051608160E16A01EB81012A4A02EB81021C
:10D5E0006261E16A01EB8101264A52F82110491C6F
:10D5F000E26A02EB8202234B43F8221000BF00BF15
:10D600002149E06A0968C96A884202D901201F4994
:10D6100008601A48006808B9012000E000200028CE
:10D6200093D00CB1FEF7ACFD1948056875B100BF89
:10D6300001F16CFF20B10120144900E015E0086001
:10D640006D1E002DF4D10020114908600F480068BC
:10D6500058B1012600BF0C48006830070D4908602A
:10D66000BFF34F8FBFF36F8F00BFFFF785FC3046CE
:10D67000BDE8F081CC010024A0010024E890012441
:10D68000A80100242090012490010024B40100246A
:10D69000B001002404ED00E000061016000610168C
:10D6A00000000100020006000700080009000A004F
:10D6B0000B000C000D000E000F0000000000000029
:10D6C000963007772C610EEEBA51099919C46D078F
:10D6D0008FF46A7035A563E9A395649E3288DB0EEA
:10D6E000A4B8DC791EE9D5E088D9D2972B4CB609CD
:10D6F000BD7CB17E072DB8E7911DBF906410B71DAA
:10D70000F220B06A4871B9F3DE41BE847DD4DA1AE2
:10D71000EBE4DD6D51B5D4F4C785D38356986C1313
:10D72000C0A86B647AF962FDECC9658A4F5C01148C
:10D73000D96C0663633D0FFAF50D088DC8206E3B6A
:10D740005E10694CE44160D5727167A2D1E4033C7C
:10D7500047D4044BFD850DD26BB50AA5FAA8B535A3
:10D760006C98B242D6C9BBDB40F9BCACE36CD83292
:10D77000755CDF45CF0DD6DC593DD1ABAC30D92639
:10D780003A00DE518051D7C81661D0BFB5F4B4213C
:10D7900023C4B3569995BACF0FA5BDB89EB8022839
:10D7A0000888055FB2D90CC624E90BB1877C6F2FBE
:10D7B000114C6858AB1D61C13D2D66B69041DC76B9
:10D7C0000671DB01BC20D2982A10D5EF8985B17192
:10D7D0001FB5B606A5E4BF9F33D4B8E8A2C9077841
:10D7E00034F9000F8EA8099618980EE1BB0D6A7FD8
:10D7F0002D3D6D08976C6491015C63E6F4516B6B91
:10D8000062616C1CD83065854E0062F2ED95066C45
:10D810007BA5011BC1F4088257C40FF5C6D9B065BA
:10D8200050E9B712EAB8BE8B7C88B9FCDF1DDD6217
:10D83000492DDA15F37CD38C654CD4FB5861B24D7D
:10D84000CE51B53A7400BCA3E230BBD441A5DF4A47
:10D85000D795D83D6DC4D1A4FBF4D6D36AE969430A
:10D86000FCD96E34468867ADD0B860DA732D0444B5
:10D87000E51D03335F4C0AAAC97C0DDD3C710550E0
:10D88000AA41022710100BBE86200CC925B5685787
:10D89000B3856F2009D466B99FE461CE0EF9DE5ED0
:10D8A00098C9D9292298D0B0B4A8D7C7173DB35981
:10D8B000810DB42E3B5CBDB7AD6CBAC02083B8ED12
:10D8C000B6B3BF9A0CE2B6039AD2B1743947D5EA1F
:10D8D000AF77D29D1526DB048316DC73120B63E34E
:10D8E000843B64943E6A6D0DA85A6A7A0BCF0EE4AD
:10D8F0009DFF099327AE000AB19E077D44930FF068
:10D90000D2A3088768F2011EFEC206695D5762F75E
:10D91000CB67658071366C19E7066B6E761BD4FE9B
:10D92000E02BD3895A7ADA10CC4ADD676FDFB9F978
:10D93000F9EFBE8E43BEB717D58EB060E8A3D6D63A
:10D940007E93D1A1C4C2D83852F2DF4FF167BBD168
:10D950006757BCA6DD06B53F4B36B248DA2B0DD86B
:10D960004C1B0AAFF64A0336607A0441C3EF60DF0E
:10D9700055DF67A8EF8E6E3179BE69468CB361CBF7
:10D980001A8366BCA0D26F2536E2685295770CCC1C
:10D9900003470BBBB91602222F260555BE3BBAC55D
:10D9A000280BBDB2925AB42B040AB35CA7FFD7C2AE
:10D9B00031CFD0B58B9ED92C1DAEDE5BB0C2649B3F
:10D9C00026F263EC9CA36A750A936D02A906099C72
:10D9D0003F360EEB8567077213570005824ABF95E5
:10D9E000147AB8E2AE2BB17B381BB60C9B8ED29268
:10D9F0000DBED5E5B7EFDC7C21DFDB0BD4D2D386BF
:10DA000042E2D4F1F8B3DD686E83DA1FCD16BE8131
:10DA10005B26B9F6E177B06F7747B718E65A088802
:10DA2000706A0FFFCA3B06665C0B0111FF9E658F93
:10DA300069AE62F8D3FF6B6145CF6C1678E20AA03D
:10DA4000EED20DD75483044EC2B30339612667A7C3
:10DA5000F71660D04D476949DB776E3E4A6AD1AE12
:10DA6000DC5AD6D9660BDF40F03BD83753AEBCA9A1
:10DA7000C59EBBDE7FCFB247E9FFB5301CF2BDBD0E
:10DA80008AC2BACA3093B353A6A3B4240536D0BA17
:10DA90009306D7CD2957DE54BF67D9232E7A66B3B4
:10DAA000B84A61C4021B685D942B6F2A37BE0BB461
:10DAB000A18E0CC31BDF055A8DEF022D0000000064
:10DAC00004F8000808F80008B80B00000000000087
:10DAD000B80B0000400001000100000044F90008FC
:10DAE000DCF70008E803000000000000204E000002
:10DAF0004100010002000000F8F80008E4F7000807
:10DB00006400000000000000D00700004200010097
:10DB100003000000BCF90008B8F90008000000008C
:10DB2000006CCA88009435774300010004000000AF
:10DB3000C4F70008B8F90008009435770000000029
:10DB4000009435774400010005000000D0F700087C
:10DB5000B8F90008006CCA88006CCA880000000090
:10DB60004500010006000000ECF80008B8F90008C4
:10DB70000000000000000000102700004600010027
:10DB800007000000E0F80008C8F90008881300004A
:10DB90006400000050C300004700010008000000BE
:10DBA00050F90008D0F90008010000000100000051
:10DBB00040420F0048000100090000005CF9000825
:10DBC000D0F90008010000000100000040420F00F1
:10DBD000490001000A000000A0F90008D0F900087F
:10DBE0000000000000000000010000004A000101E8
:10DBF0000B00000060F8000808F80008C8000000EA
:10DC000001000000F40100004B0001000C000000C6
:10DC100038F8000808F80008320000000100000091
:10DC2000C80000004C0001000D0000001CF90008B5
:10DC3000DCF7000821000000010000006400000083
:10DC40004D0001000E00000088F90008B8F9000836
:10DC5000410300000A000000A08601004E00010000
:10DC60000F000000ACF90008B8F90008A086010018
:10DC700001000000009435774F0001000000000013
:10DC80000000000000000000000000000000000094
:10DC90000000000000000000000000000000000084
:10DCA0000000000000000000000000000000000074
:10DCB0000000000000000000000000000000000064
:10DCC0000000000000000000000000000000000054
:10DCD0000000000000000000000000000000000044
:10DCE0000000000000000000000000000000000034
:10DCF0000000000000000000000000000000000024
:10DD00000000000000000000000000000000000013
:10DD10000000000000000000000000000000000003
:10DD200000000000000000000000000000000000F3
:10DD300000000000000000000000000000000000E3
:10DD400000000000000000000000000000000000D3
:10DD500000000000000000000000000000000000C3
:10DD600000000000000000000000000000000000B3
:10DD700000000000000000000000000000000000A3
:10DD80000000000000000000000000000000000093
:10DD90000000000000000000000000000000000083
:10DDA0000000000000000000000000000000000073
:10DDB0000000000000000000000000000000000063
:10DDC0000000000000000000000000000000000053
:10DDD0000000000000000000000000000000000043
:10DDE0000000000000000000000000000000000033
:10DDF0000000000000000000000000000000000023
:10DE00000000000000000000000000000000000012
:10DE10000000000000000000000000000000000002
:10DE200000000000000000000000000000000000F2
:10DE300000000000000000000000000000000000E2
:10DE400000000000000000000000000000000000D2
:10DE500000000000000000000000000000000000C2
:10DE600000000000000000000000000000000000B2
:10DE700000000000000000000000000000000000A2
:10DE80000000000000000000000000000000000092
:10DE90000000000000000000000000000000000082
:10DEA0000000000000000000000000000000000072
:10DEB0000000000000000000000000000000000062
:10DEC0000000000000000000000000000000000052
:10DED0000000000000000000000000000000000042
:10DEE0000000000000000000000000000000000032
:10DEF0000000000000000000000000000000000022
:10DF00000000000000000000000000000000000011
:10DF10000000000000000000000000000000000001
:10DF200000000000000000000000000000000000F1
:10DF300000000000000000000000000000000000E1
:10DF400000000000000000000000000000000000D1
:10DF500000000000000000000000000000000000C1
:10DF600000000000000000000000000000000000B1
:10DF700000000000000000000000000000000000A1
:10DF80000000000000000000000000000000000091
:10DF90000000000000000000000000000000000081
:10DFA0000000000000000000000000000000000071
:10DFB0000000000000000000000000000000000061
:10DFC0000000000000000000000000000000000051
:10DFD0000000000000000000000000000000000041
:10DFE0000000000000000000000000000000000031
:10DFF0000000000000000000000000000000000021
:10E000000000000000000000000000000000000010
:10E010000000000000000000000000000000000000
:10E0200000000000000000000000000000000000F0
:10E0300000000000000000000000000000000000E0
:10E0400000000000000000000000000000000000D0
:10E0500000000000000000000000000000000000C0
:10E0600000000000000000000000000000000000B0
:10E0700000000000000000000000000000000000A0
:10E080000000000000000000000000000000000090
:10E090000000000000000000000000000000000080
:10E0A0000000000000000000000000000000000070
:10E0B0000000000000000000000000000000000060
:10E0C0000000000000000000000000000000000050
:10E0D0000000000000000000000000000000000040
:10E0E0000000000000000000000000000000000030
:10E0F0000000000000000000000000000000000020
:10E10000000000000000000000000000000000000F
:10E1100000000000000000000000000000000000FF
:10E1200000000000000000000000000000000000EF
:10E1300000000000000000000000000000000000DF
:10E1400000000000000000000000000000000000CF
:10E1500000000000000000000000000000000000BF
:10E1600000000000000000000000000000000000AF
:10E17000000000000000000000000000000000009F
:10E18000000000000000000000000000000000008F
:10E19000000000000000000000000000000000007F
:10E1A000000000000000000000000000000000006F
:10E1B000000000000000000000000000400000001F
:10E1C000ECF7000808F800082C010000000000002F
:10E1D000B80B00001C010100410000002CF90008F0
:10E1E000DCF70008E803000000000000204E0000FB
:10E1F0001D01010000000000000000000000000000
:10E20000000000000000000000000000000000000E
:10E2100000000000000000000000000000000000FE
:10E2200000000000000000000000000000000000EE
:10E2300000000000000000000000000000000000DE
:10E2400000000000000000000000000000000000CE
:10E2500000000000000000000000000000000000BE
:10E26000000000004600000048F8000808F8000818
:10E270006400000001000000F40100002201010020
:10E280004700000068F90008B8F9000841030000E1
:10E290000A000000A08601002301010048000000E0
:10E2A00018F8000808F8000832000000010000001B
:10E2B000C800000024010100000000000000000070
:10E2C000000000000000000000000000000000004E
:10E2D000000000000000000000000000000000003E
:10E2E000000000000000000000000000000000002E
:10E2F000000000000000000000000000000000001E
:10E30000000000000000000000000000000000000D
:10E3100000000000000000000000000000000000FD
:10E3200000000000000000000000000000000000ED
:10E3300000000000000000000000000000000000DD
:10E3400000000000000000000000000000000000CD
:10E3500000000000000000000000000000000000BD
:10E3600000000000000000000000000000000000AD
:10E37000000000000000000000000000500000004D
:10E38000F8F7000808F80008F40100000000000099
:10E39000B80B00002C0101005100000038F9000802
:10E3A000DCF70008E803000000000000204E000039
:10E3B0002D0101000000000000000000000000002E
:10E3C000000000000000000000000000000000004D
:10E3D000000000000000000000000000000000003D
:10E3E000000000000000000000000000000000002D
:10E3F000000000000000000000000000000000001D
:10E40000000000000000000055000000D8F80008DF
:10E41000C8F90008881300006400000050C3000021
:10E4200031010100000000000000000000000000B9
:10E4300000000000000000000000000000000000DC
:10E4400000000000000000000000000000000000CC
:10E4500000000000000000000000000000000000BC
:10E4600000000000000000000000000000000000AC
:10E4700000000000000000005900000054F80008EF
:10E4800008F80008C800000001000000F4010000C6
:10E49000350101005A00000028F8000808F80008BB
:10E4A0003200000001000000C80000003601010039
:10E4B0005B00000078F90008B8F90008410300008B
:10E4C0000A000000A08601003701010000000000E2
:10E4D000000000000000000000000000000000003C
:10E4E000000000000000000000000000000000002C
:10E4F000000000000000000000000000000000001C
:10E50000000000000000000000000000000000000B
:10E5100000000000000000000000000000000000FB
:10E5200000000000000000000000000000000000EB
:10E53000000000000000000000000000600000007B
:10E540000CF8000808F80008F401000000000000C2
:10E55000B80B00003C01010061000000ACF80008AD
:10E56000B8F90008E803000000000000A0860100E0
:10E570003D01010062000000D0F80008C8F9000861
:10E58000881300006400000050C300003E01010039
:10E59000000000000000000000000000000000007B
:10E5A000000000000000000000000000000000006B
:10E5B000000000000000000000000000000000005B
:10E5C000000000000000000000000000000000004B
:10E5D000000000000000000000000000000000003B
:10E5E000000000000000000000000000000000002B
:10E5F000000000000000000000000000000000001B
:10E60000000000000000000000000000000000000A
:10E6100000000000000000000000000000000000FA
:10E6200000000000000000000000000000000000EA
:10E6300000000000000000000000000000000000DA
:10E6400000000000000000000000000000000000CA
:10E6500000000000000000000000000000000000BA
:10E6600000000000000000000000000000000000AA
:10E67000000000000000000000000000000000009A
:10E68000000000000000000000000000000000008A
:10E69000000000000000000000000000000000007A
:10E6A000000000000000000000000000000000006A
:10E6B000000000000000000000000000000000005A
:10E6C000000000000000000000000000000000004A
:10E6D000000000000000000000000000000000003A
:10E6E000000000000000000000000000000000002A
:10E6F000000000000000000000000000000000001A
:10E700000000000000000000000000000000000009
:10E7100000000000000000000000000000000000F9
:10E7200000000000000000000000000000000000E9
:10E7300000000000000000000000000000000000D9
:10E7400000000000000000000000000000000000C9
:10E7500000000000000000000000000000000000B9
:10E7600000000000000000000000000000000000A9
:10E770000000000000000000000000000000000099
:10E780000000000000000000000000000000000089
:10E790000000000000000000000000000000000079
:10E7A0000000000000000000000000000000000069
:10E7B0000000000000000000000000000000000059
:10E7C0000000000000000000000000000000000049
:10E7D0000000000000000000000000000000000039
:10E7E0000000000000000000000000000000000029
:10E7F0000000000000000000000000000000000019
:10E800000000000000000000000000000000000008
:10E8100000000000000000000000000000000000F8
:10E8200000000000000000000000000000000000E8
:10E8300000000000000000000000000000000000D8
:10E8400000000000000000000000000000000000C8
:10E8500000000000000000000000000000000000B8
:10E8600000000000000000000000000000000000A8
:10E870000000000000000000000000000000000098
:10E880000000000000000000000000000000000088
:10E890000000000000000000000000000000000078
:10E8A0000000000000000000000000000000000068
:10E8B00000000000000000000000000080000000D8
:10E8C00004F9000808F800086400000001000000D6
:10E8D000B80B00005000010081000000C4F80008DF
:10E8E00008F80008C800000001000000F401000062
:10E8F0005100010082000000B8F8000808F8000884
:10E900003200000001000000C800000052000100B9
:10E91000830000006CF80008D0F900082300000014
:10E9200001000000230000005300010084000000EB
:10E9300010F90008DCF700082100000001000000C9
:10E9400064000000540001008500000094F90008F4
:10E95000D0F90008010000000000000001000000E4
:10E96000550001008600000078F80008C0F7000894
:10E97000640000000A000000C8000000560001000A
:10E980008700000088F80008C0F700086400000055
:10E990000A00000064000000570001008800000029
:10E9A00098F80008C0F7000864000000320000007A
:10E9B0009600000058000100000000000000000068
:10E9C0000000000000000000000000000000000047
:10E9D0000000000000000000000000000000000037
:10E9E0000000000000000000000000000000000027
:10E9F0000000000000000000000000000000000017
:10EA00000000000000000000000000000000000006
:10EA100000000000000000000000000000000000F6
:10EA200000000000000000000000000000000000E6
:10EA300000000000000000000000000000000000D6
:10EA400000000000000000000000000000000000C6
:10EA500000000000000000000000000000000000B6
:10EA600000000000000000000000000000000000A6
:10EA70000000000000000000000000000000000096
:10EA80000000000000000000000000000000000086
:10EA90000000000000000000000000000000000076
:10EAA0000000000000000000000000000000000066
:10EAB0000000000000000000000000000000000056
:10EAC0000000000000000000000000000000000046
:10EAD0000000000000000000000000000000000036
:10EAE0000000000000000000000000000000000026
:10EAF0000000000000000000000000000000000016
:10EB00000000000000000000000000000000000005
:10EB100000000000000000000000000000000000F5
:10EB200000000000000000000000000000000000E5
:10EB300000000000000000000000000000000000D5
:10EB400000000000000000000000000000000000C5
:10EB500000000000000000000000000000000000B5
:10EB600000000000000000000000000000000000A5
:10EB70000000000000000000000000000000000095
:10EB80000000000000000000000000000000000085
:10EB90000000000000000000000000000000000075
:10EBA0000000000000000000000000000000000065
:10EBB0000000000000000000000000000000000055
:10EBC0000000000000000000000000000000000045
:10EBD0000000000000000000000000000000000035
:10EBE0000000000000000000000000000000000025
:10EBF0000000000000000000000000000000000015
:10EC00000000000000000000000000000000000004
:10EC100000000000000000000000000000000000F4
:10EC200000000000000000000000000000000000E4
:10EC300000000000000000000000000000000000D4
:10EC400000000000000000000000000000000000C4
:10EC500000000000000000000000000000000000B4
:10EC600000000000000000000000000000000000A4
:10EC70000000000000000000000000000000000094
:10EC80000000000000000000000000000000000084
:10EC90000000000000000000000000000000000074
:10ECA0000000000000000000000000000000000064
:10ECB0000000000000000000000000000000000054
:10ECC0000000000000000000000000000000000044
:10ECD0000000000000000000000000000000000034
:10ECE0000000000000000000000000000000000024
:10ECF0000000000000000000000000000000000014
:10ED00000000000000000000000000000000000003
:10ED100000000000000000000000000000000000F3
:10ED200000000000000000000000000000000000E3
:10ED300000000000000000000000000000000000D3
:10ED400000000000000000000000000000000000C3
:10ED500000000000000000000000000000000000B3
:10ED600000000000000000000000000000000000A3
:10ED70000000000000000000000000000000000093
:10ED80000000000000000000000000000000000083
:10ED90000000000000000000000000000000000073
:10EDA0000000000000000000000000000000000063
:10EDB0000000000000000000000000000000000053
:10EDC0000000000000000000000000000000000043
:10EDD0000000000000000000000000000000000033
:10EDE0000000000000000000000000000000000023
:10EDF0000000000000000000000000000000000013
:10EE00000000000000000000000000000000000002
:10EE100000000000000000000000000000000000F2
:10EE200000000000000000000000000000000000E2
:10EE300000000000000000000000000000000000D2
:10EE400000000000000000000000000000000000C2
:10EE500000000000000000000000000000000000B2
:10EE600000000000000000000000000000000000A2
:10EE70000000000000000000000000000000000092
:10EE80000000000000000000000000000000000082
:10EE90000000000000000000000000000000000072
:10EEA0000000000000000000000000000000000062
:10EEB0000000000000000000000000000000000052
:10EEC0000000000000000000000000000000000042
:10EED0000000000000000000000000000000000032
:10EEE0000000000000000000000000000000000022
:10EEF0000000000000000000000000000000000012
:10EF00000000000000000000000000000000000001
:10EF100000000000000000000000000000000000F1
:10EF200000000000000000000000000000000000E1
:10EF300000000000000000000000000000000000D1
:10EF400000000000000000000000000000000000C1
:10EF500000000000000000000000000000000000B1
:10EF600000000000000000000000000000000000A1
:10EF70000000000000000000000000000000000091
:10EF80000000000000000000000000000000000081
:10EF90000000000000000000000000000000000071
:10EFA0000000000000000000000000000000000061
:10EFB0000000000000000000000000000000000051
:10EFC0000000000000000000000000000000000041
:10EFD0000000000000000000000000000000000031
:10EFE0000000000000000000000000000000000021
:10EFF0000000000000000000000000000000000011
:10F000000000000000000000000000000000000000
:10F0100000000000000000000000000000000000F0
:10F0200000000000000000000000000000000000E0
:10F0300000000000000000000000000000000000D0
:10F0400000000000000000000000000000000000C0
:10F0500000000000000000000000000000000000B0
:10F0600000000000000000000000000000000000A0
:10F070000000000000000000000000000000000090
:10F080000000000000000000000000000000000080
:10F090000000000000000000000000000000000070
:10F0A0000000000000000000000000000000000060
:10F0B0000000000000000000000000000000000050
:10F0C0000000000000000000000000000000000040
:10F0D0000000000000000000000000000000000030
:10F0E0000000000000000000000000000000000020
:10F0F0000000000000000000000000000000000010
:10F1000000000000000000000000000000000000FF
:10F1100000000000000000000000000000000000EF
:10F1200000000000000000000000000000000000DF
:10F1300000000000000000000000000000000000CF
:10F1400000000000000000000000000000000000BF
:10F1500000000000000000000000000000000000AF
:10F16000000000000000000000000000000000009F
:10F17000000000000000000000000000000000008F
:10F18000000000000000000000000000000000007F
:10F19000000000000000000000000000000000006F
:10F1A000000000000000000000000000000000005F
:10F1B000000000000000000000000000000000004F
:10F1C000000000000000000000000000000000003F
:10F1D000000000000000000000000000000000002F
:10F1E000000000000000000000000000000000001F
:10F1F000000000000000000000000000000000000F
:10F2000000000000000000000000000000000000FE
:10F2100000000000000000000000000000000000EE
:10F2200000000000000000000000000000000000DE
:10F2300000000000000000000000000000000000CE
:10F2400000000000000000000000000000000000BE
:10F2500000000000000000000000000000000000AE
:10F26000000000000000000000000000000000009E
:10F27000000000000000000000000000000000008E
:10F28000000000000000000000000000000000007E
:10F29000000000000000000000000000000000006E
:10F2A000000000000000000000000000000000005E
:10F2B000000000000000000000000000000000004E
:10F2C000000000000000000000000000000000003E
:10F2D000000000000000000000000000000000002E
:10F2E000000000000000000000000000000000001E
:10F2F000000000000000000000000000000000000E
:10F3000000000000000000000000000000000000FD
:10F3100000000000000000000000000000000000ED
:10F3200000000000000000000000000000000000DD
:10F3300000000000000000000000000000000000CD
:10F3400000000000000000000000000000000000BD
:10F3500000000000000000000000000000000000AD
:10F36000000000000000000000000000000000009D
:10F37000000000000000000000000000000000008D
:10F38000000000000000000000000000000000007D
:10F39000000000000000000000000000000000006D
:10F3A000000000000000000000000000000000005D
:10F3B000000000000000000000000000000000004D
:10F3C000000000000000000000000000000000003D
:10F3D000000000000000000000000000000000002D
:10F3E000000000000000000000000000000000001D
:10F3F000000000000000000000000000000000000D
:10F4000000000000000000000000000000000000FC
:10F4100000000000000000000000000000000000EC
:10F4200000000000000000000000000000000000DC
:10F4300000000000000000000000000000000000CC
:10F4400000000000000000000000000000000000BC
:10F4500000000000000000000000000000000000AC
:10F46000000000000000000000000000000000009C
:10F47000000000000000000000000000000000008C
:10F48000000000000000000000000000000000007C
:10F49000000000000000000000000000000000006C
:10F4A000000000000000000000000000000000005C
:10F4B000000000000000000000000000000000004C
:10F4C000000000000000000000000000000000003C
:10F4D000000000000000000000000000000000002C
:10F4E000000000000000000000000000000000001C
:10F4F000000000000000000000000000000000000C
:10F5000000000000000000000000000000000000FB
:10F5100000000000000000000000000000000000EB
:10F5200000000000000000000000000000000000DB
:10F5300000000000000000000000000000000000CB
:10F5400000000000000000000000000000000000BB
:10F5500000000000000000000000000000000000AB
:10F56000000000000000000000000000000000009B
:10F57000000000000000000000000000000000008B
:10F58000000000000000000000000000000000007B
:10F59000000000000000000000000000000000006B
:10F5A000000000000000000000000000000000005B
:10F5B000000000000000000000000000000000004B
:10F5C000000000000000000000000000000000003B
:10F5D000000000000000000000000000000000002B
:10F5E000000000000000000000000000000000001B
:10F5F000000000000000000000000000000000000B
:10F6000000000000000000000000000000000000FA
:10F6100000000000000000000000000000000000EA
:10F6200000000000000000000000000000000000DA
:10F6300000000000000000000000000000000000CA
:10F6400000000000000000000000000000000000BA
:10F6500000000000000000000000000000000000AA
:10F66000000000000000000000000000000000009A
:10F67000000000000000000000000000000000008A
:10F68000000000000000000000000000000000007A
:10F69000000000000000000000000000000000006A
:10F6A000000000000000000000000000000000005A
:10F6B0000000000000000000000000000001010147
:10F6C000010101010404040404040000000000001E
:10F6D00000004054FB21F93F3163621A61B4D03D10
:10F6E0000000601A61B4D03D7370032E8A19A33BE9
:10F6F0000000002E8A19A33BC14920259A837B393B
:10F7000000000000000000006E83F9A22915444E9D
:10F71000D15727FCC0DD34F5999562DB4190433C1D
:10F72000AB6351FE61C5BBDE3A6E24B7E0D24D42F9
:10F73000EA2E49061C92D1091CEB1DFE3EA729B1F9
:10F74000F53582E88444BB2E26709CE9417E5FB487
:10F7500039D69139F43953838B5F849C3B28F9BDAA
:10F76000FF97F81F0F9805DE8B112FEF1F6D0A5AB8
:10F77000CF7E366DB709CB27663F464F2DEA5F9E99
:10F78000C7BA27757BF1E5EBF739073DEA92528A54
:10F79000B15FFB6B085D8D1FA6F810111111813F41
:10F7A000D561C119A0012ABF7DFEB157E31DC73E37
:10F7B000EB9C2B8AE6E55ABE7CD5CF5A3AD9E53D7B
:10F7C00025000000536F66744C696D6974202B002E
:10F7D000536F66744C696D6974202D006374732FC8
:10F7E000545E32006374732F545E330053204D61B6
:10F7F000782052504D00000057204D617820525023
:10F800004D0000004D61782052504D0055204F733F
:10F8100063205370656564005320486F6D696E679F
:10F8200020537065656400005720486F6D696E67EE
:10F830002053706565640000486F6D696E672053E2
:10F84000706565640000000053204A6F67205370A4
:10F850006565640057204A6F6720537065656400D2
:10F860004A6F67205370656564000000486F6D65DE
:10F87000204D6574686F640046656564204F766549
:10F8800072726964650000005261706964204F768D
:10F8900065727269646500005370696E646C6520FE
:10F8A0004F76657272696465000000005520416DF5
:10F8B000706C697475646500476C6F62616C204898
:10F8C0006F6D6500476C6F62616C204A6F67000066
:10F8D000552050697463680057205069746368004C
:10F8E0005363726577205069746368004261636B8B
:10F8F0006C617368000000004D6178204A65726B8E
:10F900000000000044656661756C742056656C00EB
:10F91000486F6D6520416363656C0000486F6D69D9
:10F920006E6720416363656C0000000053204D61E9
:10F930007820416363656C0057204D6178204163F6
:10F9400063656C004D617820416363656C00000065
:10F9500047656172204E756D000000004765617259
:10F960002044656E00000000532041727269766584
:10F970002057696E00000000572041727269766559
:10F980002057696E00000000417272697665205749
:10F99000696E0000536D6F6F74682053746F700050
:10F9A000496E76657274204469720000466F6C6C13
:10F9B0006F77204572720000706C7300486F6D6540
:10F9C000204F666673657400756D2F726576000052
:10F9D0000000000053504545443A4E207C205350CF
:10F9E0004545443A76312C76322C76332C763420C9
:10F9F0007C20504F533A76312C76322C76332C764D
:10FA000034207C204E554D3A76312C76322C76338C
:10FA10002C76340D0A000000583A52504D207C20BC
:10FA2000504F532D583A706F73207C204E554D2DFA
:10FA3000583A2B2F2D726576207C205A45524F2044
:10FA40007C205A45524F3A4E207C2053544F502030
:10FA50007C2052455345540D0A000000520000001E
:10FA60005300000055000000560000005700000041
:10FA700058000000590000005A0000009CFA0008DD
:10FA800000000024000200002403100820FB0008EE
:10FA900000020024286F020008820008113C90D068
:10FAA0000304D103240404321012012B01020201C9
:10FAB000200A29FF1C1370FA1B0874041A78041A10
:10FAC0005C041A64041A68041A6C042A6010310277
:10FAD0001B32091E40093E30C1132C601424D0355E
:10FAE0001424280133240A13384133240213884391
:10FAF00014248853422413885514249C591B2434FD
:10FB000024411A380813105A1B241A04131C5C1BB6
:10FB10002420445A2C1C013872071AAA01012C0017
:020000040810E2
:100000002DE9F0410024061B254671F1000605DAB2
:1000100001240027D0EB070067EB0101161E73F1E6
:10002000000605DA0027D2EB0702012567EB030380
:1000300000F7AEF986460E4617469C46AC4204D001
:100040000025D0EB050E65EB010624B10020D2EBB4
:10005000000760EB030C704631463A466346BDE844
:10006000F081D2B201E000F8012B491EFBD27047AB
:100070000022F6E710B513460A4604461946FFF774
:10008000F0FF204610BD10B5044604E00B7800F8E0
:10009000013B03B1491C521EF8D2204610BDCAB222
:1000A000401E10F8011F8A4202D00029F9D1002019
:1000B0007047421C10F8011B0029FBD1801A7047C1
:1000C0003EB5CA17CB0F002450405140C0186141C3
:1000D000DA0740F233430094CDE901232246234658
:1000E00000F036F803B030BD30B50B4601460020B5
:1000F0002022012409E021FA02F59D4205D303FAEA
:1001000002F5491B04FA02F52844151EA2F101026A
:10011000F1DC30BD202A04DB203A00FA02F1002095
:1001200070479140C2F1200320FA03F31943904035
:10013000704710B5141E73F1000408DA401C41F139
:10014000000192185B411A4301D120F0010010BD5B
:100150002DE9F04D92469B4611B1B1FA81F202E0D1
:10016000B0FA80F220329046FFF7D4FF04460F46E3
:1001700040EA0A0041EA0B0153465A46084313D0AD
:10018000114653EA010019D0C8F14002504600F769
:100190004BF905460E46504659464246FFF7BAFF10
:1001A000084305D0012004E020463946BDE8F08D23
:1001B0000020054346EAE0762C4337430A9863055E
:1001C000E40AA0EB08000022FD0A44EA47540A3082
:1001D00002D500200146E9E7010510196941DDE972
:1001E000084500196941BDE8F04DA2E72DE9FE4F31
:1001F00081EA030404F0004421F0004100944FF030
:10020000000B23F0004350EA01045ED052EA0304DD
:100210005BD0C3F30A54C1F30A552C44A4F2F3345F
:100220000194A0FB0254C1F3130141F48011C3F304
:10023000130343F4801301FB024400FB034E840AC2
:10024000970A44EA815447EA8357A4FB076802955A
:100250008D0A05FB07854FEA932C04FB0C542705F8
:10026000029D4FEA065847EA1637B5EB08056EEBD4
:10027000070C870E920E47EA811742EA8312A7FB0A
:100280000201B6EB0B0164EB00042B0D43EA0C33C7
:100290005E1844EB1C50DA465146E7FB0201C5F3F9
:1002A00013044FEA0B3343EA14534FEA0432019C20
:1002B00043EA0603A4F10C040294009CCDE900B4C7
:1002C000FFF746FF03B0BDE8F08F00200146F9E7D5
:1002D00030B5041E71F1000404DB4FF000444042CD
:1002E00064EB0101141E73F1000405DB1C464FF0A2
:1002F0000043524263EB0403994208BF904230BD71
:10030000202A06DBCB17203A41FA02F043EAE073D9
:1003100006E041FA02F3D040C2F1200291400843C6
:100320001946704770B58C1810F8015B15F007037B
:1003300001D110F8013B2A1106D110F8012B03E07E
:1003400010F8016B01F8016B5B1EF9D12B0705D486
:100350000023521E0DD401F8013BFAE710F8013BCF
:10036000CB1A921C03E013F8015B01F8015B521EEB
:10037000F9D5A142D8D3002070BD00001048007804
:1003800000B9704700200E4908700E4890F8270009
:10039000042806D100200B4981F82700886181F8E4
:1003A0008C00084890F8F300042807D10021054884
:1003B00080F8F310C0F8E41080F8581100BFE0E7AF
:1003C000002B00245C0800242DE9F0412DED048B66
:1003D0006F48007818B9BDEC048BBDE8F0816C481B
:1003E000343006F7FDFB0446694890ED0C0AB8EE80
:1003F000C02B00EE104AB8EEC00B80EE021B90ED51
:100400000A2B90ED080BB0EE408B01EE028BB0EEA4
:10041000480B07F735FE5E4890ED061B20EE010BFA
:10042000BDEEC00B10EE100A594949684518B0EEF0
:10043000480B09F061FC564890ED061B20EE010BBD
:10044000BDEEC00B10EE100A51498968461851489C
:10045000C560C0F8D8600068C0F802504D48D0F8B8
:10046000CC00C0F802604B48D0F8AC11C0F8A41121
:10047000D0F87812C0F87012454890ED0A1B90ED44
:10048000130AB8EEC00B21EE001B90ED0C0AB8EE7B
:10049000C00B81EE002BB0EE429BB0EE480B09F092
:1004A0002BFC3B4890ED061BB1EE411B20EE010BEF
:1004B00020EE090BBDEEC00B10EE107AB0EE480B2B
:1004C00007F7DEFD324890ED061B20EE010B20EE13
:1004D000090BBDEEC00B10EE108A002F01DB384671
:1004E00000E078422B498861B8F1000F01DB4046FB
:1004F00001E0C8F100002749C1F8E400002F01DB4A
:10050000012001E04FF0FF30224981F82600B8F1C8
:10051000000F01DB012101E04FF0FF311D4880F8A1
:10052000F2101B48343006F799F978B31848C068C0
:100530001849C860164801691648C0F8D810144810
:10054000C06814490968C1F80200114800691149DE
:10055000D1F8CC10C1F8020000200E4988610021BA
:100560000C48C0F8E41000200A4981F88C000021F2
:10057000084880F858110020064981F8270000211A
:10058000044880F8F31000200149087000BF22E7FA
:10059000002B00245C0800242DE9FE4F04460D4684
:1005A0009046002C03DBA8480078844201DBBDE8BC
:1005B000FE8F204600F760F9EDBB002004EB04112C
:1005C00001EB4101A14A02EB8101C1F8B80004EB43
:1005D000041000EB4000114601EB800090F855003C
:1005E00008281CD004EB041000EB400001EB800055
:1005F00090F95500401C90B104EB041000EB400052
:1006000001EB8000C06C002809DD04EB041101EB54
:10061000410102EB810101F1340008F07DFE02206E
:1006200004EB041101EB4101884A02EB810181F8DE
:100630002700012000E011E004EB041101EB41016F
:1006400002EB810181F88C00002004EB041101EB26
:10065000410102EB810181F82600A8E740F6B8309D
:10066000854200DD0546B8F1000F01DB012001E005
:100670004FF0FF30824604EB041000EB400073495A
:1006800001EB800090F82600F0B304EB041000EBBF
:10069000400001EB800090F92600504550D004EB5B
:1006A000041000EB400001EB800090F85500082892
:1006B00046D004EB041000EB400001EB800090F901
:1006C0005500401C00B304EB041000EB400001EBAC
:1006D0008000C06C002833DD04EB041101EB410104
:1006E0005A4A02EB810101F1340008F015FE0AFBC1
:1006F00005F004EB041101EB4101544A02EB8101C6
:10070000C1F8B800022000E01AE004EB041101EB8C
:10071000410102EB810181F82700012004EB041163
:1007200001EB410102EB810181F88C00002004EB18
:10073000041101EB410102EB810181F8260036E74B
:100740002146284606F708F80746502197FBF1F99D
:10075000B9F1320F01DA4FF032090C2099FBF0FBAE
:10076000BBF1010F01DA4FF0010B04EB041000EBB9
:100770004000364901EB80004068D0F80260BAF1D1
:10078000000F09DD3248864202DD6FF0004001E0D3
:1007900030483044029008E02D48C043864201DAD8
:1007A000C00501E02B48301A029004EB041101EB64
:1007B0004101264A02EB810101F134003B46CDE9BB
:1007C000009B3146029A06F752F804EB041000EB46
:1007D00040001E4901EB8000C761022004EB0411B8
:1007E00001EB4101194A02EB810181F82700012048
:1007F00004EB041101EB410102EB810181F88C0053
:100800004FFA88F004EB041101EB410102EB810186
:1008100081F82600002004EB041101EB410102EBFA
:100820008101C1F8B800B8F1000F01DD0AA000E0B5
:100830000AA003460A4850F824102A4609A009F0E5
:1008400041FA00BFB3E60000160000245C08002453
:10085000FF165B4A00E9A43546574400524556004E
:100860009400002425733A2025642052504D202501
:10087000732028532D4375727665290D0A000000F8
:100880002DE9FF417E48007808B9BDE8FF810024CA
:100890008CE0601C7B490968884200DD85E004EB40
:1008A000041000EB4000784901EB800090F828002C
:1008B00000B97AE004EB041000EB4000724901EB50
:1008C000800090F82C0001286ED1204601F7D0F866
:1008D000002869D004EB041101EB41016A4A02EBE4
:1008E00081010E6B002E00DC0526022104EB0412B0
:1008F00002EB4202644B03EB820282F82C100021CF
:1009000004EB041202EB420203EB82021161314656
:10091000204600F05FF904EB041101EB41015A4A53
:1009200002EB8101CD69012202EB041291B208466B
:1009300005F70AFC02AB03AA0146284608F0AEFC04
:10094000DDE90221CDE9001204EB041202EB4202C0
:100950004D4B03EB8202516904EB041202EB42029D
:1009600003EB820202F134072B460022384605F7DA
:100970007EFF04EB041101EB4101434A02EB8101CC
:10098000496904EB041202EB42023F4B03EB820283
:10099000D16004EB041202EB420203EB8202204618
:1009A000D16801F7ABF900BF00BF641C374800787D
:1009B0008442FFF66EAF002417E0601C31490968DD
:1009C000884200DD10E004EB041000EB40002E49EB
:1009D00001EB800090F8280000B905E0204601F7FF
:1009E00047F800B951E700BF641C284800788442EA
:1009F000E3DB00202249087000242CE004EB041003
:100A000000EB4000204901EB800090F8280008B37B
:100A1000002004EB041101EB41011B4A02EB8101B0
:100A200081F8280004EB041101EB410102EB810184
:100A300081F82C0004EB041000EB4000114601EBA0
:100A4000800090F82700022804D111480168204650
:100A500000F0C0F8641C0D4800788442CEDB0DA085
:100A600009F030F9114809F02DF9114809F02AF977
:100A7000074801680FA009F025F900BF05E700004D
:100A8000BC000024280100245C0800241600002477
:100A9000B40000240D0A3D3D3D20486F6D696E672E
:100AA00020446F6E65203D3D3D0D0A00D4F90008DD
:100AB00018FA00084D6F76652073706565643A20FA
:100AC00025642052504D0D0A0000000010B5044668
:100AD000204601F743F95238092816D2DFE800F022
:100AE0000B13150D0F1105070900002010BD012083
:100AF000FCE70220FAE70320F8E70420F6E70520E8
:100B0000F4E70620F2E70720F0E74FF0FF30EDE7CB
:100B1000B0B502460B46012400250020186010786D
:100B20002D2802D1A41E521C03E010782B2800D1DE
:100B3000521C107808B90020B0BD00210FE0505CB5
:100B4000302809DB505C392806DC0A20A5FB007040
:100B5000505C30383D1801E00020EDE7491C505C46
:100B60000028ECD101201860A5FB0401E4E7F0B5F2
:100B700004460E46002018600120106020782D28C1
:100B800004D14FF0FF301060641C03E020782B2864
:100B900000D1641C207808B90020F0BD0025002198
:100BA0000FE0605C302809DB605C392806DC605CA3
:100BB000303805EB850700EB470501E00020ECE746
:100BC000491C605C0028ECD135600120186000BF32
:100BD000E3E7000070B504460D462146284605F7B8
:100BE000BBFD04EB041101EB41010B4A02EB810157
:100BF000C86104EB041000EB4000114601EB8000DB
:100C0000C069192190FBF1F004EB041101EB4101E3
:100C100002EB8101086270BD5C0800242DE9F84FE9
:100C20000446002C03DBE4480078844201DBBDE885
:100C3000F88F2046FFF620FE002004EB041101EBA4
:100C40004101DE4A02EB8101C1F8B80004EB041057
:100C500000EB4000114601EB80004068D0F8020034
:100C600004EB041101EB410102EB8101C860852016
:100C700005F76AFA804600250126002704EB0410D8
:100C800000EB4000CD4901EB800090F855000828AA
:100C900023D004EB041000EB400001EB800090F93E
:100CA0005500401CC8B104EB041000EB400001EB00
:100CB0008000C06C002810DD04EB041000EB400045
:100CC00001EB8000C56C04EB041000EB400001EB6D
:100CD000800090F9546001271BE004EB041000EB46
:100CE0004000B64901EB80008069002811DD04EB6B
:100CF000041000EB400001EB8000856904EB041058
:100D000000EB400001EB800090F9266006B9012657
:100D10000027B8F1000F7CD0002D7ADD04EB041021
:100D200000EB4000A54901EB8000D0F81CB050203A
:100D30009BFBF0F9B9F1320F01DA4FF032090C20C8
:100D400099FBF0FABAF1010F01DA4FF0010AE7BBA3
:100D500004EB041000EB4000984901EB8000C168EF
:100D600004EB041000EB4000944A02EB8000816425
:100D700004EB041000EB4000114601EB8000C56459
:100D8000002104EB041000EB400002EB8000016541
:100D900004EB041000EB4000114601EB800080F8EA
:100DA000546004EB041000EB400001EB8000C168CC
:100DB00004EB041000EB400002EB8000016403210F
:100DC00004EB041000EB400000E003E002EB8000C5
:100DD00080F8551004EB041000EB4000774901EB5C
:100DE0008000C0F834B004EB041000EB400001EBCD
:100DF0008000C0F8389004EB041000EB400001EBD9
:100E00008000C0F83CA004EB041101EB41016B4AE7
:100E100000E02EE002EB810101F1340008F07CFAE1
:100E2000022004EB041101EB4101644A02EB810151
:100E300081F82700012004EB041101EB410102EBD2
:100E4000810181F88C00002004EB041101EB4101C9
:100E500002EB810181F826002146284600F7B3FF06
:100E60000090574850F8241056A0009A08F02AFF26
:100E7000A0E0E7B304EB041000EB40004F4901EBA6
:100E80008000C069502190FBF1F9B9F1320F01DA0D
:100E90004FF032090C2099FBF0FABAF1010F01DA98
:100EA0004FF0010A04EB041000EB4000434901EB52
:100EB0008000C0F8389004EB041000EB400001EB18
:100EC0008000C0F83CA004EB041101EB41013B4A57
:100ED00002EB810101F1340008F01EFA022004EB5C
:100EE000041101EB4101354A02EB810100E014E0FD
:100EF00081F82700012004EB041101EB410102EB12
:100F0000810181F88C00002004EB041101EB410108
:100F100002EB810181F8260046E004EB041000EBAF
:100F20004000264901EB800090F82700022819D1E3
:100F3000002004EB041101EB4101204A02EB810186
:100F400081F8260004EB041101EB410102EB810161
:100F5000886104EB041101EB410102EB810181F88E
:100F60008C0021E0002004EB041101EB4101134A45
:100F700002EB810181F82600012004EB041101EB52
:100F8000410102EB810181F8270004EB041000EB22
:100F90004000114601EB8000C06804EB041101EB36
:100FA000410102EB81010861054850F8241011A0AD
:100FB00008F088FE00BF3AE6160000245C08002412
:100FC000940000243E3E3E2025733A20534D4F4F5F
:100FD00054482053544F502028532D437572766542
:100FE0002920763D256C642052504D203C3C3C0D20
:100FF0000A0000003E3E3E2025733A2053544F50D5
:10100000203C3C3C0D0A000070B50446254600E03B
:10101000641C20782028FBD020780928F8D0AC4226
:1010200009D003E014F8010B05F8010B2078002823
:10103000F8D1287003E02046FFF73BF8051903E0DC
:101040000021681E05460170A54207D915F8010C5C
:101050002028F5D015F8010C0928F1D070BD00004A
:1010600010B5012914D18A0400EB001303EB4303EC
:10107000124C04EB8303C3F8C02040F2654200EB3E
:10108000001303EB430304EB8303C3F8C42014E011
:101090004FF4002200EB001303EB4303074C04EB77
:1010A0008303C3F8C02040F6354200EB001303EB86
:1010B000430304EB8303C3F8C42010BD5C08002481
:1010C00030B502460B464FF6FF70002112E0545C2B
:1010D000604000240AE000F0010525B14AF2010554
:1010E00085EA600000E04010651CECB2082CF2DBE1
:1010F0004C1CE1B29942EADB30BD000010B500BFE4
:101100004C48006800F4003000B139E000BF00BF77
:1011100000BFBFF34F8F00BF00BF00BF00BF00BFC5
:1011200000BFBFF36F8F00BF00BF00BF0020424968
:10113000086000BF00BF00BFBFF34F8F00BF00BFFC
:1011400000BF00BF00BF00BFBFF36F8F00BF00BF75
:1011500000BF3848006840F400303649086000BFDE
:1011600000BF00BFBFF34F8F00BF00BF00BF00BF75
:1011700000BF00BFBFF36F8F00BF00BF00BF00BF45
:1011800000BF2C4B1B6803F4803303B148E00023FD
:10119000284C7034236000BF00BF00BFBFF34F8FE7
:1011A00000BF00BF00BF231F1868C0F34E3100BF4F
:1011B000C0F3C90200BF43F6E07303EA41134FF0E6
:1011C000404404EA827423431B4C1034236000BF64
:1011D00000BF131EA2F10102EDD10B1EA1F101010E
:1011E000E6D100BF00BF00BFBFF34F8F00BF00BFFD
:1011F00000BF104B1B6843F480330E4C236000BFCC
:1012000000BF00BFBFF34F8F00BF00BF00BF00BFD4
:1012100000BF00BFBFF36F8F00BF00BF00BF00BFA4
:1012200005484C30006840F0040003494C31086028
:1012300010BD000014ED00E050EF00E000B597B0E5
:10124000FE48B0F8020113901398012827DB40F6FE
:10125000B8311398884222DCF9491398096888420A
:101260001DD0F749139808600020129012E01298E0
:1012700000EB001000EB4001F24800EB810090F819
:10128000280020B9EE4801681298FFF7A3FC1298D5
:10129000401C1290EC49097812988842E7DBE74835
:1012A000B0F8C40001285FD1E448B0F8C00000B233
:1012B0001590E248B0F8C200139000201290E24866
:1012C0000078401E1190E04909781398884203DAAB
:1012D0001398129013981190159898B9129810902D
:1012E0000BE01098401CD9490968884202DC10982C
:1012F000FFF794FC1098401C1090DDE91001884223
:10130000EFDD2CE01598002801DD012001E04FF011
:10131000FF3014901598002801DD159801E015980C
:101320004042109040F6B8311098884201DD0846DE
:10133000109012980F900DE00F98401CC349096857
:10134000884204DC149ADDE90F01FFF725F90F98B4
:10135000401C0F9011990F988842EDDD00BF0020CE
:10136000B649A1F8C40000BFB448B0F8CC000128C9
:101370007ED1B248B0F8CA00139000201290B24853
:101380000078401E1190B04909781398884203DA1A
:10139000139812901398119012981090F4E01098EE
:1013A000401CAA49096888427EDCA448B0F8A00124
:1013B000ADF83C00A148B0F8A201ADF83E009DEDAB
:1013C0000F0A8DED0E0A109800EB001000EB4000A4
:1013D0009C4901EB800090F8C80001287BD110984F
:1013E00000EB001000EB400001EB8000D0F8BC00E7
:1013F0000C90109800EB001000EB400001EB800017
:1014000040690B90DDED0E0A9DED0C0AB8EEC00AA6
:1014100020EE800ADFED8E0A80EE201ABDEEC10AB2
:101420008DED0A0A03E00C990A98401A0A900C996B
:101430000A988842F7DA03E00C990A9808440A905F
:101440000A980028F8DBDDE90B0190FBF1F0484336
:101450000990DDE90901084408900C9908980844AE
:1014600007900C990898401A06900B99089800E08C
:1014700094E0401A05900598002802DA0598404249
:1014800005900B990798401A04900498002802DAF6
:101490000498404204900B990698401A03900398D0
:1014A000002804DA039800E06BE0404203900898BB
:1014B0000290DDE90401884203DA0798029004985B
:1014C000059005990398884201DA069802900298DF
:1014D000169038E0FFE70721109801EB001080B26A
:1014E0000A9004F731FE0C900C98002802DC41F2BF
:1014F00088300C90109800EB001000EB4001514830
:1015000000EB8100D0F8BC000B900B98002803DCA6
:10151000109801F75DFA0B90DDED0E0A9DED0B0AB8
:10152000B8EEC00A20EE800ADFED4A0A60EE200A1B
:101530009DED0C0AB8EEC00A80EE801ABDEEC10A1D
:101540008DED160A00BF3D491698A1F8C6004FF66A
:10155000FF71169801EA20403849A1F8C8000846F2
:10156000B0F88E0100B20D900D98002801DCC82063
:101570000D9033490D98086016991098FFF6A4F85D
:1015800000BF1098401C1090DDE9100188427FF7E1
:1015900006AF00202949A1F8CC0000BF2748B0F8C9
:1015A000D200012848D12548B0F8CE0000B21390EF
:1015B0002248B0F8D0001290002011902248007804
:1015C000401E1090204909781298884203DA129838
:1015D00011901298109011980F9024E00F98401CD1
:1015E0001A49096888421BDC0F9800EB001000EBD9
:1015F0004000144901EB800040690F9A02EB02128F
:1016000002EB42020F4B03EB82021399D2F8BC208B
:1016100081FB02124018169016990F98FFF654F8A5
:101620000F98401C0F90DDE90F018842D6DD0021A4
:101630000248A0F8D21000BF00480DE0DC210024D1
:10164000B40000245C0800241600002428010024B3
:101650000000B44300007A44B0F8D80001287DD1DE
:10166000FD48B0F8D4001390FB48B0F8D6001290B3
:1016700000201190F9480078401E1090F749097831
:101680001298884203DA12981190129810901398C9
:10169000012819D111980F900BE00F98401CF049C8
:1016A0000968884202DC0F98FFF7B8FA0F98401CCF
:1016B0000F90DDE90F018842EFDD0020E649A1F837
:1016C000FE00A1F862005FE11398022854D10020C7
:1016D0000F9011980E9045E00E98401CE049096863
:1016E00088423ADC0E9800EB001000EB4000DD4928
:1016F00001EB80004068007800F00800B0B1802164
:101700000E9800EB001000EB4000D64A52F8200083
:10171000018001210E9800EB001000EB400002EB6D
:10172000800080F8291001200F9016E00E9800EB41
:10173000001000EB4000CB4901EB8000807A60B9DB
:1017400003210E9800EB001000EB4000C54A02EBAD
:10175000800080F8291001200F9000E019E10E9818
:10176000401C0E9010990E988842B5DD0F9810B16C
:101770000120BD49087007E113980328A3D1B6489A
:10178000B0F8920100B20F900F98002801DCC82039
:101790000F90B6490F98086005210F9890FBF1F063
:1017A0000E900E98052801DA05200E90B0A0DDE914
:1017B0000E2108F087FA11980D90DCE00D98401C7E
:1017C000A7490968884279DC0D98FFF655F80D980D
:1017D00000EB001000EB4000A24901EB80004069E3
:1017E0000C900E9807900D980890089801F7F0F863
:1017F00006900798002801DD079801E0079840420D
:101800000590DDE9050180FB012141F27073D018DC
:1018100041F100015A000023CDE90201FEF7F0FB7F
:1018200004900798002801DD049801E004984042E4
:101830003C2180FB01010B900C98002801DD0B98E6
:1018400001E00B9840420A900C98002801DD0C98AA
:1018500001E00C984042099009990B98B1EB400FB8
:101860000BDC00200A900A210F9890FBF1F00E90FB
:101870000E98022801DA02200E9002210D9800EB4A
:10188000001000EB4000774A02EB800080F8271040
:101890000D9901EB011101EB410102EB81010A9865
:1018A000086101210D9800EB001000EB400002EBF5
:1018B000800080F828100A9808B101E058E0022161
:1018C0000D9800EB001000EB4000664A02EB800030
:1018D00080F82C10DDE90D1001EB011101EB410145
:1018E00002EB810108630A9808B10F9800E00E9896
:1018F000014608900D98FFF76DF90D9800EB001068
:1019000000EB4001574800EB8100C06908900121BD
:101910000D9801EB001080B2049004F715FC0790BD
:1019200005AB06AADDE9071007F0B8FCDDE9050103
:10193000CDE900100D9800EB001000EB4000494984
:1019400001EB800034300490089B0A9A0C9904F74C
:101950008EFFDDE90C0101EB011101EB4101414A70
:1019600002EB8101C860DDE90C1000F7C7F900BF88
:101970000D98401C0D9010990D9888427FF71EAF6E
:1019800001214648017000BF00203349A1F8D8006A
:1019900000BF3148B0F8DC0001285CD12E48B0F817
:1019A000DA00139000200890E2E02C4909780898AA
:1019B000884200DBE0E0089804280CDA6F210898E0
:1019C00001EB400080B20790D421089801EB400061
:1019D00080B206900DE00898001FFB2101EB40004B
:1019E00080B207900898001FF32101EB400080B2FD
:1019F00006900898401C1A490968884200DDB4E046
:101A00001549069831F81000ADF824000698401CDE
:101A100031F81000ADF82600079831F810100E4A82
:101A2000401C32F8100041EA00400590089800EB95
:101A3000001000EB40010B4800EB8100D0F8BC0027
:101A4000002830DD089800EB001000EB400005494D
:101A500001EB800024E045E1DC2100241600002495
:101A6000280100245C08002414000024B80000248D
:101A70003E3E3E205A45524F3A20666173743D25E2
:101A8000642052504D2C2063726565703D256420A2
:101A900052504D203C3C3C0D0A000000BC0000248C
:101AA000D0F8BC0002E0089800F792FF0490089874
:101AB00000EB001000EB4001FE4800EB810090F8C5
:101AC000C800012810D1DDED090A9DED040AB8EE29
:101AD000C00A20EE800ADFEDF80A80EE201ABDEE83
:101AE000C10A8DED030A25E00721089801EB0010DB
:101AF00080B2019004F728FB02900298002802DCD3
:101B000041F288300290DDED090A9DED040AB8EE3D
:101B1000C00A20EE800ADFEDE90A60EE200A9DEDA2
:101B2000020AB8EEC00A80EE801ABDEEC10A8DED41
:101B3000030A00BF05990398401A029002980128F1
:101B400003DC0298B0F1FF3F0EDA039881B2DC4A61
:101B5000079822F810104FF6FF71039801EA204110
:101B60000798401C22F8101000BF0898401C0890ED
:101B700008980828FFF619AF00BF20210BA8FEF730
:101B800077FACF48B0F8DE00CD49B1F8E01040EA6E
:101B900001400B90CA48B0F8E200C949B1F8E4101E
:101BA00040EA01400C90C648B0F8E600C449B1F8DC
:101BB000E81040EA01400D90C148B0F8EA00C04981
:101BC000B1F8EC1040EA01400E90BD48B0F8F601C3
:101BD000BB49B1F8F81140EA01400F90B848B0F89D
:101BE000FA01B749B1F8FC1140EA01401090B4483D
:101BF000B0F8FE01B249B1F8001240EA014011907C
:101C0000AF48B0F80202AE49B1F8041240EA014010
:101C10001290AB48B0F8EE00A949B1F8F01040EAD4
:101C200001400A900A98002802DCA64800680A9041
:101C30001398012820D10BA80A9905F089F80120F2
:101C40009F49A1F86000DDE9102312990A98CDE9B7
:101C50000223CDE90410DDE90E01CDE900010D9864
:101C600009900C9808900B98079001469648DDE97A
:101C7000082308F027F830E01398022802D01398C0
:101C800003282AD11398801EC0B20A99CDE9000119
:101C90000E9809900D9808900C9807900B98069054
:101CA00007A90EC904F0E8FE01208549A1F86000EB
:101CB0001398022801D185A100E085A10E98CDE9F5
:101CC00000010D9809900C9808900B980790014618
:101CD00080A0DDE9082307F0F5FF00207849A1F88E
:101CE000DC0000BF7648B0F8FE0013907448B0F8EE
:101CF000F20012907248B0F8F40011907048B0F8F9
:101D0000FC00109000200F907E480078401E0E903E
:101D10007C4909781298884203DA12980F90129839
:101D20000E901398012859D17748008890BB6448D9
:101D3000B0F8F60000B20D906148B0F8F8006049C4
:101D4000B1F8FA1040EA01400C900D98002803DC2D
:101D5000812004F7F9F90D900D98002801DCC820C6
:101D60000D900F980B9026E00B98401C674909686E
:101D7000884200DD1CE0119868B90D980A9010980F
:101D8000012802D10A9840420A90DDE90A10FFF6C4
:101D9000E5FE0CE022E0109808B90C9801E00C98E0
:101DA00040420A90DDE90A10FFF68AFE00BF00BF3C
:101DB0000B98401C0B900E990B988842D4DD0120A3
:101DC0003F49A1F862001198012803D100213C4845
:101DD000A0F8FE104E491098088060E01398012882
:101DE0003ED14948008801283AD11198B8BB4849EA
:101DF00009881098884233D04549109808803048A7
:101E0000B0F8F60000B20D900D98002803DC812098
:101E100004F79AF90D900D98002801DCC8200D9068
:101E20000F980C9016E00C98401C384909688842BD
:101E300000DD0CE00D980B901098012802D10B9852
:101E400040420B90DDE90B10FFF688FE00BF0C98B6
:101E5000401C0C900E990C988842E4DD1FE0FFE7CF
:101E60001398E0B928480088012818D11198B0B912
:101E70000F980D900BE00D98401C2449096888428A
:101E800002DC0D98FEF7CAFE0D98401C0D90DDE9AE
:101E90000D018842EFDD00200949A1F862001A49CE
:101EA000139808800648B0F8000101287ED1044844
:101EB00030E000005C0800240000B44300007A44D5
:101EC000DC210024B40000243CF910084357000032
:101ED000434357003E3E3E20496E74657270204178
:101EE00072633A20433D2825642C25642920453D12
:101EF0002825642C256429202573203C3C3C0D0AB0
:101F000000000000160000248200002428010024A4
:101F10008400002490F8060213901398012802DB35
:101F20001398082807DD03202549A1F8BC000020EC
:101F3000A1F8000141E000201290119018E01198E2
:101F4000401C20490968884200DD0EE0119800EB32
:101F5000001000EB40001C4901EB800090F88C0061
:101F600010B10120129006E000BF1198401C1190A2
:101F700011980828E3DB00BF129838B103201049FC
:101F8000A1F8BC000020A1F8000115E00F4913984A
:101F900008700B4890F808020D490870084890F83E
:101FA0000A020C4908700220054900E006E0A1F889
:101FB000BC000020A1F8000100BF00BF17B000BDA9
:101FC000DC210024280100245C08002416000024E1
:101FD00017000024180000242DE9F0470546894623
:101FE00015B90020BDE8F087484600F75DFD0446BE
:101FF000002D01DD284600E06842824602220023CF
:102000002046E117FDF7FCFF42F6E0628AFB023250
:10201000C71851412246E3173846FDF7F1FF06463F
:10202000002D01DD3046DDE77042DBE700B5B5B0DD
:1020300000BF3948006840F0010037490860084691
:10204000006800F00100009000BF00BF00BF08461C
:10205000006840F0010008600846006800F00100D8
:10206000009000BF00BF0120019000201F9001A838
:1020700003F092F800BF28481030006840F01000CC
:102080002549103108600846006800F010000090F3
:1020900000BF00BF4FF4007030900220319001204B
:1020A0003290022033900720349030A91B4802F070
:1020B00003FE4FF4806030900720349030A9174819
:1020C00002F0FAFD1648174908604FF46120486095
:1020D000002114488160C16001610C21416100212F
:1020E0008161C161016200200E498862084604F0E6
:1020F0000EFC00220521252001F726FE252001F7F0
:102100000FFE08480068006840F020000549096893
:10211000086035B000BD0000E044025800000258DD
:10212000001001409C10002430B587B000200690BC
:102130004E4801F77BFA4EA007F0C4FD4FF4004370
:1021400000220121494801F7ADFA04463CB121467D
:102150004CA007F0B7FD4FF0FF3007B030BD55A0E1
:1021600007F0B0FD002500BF06AB002201213F486B
:1021700002F09DFB044634B1214657A007F0A2FDB2
:102180004FF0FF30E9E76D1CB5F57A7F06DD60A002
:10219000069907F097FD4FF0FF30DEE7069800F450
:1021A00000400028E0D165A007F08CFD05AB0022BF
:1021B00001212E4802F07BFB044604AB01221146AC
:1021C0002A4802F074FB044303AB1F220121274875
:1021D00002F06DFB044302AB02220121234802F00E
:1021E00066FB044301AB03220121204802F05FFBA0
:1021F000044358A0059907F065FD5DA0049907F018
:1022000061FD62A0039907F05DFD67A0029907F0E8
:1022100059FD71A0019907F055FD2CB17AA007F086
:1022200051FD4FF0FF3098E7029850B9019840B93E
:10223000814807F047FD81A007F044FD4FF0FF30D3
:102240008BE740F281110298884204D14BF681015C
:102250000198884207D088A007F034FD95A0DDE9F9
:10226000012107F02FFD002077E70000300F002448
:10227000737461727420736F667420726573657411
:102280000D0A00005B444D393136315D20577269CB
:1022900074652042435220536F6674205265736503
:1022A00074204641494C4544202872746E3D256493
:1022B000290D0A00636865636B20736F6674207272
:1022C000657365742069732066696E697368206F31
:1022D00072206E6F740D0A005B444D393136315DEA
:1022E00020526561642042435220647572696E67B2
:1022F0002072657365742077616974204641494C8A
:102300004544202872746E3D2564290D0A000000A2
:102310005B444D393136315D20536F6674207265F0
:102320007365742054494D454F55542028424352FB
:102330003D30782530346C58290D0A00736F66746F
:102340002072657365742069732066696E697368AD
:102350000D0A00005B444D393136315D2042435255
:1023600020202020203D30782530346C580D0A0084
:102370005B444D393136315D2042535220202020BC
:10238000203D30782530346C580D0A005B444D39BF
:102390003136315D2050485953435352203D3078F7
:1023A0002530346C580D0A005B444D393136315DAF
:1023B0002050485949315220203D30782530346C26
:1023C00058202865787065637465642030783031F2
:1023D0003831290D0A0000005B444D393136315D3A
:1023E0002050485949325220203D30782530346CF5
:1023F00058202865787065637465642030784238A9
:102400003831290D0A0000005B444D393136315D09
:10241000204552524F523A204D44494F2072656137
:10242000642072657475726E65642048414C5F4526
:1024300052524F520D0A0000F8F810085B444D3913
:102440003136315D20436865636B3A20504859202E
:102450007265736574204750494F2C204D44494F95
:102460002070756C6C2D75702C205048592061645B
:1024700064726573730D0A005B444D393136315D0A
:10248000205741524E494E473A205048592049441E
:10249000206D69736D617463682C20627574204DC2
:1024A00044494F20697320776F726B696E670D0A1C
:1024B000000000005B444D393136315D20457870B5
:1024C00065637465642044617669636F6D20444D73
:1024D000393136312C20676F74205649443D3078AD
:1024E0002530346C58205049443D30782530346CC8
:1024F000580D0A0000B587B000BF4748006840F497
:102500008050454908600846006800F480500190FA
:1025100000BF00BF00BF40480C30006840F004001E
:102520003D490C3108600846006800F00400019045
:1025300000BF00BF00BF0846006840F00800086008
:102540000846006800F00800019000BF00BF00BF0F
:102550000846006840F0100008600846006800F077
:102560001000019000BF00BF00BF0846006840F0A7
:10257000200008600846006800F02000019000BFBD
:1025800000BF00BF0846006840F0400008600846F1
:10259000006800F04000019000BF00BF4EF23370B1
:1025A00002900220039001200490032005900C204B
:1025B000069002A9194802F07FFB4FF68070029046
:1025C00002A9174802F078FB4FF48060029002A93C
:1025D000144802F071FB4FF4007002900120039048
:1025E000022005900020049002A90F4802F064FB2D
:1025F00000224FF400710C4801F78AFA0120FFF61F
:1026000063FE01225102084801F782FAC820FFF652
:102610005BFE07B000BD0000D4440258000C025815
:1026200000100258001802580008025800B59BB06C
:102630004C2108A8FDF71CFD1C2101A8FDF718FD81
:10264000184808901848099008200190022002902C
:102650000A2003900F200490002005900690079018
:1026600004200A9002210B9100210C9110210D9160
:1026700000210E910F911091810211910021129170
:102680001391149115911691179101AA01A908A807
:1026900003F05EFF18B1E12104A000F795F91BB02B
:1026A00000BD000000400052044100522E2E5C5537
:1026B0007365725C5372635C444D393030302E6305
:1026C00000000000F0B5856D846D984F0668BE422D
:1026D00070D0964F18370668BE426BD0934F303794
:1026E0000668BE4266D0914F48370668BE4261D048
:1026F0008E4F60370668BE425CD08C4F78370668D4
:10270000BE4257D0894F90370668BE4252D0874F9D
:10271000A8370668BE424DD0854F0668BE4249D0F4
:10272000834F18370668BE4244D0814F3037066861
:10273000BE423FD07E4F48370668BE423AD07C4FFB
:1027400060370668BE4235D0794F78370668BE429A
:1027500030D0774F90370668BE422BD0744FA837E1
:102760000668BE4226D0734F0668BE4222D0714F23
:1027700014370668BE421DD06E4F28370668BE4229
:1027800018D06C4F3C370668BE4213D0694F5037A3
:102790000668BE420ED0674F64370668BE4209D055
:1027A000644F78370668BE4204D0624F8C370668A3
:1027B000BE4201D1012600E000263EB1D0E91976E3
:1027C0007E60C66E16B1D0E91C767E60574F0668F3
:1027D000BE4249D0554F18370668BE4244D0534FC9
:1027E00030370668BE423FD0504F48370668BE4279
:1027F0003AD04E4F60370668BE4235D04B4F7837DF
:102800000668BE4230D0494F90370668BE422BD092
:10281000464FA8370668BE4226D0454F0668BE42DE
:1028200022D0434F18370668BE421DD0404F303784
:102830000668BE4218D03E4F48370668BE4213D0E5
:102840003B4F60370668BE420ED0394F7837066876
:10285000BE4209D0364F90370668BE4204D0344F8E
:10286000A8370668BE4201D1012600E00026DEB18D
:1028700090F85C6006F01F073F26BE40AE60066819
:10288000366826F4802607683E60066873608668AE
:10289000402E04D10668B2600668F16044E0066824
:1028A000B1600668F2603FE0224F0668BE4222D067
:1028B000204F14370668BE421DD01E4F28370668C9
:1028C000BE4218D01B4F3C370668BE4213D0194F8A
:1028D00050370668BE420ED0164F64370668BE42B7
:1028E00009D0144F78370668BE4204D0114F8C3798
:1028F0000668BE4201D1012600E00026A6B190F88C
:102900005C6006F01F070126BE40666006687360C3
:102910008668402E04D10668B2600668F16003E064
:102920000668B1600668F260F0BD00001000024069
:102930001004024008540258002106E04FF4FA71D6
:1029400000BF0A1EA1F10101FBD1021EA0F101008E
:10295000F4D1704710B500220EE002EB4204C368C8
:1029600003EBC40100230B604B608B60CB6000F174
:10297000180343F82210521C042AEED30024846268
:102980000324036803F58053C3F82C41036803F55F
:102990008053C468C3F81441036803F58053C468C6
:1029A000C3F8204110BD000010B5036803F5805343
:1029B0001B6847F60204A3430C682343046804F52C
:1029C000805423600C798B6843EA04330C7B43EA20
:1029D000C432036803F580535B684DF20104A343DE
:1029E0001343046804F5805463604C7B0B6A43EA2C
:1029F0000442036803F58053D3F80031164C23409A
:102A00001343046804F58054C4F800310C7D0B694D
:102A100043EA04134C7F43EA0432036803F580530E
:102A2000D3F804310D4C23401343046804F580545B
:102A3000C4F804310C7F8B6943EAC472036803F560
:102A40008053D3F80831064C23401343046804F53F
:102A50008054C4F8083110BD00C0FEFFEFEFC0FF86
:102A6000FFFFC07F2DE9F04188B004460D461646B1
:102A70001F46DDF83880234802F075F822482149C6
:102A80000860002088600846C0F80C8000210174AE
:102A90004174817444618561C661076241638163E9
:102AA000C163012101640421416400210165816544
:102AB000C16501210166002141660421816600F79C
:102AC0008FFE18B1012008B0BDE8F0810020009011
:102AD00001900220029001200390002004900590B4
:102AE0006946084801F0EBFF08B10220EBE7054812
:102AF00000F7F4FF00220121024800F71DFE00202C
:102B0000E1E70000F020002400A0004010B50146DD
:102B10004A6B0868D0F884004FF6FC74A04340EA82
:102B200082000C68C4F884000868D0F8840020F49F
:102B30007F04088F44EA00400C68C4F88400886B66
:102B400002440868D0F888004FF6FC74A04340EABD
:102B500082000C68C4F888000868D0F8880020F467
:102B6000FE04888F44EA00400C68C4F88800C86BF3
:102B700002EB40020868D0F8A0004FF6FC74A043B6
:102B800040EA82000C68C4F8A0000868D0F8A000F1
:102B900020F4FE044020405A44EA00400C68C4F887
:102BA000A000D1E9104004FB00220868D0F8B00072
:102BB0004FF6FC74A04340EA82000C68C4F8B000F1
:102BC0000868D0F8B00020F4FE04B1F8480044EAE8
:102BD00000400C68C4F8B000D1E9124004FB0022A8
:102BE0000868D0F8AC004FF6FC74A04340EA8200BD
:102BF0000C68C4F8AC00D1E9144004FB002208685A
:102C0000D0F8F0004FF6FC74A04340EA82000C6854
:102C1000C4F8F0000868D0F8F00020F47C14B1F893
:102C2000580044EA00400C68C4F8F000886D02EBDC
:102C300040020868D0F8C0004FF6FC74A04340EA98
:102C400082000C68C4F8C0000868D0F8C00020F406
:102C50007C14B1F85C0044EA00400C68C4F8C00081
:102C60000868D0F8C00020F07C5491F8600044EA75
:102C700000600C68C4F8C0002A4C486B04EB80006C
:102C8000C866CC6E886B04EB80040C670C6FC86B55
:102C900004EBC0044C67D1E9100460434C6F04EBB3
:102CA00080048C67D1E9120460438C6F04EB8004CC
:102CB000CC67D1E914046043CC6F04EB800480201E
:102CC00044504458886D04EBC004842044508C6EFA
:102CD000C86D60438424645804EB80048820445009
:102CE0008C6E086E60438824645804EB8004902046
:102CF000445040580C4CA04209D99831486840F0E3
:102D000020004860032001F89809012010BDCB6E17
:102D100002E0002018601B1D902040589842F8D80F
:102D20000020F3E700AC0040FCD3004070B504463F
:102D3000B3F5804F13D1D1E9000540EA05108D6845
:102D400040EA05208D6928438D8940EA054054F802
:102D50002250064E3540284344F8220003E06FF02D
:102D6000704044F82200002070BD00000000F0CF49
:102D700070B50246086852F8200020F001000E6885
:102D800042F826008868082801D1402500E0002587
:102D9000486828438E683043CE6830430E6930431C
:102DA0004E6930438E693043CE6930430E6A3043FA
:102DB0004E6A30438E6A3043CE6A40EA0603086B9F
:102DC0000343486B0343886B0343114C44F4801462
:102DD00044F4001444F4E024086852F82000A043AE
:102DE00018430E6842F82600086BB0F5801F07D123
:102DF000086828B1106820F480100E6B3043106012
:102E0000086818B110684E6B30431060002070BD28
:102E10007FFB080030B50346D1E9000540EA051004
:102E20008D6840EA05208D8940EA0545088A401EE4
:102E300045EA0055087D801E45EA00608D692843FB
:102E4000551C53F8255005F040452843551C43F8C0
:102E50002500186800F48010B0F5801F0BD1586869
:102E600020F47004088A401E44EA0054586820F494
:102E7000700020435860002030BD0000014600294A
:102E800001DB082902DB4CF25030704719B10129EF
:102E900001D0022902D14CF25030F6E701EB0110CB
:102EA00000EB4000064A02EB800090F8C8000128C1
:102EB00002D148F6A040E8E74CF25030E5E70000C8
:102EC0005C0800240146002901DB082902DB4CF2E2
:102ED0005030704719B1012901D0022902D14CF2BA
:102EE0005030F6E701EB011000EB4000064A02EB20
:102EF000800090F8C800012802D148F6A040E8E719
:102F00004CF25030E5E700005C08002470B5044640
:102F10000CB9012070BD94F83500022803D0802040
:102F200060650120F6E7DC492068884249D0DA492B
:102F300018312068884244D0D7493031206888420F
:102F40003FD0D5494831206888423AD0D2496031D3
:102F50002068884235D0D04978312068884230D006
:102F6000CD499031206888422BD0CB49A8312068C8
:102F7000884226D0C9492068884222D0C7491831E2
:102F8000206888421DD0C54930312068884218D059
:102F9000C24948312068884213D0C0496031206856
:102FA00088420ED0BD4978312068884209D0BB499B
:102FB00090312068884204D0B849A83120688842FE
:102FC00001D1012000E00020F0B3042084F8350096
:102FD000B149206888424BD0AF49183120688842F7
:102FE00046D0AD4930312068884241D0AA494831A5
:102FF000206888423CD0A84960312068884237D098
:10300000A54978312068884232D0A34990312068A0
:1030100088422DD0A049A8312068884228D09F49F5
:103020002068884224D09D491831206888421FD0EA
:103030009A493031206888421AD09849483120682E
:10304000884215D0954900E020E060312068884230
:103050000ED0924978312068884209D08F4990314A
:103060002068884204D08D49A8312068884206D162
:103070002068006820F001002168086009E12068EC
:10308000006820F001002168086002E12068006803
:1030900020F00E00216808607F492068884249D0EE
:1030A0007D4918312068884244D07B4930312068FE
:1030B00088423FD078494831206888423AD07649E2
:1030C00060312068884235D0734978312068884261
:1030D00030D071499031206888422BD06E49A83198
:1030E0002068884226D06D492068884222D06B49EA
:1030F0001831206888421DD06849303120688842E4
:1031000018D0664948312068884213D0634960313D
:10311000206888420ED0614978312068884209D001
:103120005E4990312068884204D05C49A83120680B
:10313000884206D12068006820F0010021680860FC
:1031400005E02068006820F001002168086052490D
:103150002068884270D050491831206888426BD06E
:103160004D4930312068884266D04B49483120684B
:10317000884261D048496031206888425CD0464925
:1031800078312068884257D043499031206888427E
:1031900052D04149A831206888424DD03F4920682B
:1031A000884249D03D4918312068884244D03B4983
:1031B0003031206888423FD0384948312068884201
:1031C0003AD0364960312068884235D03349783169
:1031D0002068884230D031499031206888422BD015
:1031E0002E49A8312068884226D02D49206888427F
:1031F00022D02B491431206888421DD0284928311B
:103200002068884218D026493C312068884213D073
:1032100023495031206888420ED02149643120680A
:10322000884209D01E4978312068884204D01C4960
:103230008C312068884201D1012000E00020D8B103
:10324000206E006820F48070216E0860A56D94F8EF
:103250005C0000F01F01012088406860D4E919106B
:103260004860E06E40B1E06E006820F48070E16E6E
:103270000860D4E91C10486000BF002084F83400C6
:1032800000BF012084F83500206D10B12046216D6B
:10329000884700203EE60000100002401004024073
:1032A000085402582DE9F84F044600200090FE48CB
:1032B00000684FF41651B0FBF1FAA66DD4F85880AF
:1032C0003768D8F80090F9492068884249D0F74912
:1032D00018312068884244D0F4493031206888424F
:1032E0003FD0F2494831206888423AD0EF496031F6
:1032F0002068884235D0ED4978312068884230D046
:10330000EA499031206888422BD0E849A8312068EA
:10331000884226D0E6492068884222D0E449183104
:10332000206888421DD0E24930312068884218D098
:10333000DF4948312068884213D0DD496031206878
:1033400088420ED0DA4978312068884209D0D849BD
:1033500090312068884204D0D549A831206888423D
:1033600001D1012000E0002000287DD094F85C000D
:1033700000F01F01082088403840002868D0CB4961
:103380002068884249D0C94918312068884244D011
:10339000C6493031206888423FD0C449483120684E
:1033A00088423AD0C14960312068884235D0BF494F
:1033B00078312068884230D0BC49903120688842FA
:1033C0002BD0BA49A8312068884226D0B849206855
:1033D000884222D0B6491831206888421DD0B449AD
:1033E00030312068884218D0B1494831206888427D
:1033F00013D0AF496031206888420ED0AC49783193
:103400002068884209D0AA4990312068884204D0B7
:10341000A749A8312068884204D12068006800F0DC
:10342000040003E02068006800F0080080B1206814
:10343000006820F004002168086094F85C0000F047
:103440001F0108208840B060606D40F00100606599
:1034500094F85C0000F01F01012088403840E8B378
:1034600092492068884200E0B8E24BD08F49183179
:103470002068884246D08D4930312068884241D04A
:103480008A494831206888423CD0884960312068A8
:10349000884237D0854978312068884232D08349C4
:1034A0009031206888422DD08049A8312068884218
:1034B00028D07F492068884224D07D49183120686F
:1034C00088421FD07A493031206888421AD0784922
:1034D00048312068884215D0754900E026E0603107
:1034E000206888420ED0724978312068884209D01D
:1034F0006F4990312068884204D06D49A831206816
:10350000884204D12068406900F0800002E0206811
:103510000068002050B194F85C0000F01F01012009
:103520008840B060606D40F00200606594F85C0017
:1035300000F01F01042088403840E8B35B49206850
:1035400088424BD0594918312068884246D05749A3
:1035500030312068884241D054494831206888423F
:103560003CD0524960312068884237D04F49783189
:103570002068884232D04D499031206888422DD051
:103580004A49A8312068884228D0494920688842A1
:1035900024D047491831206888421FD0444930312F
:1035A000206888421AD0424948312068884215D0A4
:1035B0003F496031206800E024E088420ED03C4959
:1035C00078312068884209D0394990312068884292
:1035D00004D03749A8312068884204D120680068A7
:1035E00000F0020002E020680068002050B194F86A
:1035F0005C0000F01F0104208840B060606D40F066
:103600000400606594F85C0000F01F011020884001
:103610003840E8B325492068884251D02349183101
:10362000206888424CD0214930312068884247D0F8
:103630001E4948312068884242D01C4960312068C8
:1036400088423DD0194978312068884238D01749DE
:1036500090312068884233D01449A83120688842CC
:103660002ED01349206888422AD011491831206889
:10367000884225D00E4930312068884220D00C493C
:103680004831206888421BD009496031206800E039
:103690004DE0884214D006497831206888420FD026
:1036A00003499031206805E000000024100002402A
:1036B00010040240884203D0FE492068884204D1A9
:1036C0002068006800F0080003E02068006800F04F
:1036D000040060B394F85C0000F01F0110208840E3
:1036E000B0602068006800F4802080B12068006825
:1036F00000F4002028B9206CC8B12046216C88470E
:1037000015E0A06C98B12046A16C88470FE02068B6
:10371000006800F4807028B92068006820F0080074
:1037200021680860206C10B12046216C884794F80D
:103730005C0000F01F0120208840384000287DD028
:10374000DD492068884249D0DB4918312068884229
:1037500044D0D9493031206888423FD0D6494831D9
:10376000206888423AD0D44960312068884235D0F8
:10377000D14978312068884230D0CF4990312068D3
:1037800088422BD0CC49A8312068884226D0C9492C
:10379000A8392068884221D0C649903920688842DB
:1037A0001CD0C44978392068884217D0C149603993
:1037B0002068884212D0BF494839206888420DD01D
:1037C000BC4930392068884208D0BA491839206885
:1037D000884203D0B7492068884204D12068006835
:1037E00000F0100003E02068006800F0020028B339
:1037F00094F85C0000F01F0120208840B06094F82D
:10380000350004282DD12068006820F016002168BA
:1038100008602068406920F0800021684861206CC1
:1038200008B9A06C28B12068006820F00800216861
:10383000086094F85C0000F01F0100E03FE03F20CA
:103840008840B06000BF002084F8340000BF012031
:1038500084F83500206D10B12046216D8847BDE801
:10386000F88F2068006800F4802080B1206800682C
:1038700000F4002028B9606C08B32046616C8847CA
:103880001DE0E06BD8B12046E16B884717E0206867
:10389000006800F4807068B92068006820F01000AB
:1038A0002168086000BF002084F8340000BF0120B8
:1038B00084F83500E06B10B12046E16B8847606DFD
:1038C00000287DD0606D00F00100E8B3042084F88A
:1038D00035007949206888424BD0774918312068F3
:1038E000884246D0744930312068884241D07249BC
:1038F0004831206888423CD06F4960312068884256
:1039000037D06D4978312068884232D06A49903189
:10391000206888422DD06849A8312068884228D084
:103920006449A8392068884223D0624990392068C8
:1039300088421ED05F4978392068884219D05D4995
:1039400060392068884200E041E012D05949483986
:10395000206888420DD0574930392068884208D005
:10396000544918392068884203D052492068884257
:1039700006D12068006820F001002168086005E099
:103980002068006820F001002168086000BF0098EE
:10399000401C0090504500D905E02068006800F008
:1039A00001000028F3D100BF00BF002084F83400DC
:1039B00000BF2068006800F0010028B1032000E08B
:1039C0000BE084F8350002E0012084F83500E06C5B
:1039D000002802D02046E16C8847D9E137492068A9
:1039E000884222D035491431206888421DD033499D
:1039F00028312068884218D030493C3120688842FC
:103A000013D02E495031206888420ED02B496431A2
:103A10002068884209D0294978312068884204D03A
:103A200026498C312068884201D1012000E0002025
:103A30000028D2D02068056894F85C0000F01F01CF
:103A40000420884000EA0900D0B305F00400B8B3B0
:103A500094F85C0000F01F0104208840C8F80400BE
:103A600005F4004080B105F4803030B9A06C002826
:103A7000B3D02046A16C88478AE1206C0028ACD0E6
:103A80002046216C884783E105F02000F0BB0A49FD
:103A90002068884252D008491831206888424DD0A9
:103AA000054930312068884248D0034948312068B0
:103AB000884206E0B8040240100002400854025850
:103AC0004FE03BD0B3492068884237D0B149183124
:103AD0002068884232D0AF493031206888422DD0EA
:103AE000AC4948312068884228D0AB4920688842D8
:103AF00024D0A9491831206888421FD0A649303106
:103B0000206888421AD0A449483100E023E02068A8
:103B1000884213D0A0496031206888420ED09E4967
:103B200078312068884209D09B49903120688842CA
:103B300004D09949A8312068884206D120680068DD
:103B400020F008002168086005E02068006820F087
:103B5000040021680860206C10B32046216C88475F
:103B600016E194F85C0000F01F010220884000EA92
:103B70000900E8B305F00200D0B394F85C0000F04F
:103B80001F0102208840C8F8040005F4004070B10D
:103B900005F4803028B9606C10B12046616C88470C
:103BA000F6E0E06BF0B32046E16B8847F0E005F00B
:103BB0002000C0BB77496039206888424DD07549E4
:103BC00048392068884248D0724930392068884294
:103BD00043D070491839206888423ED06D4920682A
:103BE00088423AD06B4918312068884235D000E0CD
:103BF0004EE068493031206888422ED0654948310E
:103C00002068884229D064492068884225D06249CA
:103C100018312068884220D05F49303120688842BE
:103C20001BD001E06EE02DE05B49483120688842FE
:103C300013D059496031206888420ED056497831F6
:103C40002068884209D0544990312068884204D0C5
:103C50005149A8312068884206D12068006820F0C8
:103C600014002168086005E02068006820F00A0060
:103C70002168086000BF002084F8340000BF0120E4
:103C800084F83500E06BE8B32046E16B88477FE0BD
:103C900094F85C0000F01F010820884000EA090049
:103CA00080B305F0080068B33A496039206888425B
:103CB0004AD0384948392068884245D0354930399A
:103CC0002068884240D033491839206888423BD068
:103CD00030492068884237D02E4918312068884200
:103CE00032D02C493031206888422DD029494831C2
:103CF0002068884228D028492068884224D0264954
:103D0000183100E044E0206888421DD0224930315B
:103D10002068884218D0204948312068884213D052
:103D20001D496031206888420ED01B4978312068D7
:103D3000884209D0184990312068884204D0164939
:103D4000A8312068884206D12068006820F01C0055
:103D50002168086005E02068006820F00E002168F6
:103D6000086094F85C0000F01F0101208840C8F84A
:103D700004000120606500BF002084F8340000BF0B
:103D8000012084F83500E06C10B12046E16C8847D2
:103D900000BF64E570000240100402402DE9F041CC
:103DA0000446FFF6C1FE804614B90120BDE8F0814B
:103DB000FE492068884249D0FC4918312068884271
:103DC00044D0FA493031206888423FD0F749483121
:103DD000206888423AD0F54960312068884235D061
:103DE000F24978312068884230D0F049903120681B
:103DF00088422BD0ED49A8312068884226D0EC4972
:103E00002068884222D0EA491831206888421DD0B3
:103E1000E74930312068884218D0E54948312068A8
:103E2000884213D0E2496031206888420ED0E049D0
:103E300078312068884209D0DD4990312068884275
:103E400004D0DB49A8312068884201D1012000E07C
:103E50000020002873D0606A00B100BF00BF0020BE
:103E600084F8340000BF022084F83500CF49206870
:103E7000884249D0CD4918312068884244D0CB4986
:103E80003031206888423FD0C84948312068884294
:103E90003AD0C64960312068884235D0C34978316C
:103EA0002068884230D0C1499031206888422BD0A8
:103EB000BE49A8312068884226D0BD492068884282
:103EC00022D0BB491831206888421DD0B849303112
:103ED0002068884218D0B64948312068884213D0FB
:103EE000B3496031206888420ED0B14978312068EA
:103EF000884209D0AE4990312068884204D0AC494C
:103F0000A8312068884206D12068006820F00100AE
:103F10002168086005E02068006820F00100216841
:103F200008600DE0FFF600FEA0EB0800052807D9A9
:103F300020206065032084F83500012036E76AE020
:103F40002068006800F001000028EBD120680568B7
:103F500098480540D4E90201084321690843616992
:103F60000843A1690843E1690843216A08430543FE
:103F7000606A042803D1D4E90B01084305438E4845
:103F800000686FF30F00B0F1005F1DD3606829284F
:103F900002D360682E2811D960683F2802D3606878
:103FA00042280BD96068472802D36068482805D9A1
:103FB00060684F2804D36068522801D8012000E0CF
:103FC000002008B145F48015206805602068456927
:103FD00025F00705606A0543606A04280DD1A06AD0
:103FE0000543E06A48B12046FEF616F928B14020A4
:103FF0006065012084F83500D8E6206845612046D8
:10400000FDF6E6FF064694F85C0000F01F013F2035
:104010008840B0609EE069492068884222D06749A4
:104020001431206888421DD06449283120688842B4
:1040300018D062493C312068884213D05F49503122
:10404000206888420ED05D4964312068884209D0DA
:104050005A4978312068884204D058498C31206808
:10406000884201D1012000E00020E0B353492068DC
:10407000884222D051491431206888421DD04F49CE
:1040800028312068884218D04C493C312068884249
:1040900013D04A495031206888420ED047496431D4
:1040A0002068884209D0454978312068884204D088
:1040B00042498C312068884201D1012000E0002073
:1040C00000B100BF00BF002084F8340000BF022010
:1040D00084F835002068056839480540A068402804
:1040E00002D1102106E02EE0A068802801D1C10194
:1040F00000E00021E06841EAD001206941EAD001F6
:10410000606941EAD001A06941EAD001E06941EA71
:10411000D001206A41EA1010054320680560274954
:104120002068401A1421B0FBF1F08000E0652046C1
:10413000FDF64EFF074694F85C0000F01F010120D9
:104140008840786006E040206065032084F83500F0
:1041500001202BE61549206888427FD01349183189
:10416000206888427AD0114930312068884275D061
:104170000E4948312068884270D00C49603120686F
:1041800088426BD0094978312068884266D0074957
:1041900090312068884261D00449A8312068884263
:1041A0005CD003492068884258D00BE010000240E0
:1041B000100402403F8010FE0010005C08540258BA
:1041C0000F00FEFF3B4918312068884246D039492C
:1041D00030312068884241D03649483120688842D1
:1041E0003CD0344960312068884237D03149783139
:1041F0002068884232D02F499031206888422DD0E3
:104200002C49A8312068884228D02B492068884250
:1042100024D029491431206888421FD026492831EA
:10422000206888421AD024493C312068884215D041
:10423000214950312068884210D01F4964312068DC
:1042400088420BD01C4978312068884206D01A4930
:104250008C312068884200E000E001D1012000E0BC
:10426000002000B32046FDF629FFA068802801D178
:10427000002060602079216E0860D4E91910486040
:10428000606860B16068082809D82046FDF678FFAC
:104290000020E16E0860D4E91C10486003E00020B3
:1042A000E0662067606700206065012084F83500C3
:1042B00000207BE510040240085402582DE9F0412B
:1042C00004460D4616461F464FF0000814B901205B
:1042D000BDE8F08100BF94F83400012801D102202C
:1042E000F6E7012084F8340000BF94F83500012877
:1042F0007ED1022084F8350000206065E449206802
:10430000884249D0E24918312068884244D0E049C7
:104310003031206888423FD0DD49483120688842EA
:104320003AD0DB4960312068884235D0D8497831AD
:104330002068884230D0D6499031206888422BD0FE
:10434000D349A8312068884226D0D24920688842C3
:1043500022D0D0491831206888421DD0CD49303153
:104360002068884218D0CB4948312068884213D051
:10437000C8496031206888420ED0C649783120682B
:10438000884209D0C34990312068884204D0C1498D
:10439000A8312068884206D12068006820F001001A
:1043A0002168086005E02068006820F001002168AD
:1043B00008603B46324629462046FEF783F9B44959
:1043C000206888424BD0B24918312068884246D0D4
:1043D000AF4930312068884241D0AD49483120682A
:1043E00088423CD0AA4960312068884237D000E03A
:1043F00042E1A74978312068884230D0A449903101
:10440000206888422BD0A249A8312068884226D053
:10441000A0492068884222D09E49183120688842ED
:104420001DD09C4930312068884218D099494831C4
:104430002068884213D097496031206888420ED0A6
:10444000944978312068884209D092499031206897
:10445000884204D08F49A8312068884201D10120C8
:1044600000E0002080B12068006820F01E0040F0CD
:10447000160021680860206CB0B12068006840F028
:104480000800216808600FE02068006820F00E0036
:1044900040F00A0021680860206C28B1206800689C
:1044A00040F004002168086079492068884270D093
:1044B00077491831206888426BD0754930312068BF
:1044C000884266D0724948312068884261D070497C
:1044D0006031206888425CD06D497831206888421C
:1044E00057D06B4990312068884252D06849A83132
:1044F000206888424DD067492068884249D0654984
:1045000018312068884244D062493031206888429E
:104510003FD060494831206888423AD05D496031D7
:104520002068884235D05B4978312068884230D095
:1045300058499031206888422BD05649A8312068CC
:10454000884226D054492068884222D052491431EA
:10455000206888421DD0504928312068884218D0F0
:104560004D493C312068884213D04B495031206876
:1045700088420ED0484964312068884209D04649B3
:1045800078312068884204D043498C3120688842C1
:1045900001D1012000E0002090B1206E006800F4FD
:1045A000803028B1206E006840F48070216E086071
:1045B000E06E28B1E06E006840F48070E16E086043
:1045C00033492068884249D03149183120688842EF
:1045D00044D02F493031206888423FD02C4948319F
:1045E000206888423AD02A4960312068884235D014
:1045F000274978312068884230D025499031206899
:1046000088422BD02249A8312068884226D02149EF
:104610002068884222D01F491831206888421DD066
:104620001C4930312068884218D01A494831206826
:10463000884213D017496031206888420ED015494E
:1046400078312068884209D0124990312068884228
:1046500004D01049A8312068884206D1206800683B
:1046600040F001002168086010E02068006840F018
:1046700001002168086009E000BF002084F83400D0
:1046800000BF4FF4006060654FF0010840461FE630
:1046900010000240100402400854025830B504468D
:1046A0000D4604F1440050F825100AB1042D02D340
:1046B0000120606730BD0A600A61C86840F0807000
:1046C000C8602BB18B604B61C86840F00070C86057
:1046D000C86840F00040C8600020EBE72DE9F84FC3
:1046E00005468A4605F14407D7F81480002000905B
:1046F00057F8286054461CB901206867BDE8F88F58
:10470000B86948B9284600F049F808B90120F5E72A
:10471000D7F8148057F828604FF0000B1CE0306980
:10472000206068696060706920B1A4687069206069
:1047300068696060F068C0F30E00009000BF08F187
:104740000108B8F1040F01D3A8F1040800BF57F81D
:104750002860A4680BF1010BB869401E5845DED8EB
:10476000F068C0F30E010098A1EB000930692060E9
:104770006869484502D3C4F804900DE0706948B1F7
:1047800068696060A468706920606869A9EB0000CE
:10479000606001E00120B1E70020AFE7F0B5074617
:1047A00007F14403196953F821200025002400264D
:1047B000986908B10020F0BD3DE06D1CD06800F0A4
:1047C000805000B3641C012C00D10E4600BF491C70
:1047D000042900D3091F00BF53F82120D06800F03E
:1047E000004058B9D06800F0804038B10120D8614D
:1047F00000BF491C042900D3091F00BF19615E6175
:104800009C610120D7E7D06800F0005050B10E46FF
:10481000012400BF491C042900D3091F00BF53F81D
:10482000212008E0641C00BF491C042900D3091F93
:1048300000BF53F82120D06800F0004008B9042DD3
:10484000BBD384B319615E61314653F82120002542
:1048500022E0106910604FF08070D060506928B17C
:1048600050699060D06840F00070D060D06840F02F
:104870000040D060186A18B1D06840F08040D06025
:10488000601EA84207D900BF491C042900D3091F94
:1048900000BF53F821206D1CA542DAD3386800F51B
:1048A0008050C0F828210020986100BF83E72DE9DF
:1048B000F04704460F46904699462068D0F800021B
:1048C00000F0010010B10120BDE8F0872068D0F8A9
:1048D000005225F0787040EA475525F4F81040EA78
:1048E000084545F00C0545F001052068C0F8005268
:1048F000FFF61AF9064607E0FFF616F9801BB0F539
:104900007A7F01D90120DFE72068D0F8000200F0AB
:1049100001000028F0D12068D0F8040280B2C9F864
:1049200000000020D0E710B50146C86E10285BD10A
:104930002320C866002208E001F1440050F822302C
:10494000D86840F08040D860521C042AF4D3012477
:104950004C660868006840F002000C682060086837
:10496000006840F001000C6820600868D0F8000D75
:1049700040F001000C68C4F8000D086800F5805094
:10498000D0F8040140F00104086800F58050C0F838
:104990000441086800F58050D0F8080140F0010497
:1049A000086800F58050C0F80841086800F580509C
:1049B000D0F8600140F48174086800F58050C0F8B8
:1049C0006041086800F58050D0F834014DF2410490
:1049D00020430C6804F58054C4F834011020C866E4
:1049E00022200867002010BD0120FCE72DE9F041DE
:1049F00004460F46154637B9606F40F00100606706
:104A00000120BDE8F081E06E102856D10022394621
:104A10002046FDF64FFD28B1606F40F00200606750
:104A20000120EEE704F11800A16A50F8218000BFD0
:104A3000A06A401CA062A06A042802D3A06A001FDA
:104A4000A06200BF04F11800A16A50F8211020688C
:104A500000F58050C0F82011FFF666F8064625E004
:104A6000206800F58050D0F8600100F4805068B1F3
:104A7000606F40F008006067206800F58050D0F853
:104A80006001A067E020E0660120BAE7681C68B119
:104A9000FFF64AF8801BA84200D83DB9606F40F08D
:104AA00004006067E020E0660120AAE7D8F80C0067
:104AB00000F000400028D3D1A3E70120A1E7F0B522
:104AC000024692F89860012E01D0022E43D1C868A8
:104AD000072800D100BF086818BBC868072800D0A5
:104AE00000BFC86807280BD1088A4FF0605747EA13
:104AF0000040CF6940EA07208F6940EA07040AE0D6
:104B0000087A80070F7B40EAC7600F8A40EA0740B7
:104B10004F6940EA0704D76E486807EB80031C60C2
:104B200017E0C868072800D000BF0F7B086940EA7B
:104B30004774C868072801D18D6903E00F7A486976
:104B400040EA8775176F486807EBC0031C601B1DA0
:104B50001D600020F0BDD2F89C0040F00200C2F8B9
:104B60009C000120F6E710B504460CB9012010BDE9
:104B7000204600F04FF82068C06D20F00300216847
:104B8000C8652046FEF69CFF0020C4F89C0084F80F
:104B9000980000BFEBE7000010B5B6B0044600BFB8
:104BA0001A48006840F48070184908600846006898
:104BB00000F48070019000BF00BF00BF13480C38A4
:104BC000006840F0020011490C390860084600688E
:104BD00000F00200019000BF00BF4FF400400290BF
:104BE00040031D9002A800F0D7FA4FF440703190B6
:104BF000022032900120339034900920359031A961
:104C0000034800F059F836B010BD0000EC440258DB
:104C1000000402580146002291F89800022842D16F
:104C20000868806940F001000B6898610CE0322A46
:104C300009D99831486840F001004860032001F824
:104C4000980901207047521C0868806900F0010033
:104C50000028ECD000220868806920F010000B6862
:104C600098610CE0322A09D99831486840F0010077
:104C70004860032001F898090120E3E7521C086806
:104C8000806900F008000828ECD00868806940F0CE
:104C900002000B6898610020C1F89400012081F89F
:104CA00098000020CEE7D1F89C0040F00800C1F841
:104CB0009C000120C6E70000F8B502460023734DB2
:104CC000DEE001279F400E6806EA0704002C71D041
:104CD0004E68012E08D04E68022E05D04E68112E67
:104CE00002D04E68122E13D190685F000326BE409A
:104CF000B0435F00CE68BE403043906050680126EC
:104D00009E40B0430E79C6F300169E40304350607B
:104D1000D0685F000326BE40B0435F008E68BE408F
:104D20003043D0604E68022E02D04E68122E13D14E
:104D3000DF0802F1200656F827005E07F70E0F265F
:104D4000BE40B0435F07FF0E0E69BE403043DF0830
:104D500002F1200646F8270010685F000326BE40D7
:104D6000B0430E7906F003065F00BE40304310608A
:104D70004E6806F08056B6F1805F1BD100BF444EEE
:104D8000366846F00206424F3E603E46366806F000
:104D90000206009600BF00BF3E4E9F0856F827004F
:104DA0009E07370F0F26BE40B0433B4EB24202D1A2
:104DB00000262EE063E0394EB24201D1012628E000
:104DC000374EB24201D1022623E0364EB24201D123
:104DD00003261EE0344EB24201D1042619E0334EC0
:104DE000B24201D1052614E0314EB24201D106266D
:104DF0000FE0304EB24201D107260AE02E4EB242F9
:104E000001D1082605E02D4EB24201D1092600E06D
:104E10000A269F073F0FBE4030431E4E9F0846F8AC
:104E200027002868A0434E6806F48036B6F5803F18
:104E300000D1204328606868A0434E6806F400361D
:104E4000B6F5003F00D1204368604FF0B0463068AF
:104E5000A0434E6806F48016B6F5801F00D12043AB
:104E60004FF0B04630607068A0434E6806F40016FC
:104E7000B6F5001F00D120434FF0B04670605B1CB8
:104E80000E68DE40002E7FF41CAFF8BD8000005895
:104E9000F444025808040058000002580004025864
:104EA00000080258000C0258001002580014025862
:104EB00000180258001C0258002002580024025812
:104EC0004178154A11600178F9B1121D41681160ED
:104ED000017B0907C27A41EA0261827A41EAC24152
:104EE000427B41EA8241827B41EA4241C27B41EA04
:104EF0000241427A41EA0221027A41EA4201027801
:104F00001143054A0832116005E00021024A121DD2
:104F10001160121D1160704798ED00E000BF00F0B5
:104F20000702064B19684FF6FF031940044B0B4369
:104F300043EA0221014B196000BF70470CED00E00D
:104F40000000FA0510B500F0D9FE05490968C1F363
:104F50000211044A515C01F01F01C84010BD00005D
:104F600020440258D8F6100870B50146844D2D68CB
:104F700005F00303824D2D68C5F30550804D2D1DAE
:104F80002D68C5F300247E4D1C352D68C5F3CC0576
:104F900015FB04F501EE105AB8EE411AF0EE410A85
:104FA00000286FD023B1012B4ED0022B6BD16BE0C8
:104FB000734D283D2D68C5F340153DB3704D283D18
:104FC0002D68C5F3C1066F4D25FA06F201EE102AD1
:104FD000F8EE411A01EE100AB8EE411A81EE812A6C
:104FE0009FED691AC0EE811A654D18352D68C5F31D
:104FF000080501EE105AB8EE411A31EE811AF7EEAB
:10500000001A31EE211A22EE010A1CE001EE100A0C
:10501000B8EE411ADFED5D1A81EE812A9FED5A1A32
:10502000C0EE811A564D18352D68C5F3080501EEFE
:10503000105AB8EE411A31EE811AF7EE001A31EE2D
:10504000211A22EE010A5BE001EE100AB8EE411AC5
:10505000DFED4F1A81EE812A9FED4B1AC0EE811AC7
:10506000474D18352D68C5F3080501EE105AB8EE06
:10507000411A31EE811AF7EE001A31EE211A22EEB2
:10508000010A3DE077E01DE001EE100AB8EE411A9A
:105090009FED402AC2EE011A9FED3B1A80EE812A55
:1050A000374D18352D68C5F3080501EE105AB8EED6
:1050B000411A32EE011AB7EE002A31EE021A21EE41
:1050C000810A1DE001EE100AB8EE411ADFED301A38
:1050D00081EE812A9FED2C1AC0EE811A284D1835D9
:1050E0002D68C5F3080501EE105AB8EE411A31EEED
:1050F000811AF7EE001A31EE211A22EE010A00BFE2
:1051000000BF1F4D18352D68C5F3462501EE105A16
:10511000B8EE411AF7EE001A31EE211AC0EE011A6C
:10512000BCEEE11A81ED001A154D18352D68C5F356
:10513000064501EE105AB8EE411AF7EE001A31EEAC
:10514000211AC0EE011ABCEEE11A81ED011A0C4DD4
:1051500018352D68C5F3066501EE105AB8EE411AF0
:10516000F7EE001A31EE211AC0EE011ABCEEE11A78
:1051700081ED021A03E000250D604D608D6070BD69
:10518000284402580090D003000000460024744CCC
:105190000024744A20BCBE4B2DE9F0410446002592
:1051A000A846206800F00060B0F1006F30D1606E5A
:1051B00048B1B0F5801F0DD0B0F5001F10D0B0F58C
:1051C000401F15D113E0F948006840F40030F7495A
:1051D00008600FE00221201D01F70CFA054609E0E6
:1051E000022104F1240003F0F7FD054602E001E08E
:1051F000012500BF00BF55B9EC482430006820F4F9
:105200004010616E0843E9492431086000E0A84677
:10521000208800F48070B0F5807F2DD1606D052866
:105220001AD2DFE800F0030A10171800DF48006800
:1052300040F40030DD49086010E00021201D01F736
:10524000D9F905460AE0002104F1240003F0C4FD69
:10525000054603E002E001E0012500BF00BF55B9AB
:10526000D2482430006820F00700616D0843CF4920
:105270002431086000E0A846208800F40070B0F5F2
:10528000007F33D1A06D802817D003DC40B14028C7
:105290001CD10CE0C02817D0B0F5807F16D114E0E7
:1052A000C248006840F40030C049086010E00021A6
:1052B000201D01F79FF905460AE0002104F12400B2
:1052C00003F08AFD054603E002E001E0012500BF8E
:1052D00000BF55B9B5482430006820F4E070A16DD6
:1052E0000843B2492431086000E0A846208800F451
:1052F0008060B0F5806F38D1D4F8A400B0F5800F8D
:1053000019D004DC50B1B0F5001F1DD10DE0B0F58F
:10531000C00F17D0B0F5000F16D114E0A3480068F5
:1053200040F40030A149086010E00021201D01F781
:1053300061F905460AE0002104F1240003F04CFD68
:10534000054603E002E001E0012500BF00BF5DB9B2
:1053500096482C30006820F46000D4F8A41008436C
:1053600092492C31086000E0A846208800F40060D3
:10537000B0F5006F38D1D4F8A800B0F1007F19D093
:1053800004DC50B1B0F1807F1DD10DE0B0F1407F61
:1053900017D0B0F1806F16D114E08448006840F453
:1053A00000308249086010E00021201D01F722F939
:1053B00005460AE0002104F1240003F00DFD054636
:1053C00003E002E001E0012500BF00BF5DB97748BE
:1053D0002C30006820F0E060D4F8A810084373492E
:1053E0002C31086000E0A846206800F00070B0F1A1
:1053F000007F27D1A06CA0B1102804D0202809D0AC
:1054000030280FD10CE06948006840F4003067494B
:10541000086009E00221201D01F7ECF8054603E0D1
:1054200002E001E0012500BF00BF55B95F48203010
:10543000006820F03000A16C08435C49203108600E
:1054400000E0A846208800F48050B0F5805F36D197
:10545000E06DB0F5005F19D004DC50B1B0F5805FAD
:105460001DD10DE0B0F5405F17D0B0F5804F16D1DB
:1054700014E04E48006840F400304C49086010E0E9
:105480000021201D01F7B6F805460AE0002104F1CD
:10549000240003F0A1FC054603E002E001E0012541
:1054A00000BF00BF55B941482430006820F4E040F7
:1054B000E16D08433D492431086000E0A84620889A
:1054C00000F40050B0F5005F34D1206EB0F5403FDD
:1054D0001DD007DC68B1B0F5803F0BD0B0F5003FC0
:1054E00018D10DE0B0F5802F12D0B0F5A02F11D15A
:1054F0000FE011E00121201D01F77CF805460BE0CB
:10550000012104F1240003F067FC054604E003E0F8
:1055100002E001E0012500BF00BF55B92348243057
:10552000006820F4E020216E0843204924310860FF
:1055300000E0A846208800F48040B0F5804F38D1C4
:10554000D4F8AC00B0F1405F1DD007DC68B1B0F119
:10555000805F0BD0B0F1005F18D10DE0B0F1804F4B
:1055600012D0B0F1A04F11D10FE011E00121201DA8
:1055700001F740F805460BE0012104F1240003F097
:105580002BFC054604E003E002E001E0012500BF3A
:1055900000BF6DB905482C30006820F0E040D4F819
:1055A000AC10084301492C31086002E02C44025839
:1055B000A846208800F40040B0F5004F26D1E06EE8
:1055C00098B1B0F1805F03D0B0F1005F0ED106E07A
:1055D000F948006840F40030F749086008E001210C
:1055E000201D01F707F8054602E001E0012500BF94
:1055F00000BF55B9F0482430006820F04050E16EFB
:105600000843ED492431086000E0A846206800F016
:105610008070B0F1807F27D1606CA0B1012804D0E8
:10562000022809D003280FD10CE0E348006840F4B9
:105630000030E149086009E00221201D00F7DAFF8F
:10564000054603E002E001E0012500BF00BF55B9B7
:10565000D9482030006820F00300616C0843D64927
:105660002031086000E0A846206800F48000B0F512
:10567000800F7DD1D148006840F48070CF49086028
:10568000FEF652FA064606E0FEF64EFA801B642845
:1056900001D9032505E0C948006800F4807000289E
:1056A000F2D000BF85BBC4484430006800F44070AD
:1056B000B4F8B01001F44071884213D0BE484430B1
:1056C000006820F44077BC484430006840F48030E3
:1056D000B949443108600846006820F48030086009
:1056E00008460760D4F8B000B0F5807F15D1FEF60B
:1056F0001BFA064609E0FEF617FA801B41F28831D4
:10570000884202D9032507E038E0AB4844300068FE
:10571000C0F340000028EED000BF55BB00BFB4F876
:10572000B00000F44070B0F5407F0ED1A2481C38A4
:10573000006820F47C51A24AD4F8B000104041EA3D
:1057400010109D491C39086007E09B481C38006810
:1057500020F47C5098491C39086097484430006810
:10576000B4F8B010C1F30B0108439349443101E090
:1057700005E001E0086002E0A84600E0A8462078C5
:1057800000F0010068B3A06F182819D005DC48B1FB
:10579000082808D0102816D10BE0202811D028287E
:1057A00011D10FE011E00121201D00F723FF054674
:1057B0000BE0012104F1240003F00EFB054604E098
:1057C00003E002E001E0012500BF00BF55B97A48BF
:1057D0002830006820F03800A16F0843764928314E
:1057E000086000E0A846207800F00200022828D1D6
:1057F000606F062815D2DFE800F003040A111213C7
:1058000011E00121201D00F7F5FE05460BE0012106
:1058100004F1240003F0E0FA054604E003E002E0AE
:1058200001E0012500BF00BF55B96348283000687A
:1058300020F00700616F08435F492831086000E0ED
:10584000A846207800F0040004282AD1D4F890005B
:10585000062815D2DFE800F003040A11121311E044
:105860000121201D00F7C6FE05460BE0012104F1D1
:10587000240003F0B1FA054604E003E002E001E091
:10588000012500BF00BF5DB94B482C30006820F0F7
:105890000700D4F89010084347492C31086000E015
:1058A000A846207800F02000202836D1D4F88C00BB
:1058B000B0F1405F1DD007DC68B1B0F1805F0BD064
:1058C000B0F1005F18D10DE0B0F1804F12D0B0F10F
:1058D000A04F11D10FE011E00021201D00F78AFE3A
:1058E00005460BE0022104F1240003F075FA054699
:1058F00004E003E002E001E0012500BF00BF5DB964
:105900002D482830006820F0E040D4F88C1008437F
:1059100029492831086000E0A846207800F04000BE
:10592000402836D1D4F89800B0F5406F1DD007DC80
:1059300068B1B0F5806F0BD0B0F5006F18D10DE0F5
:10594000B0F5805F12D0B0F5A05F11D10FE011E08B
:105950000021201D00F74EFE05460BE0022104F158
:10596000240003F039FA054604E003E002E001E018
:10597000012500BF00BF5DB90F482C30006820F43E
:10598000E050D4F8981008430B492C31086000E02F
:10599000A846207800F0800080283AD1D4F89C00F6
:1059A000B0F5C04F23D00DDC98B1B0F5005F11D039
:1059B000B0F5804F1ED113E02C4402580048025825
:1059C000FFFCFF0FB0F5004F12D0B0F5204F11D102
:1059D0000FE011E00021201D00F70CFE05460BE052
:1059E000022104F1240003F0F7F9054604E003E086
:1059F00002E001E0012500BF00BF4DB9BE480068CC
:105A000020F46040D4F89C100843BB49086000E0D3
:105A1000A846207800F00800082817D1D4F88000A4
:105A2000B0F5805F07D1022104F1240003F0D4F91E
:105A300008B14FF00108B048001F006820F4405042
:105A4000D4F880100843AC49091F0860207800F0A2
:105A50001000102815D1D4F89400B0F5807F07D13C
:105A6000022104F1240003F0B7F908B14FF0010856
:105A7000A148006820F44070D4F8941008439E496F
:105A80000860206800F40020B0F5002F26D1D4F87B
:105A9000A00030B1B0F5803F09D0B0F5003F0ED185
:105AA0000CE00021201D00F7A5FD054609E00221BC
:105AB00004F1240003F090F9054602E001E001251D
:105AC00000BF00BF4DB98C48006820F44030D4F8C6
:105AD000A01008438849086000E0A846206800F448
:105AE0008020B0F5802F2DD1D4F88400B0F5801F30
:105AF00006D0B0F5001F0CD0B0F5401F11D10FE05B
:105B00007D482C38006840F400307B492C3908600F
:105B100009E0012104F1240003F05EF9054602E0EA
:105B200001E0012500BF00BF5DB97348001F006898
:105B300020F44010D4F8841008436F49091F08600E
:105B400000E0A846206800F48030B0F5803F24D102
:105B5000E06C18B1B0F5803F0FD108E066482C38F2
:105B6000006840F4003064492C39086007E00221E5
:105B7000201D00F73FFD054601E0012500BF00BFE5
:105B800055B95D480C38006820F48030E16C08435A
:105B900059490C39086000E0A846206800F0005020
:105BA000B0F1005F07D1022104F1240003F014F9E1
:105BB00008B14FF00108206800F40030B0F5003F54
:105BC00027D1E06FA0B1B0F5807F06D0B0F5007F9F
:105BD0000CD0B0F5407F0CD109E047482C38006864
:105BE00040F4003044492C39086004E003E002E04E
:105BF00001E0012500BF00BF55B93F48001F006804
:105C000020F44070E16F08433B49091F086000E041
:105C1000A846206800F48010B0F5801F09D13648EE
:105C20000838006820F00040216F084332490839E5
:105C30000860206800F08050B0F1805F0AD12E48E3
:105C40004838006820F48040D4F8B41008432A494A
:105C500048390860206800F40010B0F5001F09D131
:105C600025480838006820F08070A16E084322495A
:105C700008390860206800F08040B0F1804F11D1F1
:105C800000BF1D484838006820F400401A494839D0
:105C9000086008460068D4F8B81008431649483927
:105CA000086000BF206800F00040B0F1004F09D14B
:105CB00011480C38006820F04050216D08430E490F
:105CC0000C390860206800F40000B0F5000F0AD11C
:105CD0000948001F006820F44000D4F888100843E9
:105CE0000549091F0860B8F1000F02D10020BDE886
:105CF000F0810120FBE700005844025810B5FEF681
:105D000051FB0D490968C1F303210C4A515C01F0B4
:105D10001F0120FA01F40848006800F00F00114646
:105D2000085C00F01F0024FA00F0054908600548EF
:105D300004600846006810BD18440258D8F61008E0
:105D4000040000240000002400B5FFF7D7FF054938
:105D50000968C1F30211044A515C01F01F01C840F7
:105D600000BD00001C440258D8F610082DE9F04789
:105D7000044614B90120BDE8F087207800F0010046
:105D8000002870D0FE48006800F03808FC48183041
:105D9000D0F80090B8F1100F06D0B8F1180F0FD15D
:105DA00009F0030002280BD1F54810380068C0F351
:105DB000404000286AD06068002867D10120DAE7F7
:105DC00000BF6068B0F5803F08D1ED48103800682A
:105DD00040F48030EA49103908602EE0606868B904
:105DE000E7481038006820F48030E5491039086031
:105DF0000846006820F4802008601EE06068B0F566
:105E0000A02F0DD1DE481038006840F48020DC4916
:105E1000103908600846006840F4803008600CE0E3
:105E2000D7481038006820F48030D5491039086010
:105E30000846006820F48020086000BF606898B1C0
:105E4000FDF672FE054606E0FDF66EFE401B642878
:105E500001D903208FE7CA4810380068C0F34040DA
:105E60000028F1D012E012E0FDF65EFE054606E0E5
:105E7000FDF65AFE401B642801D903207BE7C04889
:105E800010380068C0F340400028F1D100BF2078EE
:105E900000F0020002287BD1B948006800F0380801
:105EA000B7481830D0F80090B8F1000F05D0B8F11D
:105EB000180F3AD109F00300B0BBB14810380068A0
:105EC000C0F3800018B1E06808B9012053E700BFB3
:105ED000FDF624FE41F20301884219D820694028CA
:105EE0000AD1A7480C38006820F47C3040F4003018
:105EF000A3490C39086016E0A1480C38006820F46A
:105F00007C30216940EA01309D490C3908600AE083
:105F10009B480C38006820F0FE40217C40EA01607C
:105F200097490C39086067E0FFE7E06888B3944858
:105F30001038006820F01900E168084390491039D2
:105F40000860FDF6F1FD054606E0FDF6EDFD401B9F
:105F5000022801D903200EE7894810380068C0F3F1
:105F600080000028F1D000BFFDF6D8FD41F203010A
:105F700088421BD8206940280CD181480C38006821
:105F800020F47C3040F400307D490C39086018E082
:105F900033E017E07A480C38006820F47C3021693F
:105FA00040EA013076490C3908600AE074480C3840
:105FB000006820F0FE40217C40EA016070490C3905
:105FC000086019E06E481038006820F001006C4944
:105FD00010390860FDF6A8FD054606E0FDF6A4FDB3
:105FE000401B022801D90320C5E665481038006827
:105FF000C0F380000028F1D100BF207800F010002D
:1060000010287CD15E48006800F038085C481830E1
:10601000D0F80090B8F1080F06D0B8F1180F3DD1B4
:1060200009F00300012839D1554810380068C0F341
:10603000002020B1E069802801D001209BE600BF4C
:10604000FDF66CFD41F2030188421AD8206A20282F
:106050000AD14B480C38006820F0F84040F08040EE
:1060600047490C39086018E045480C38006820F0B2
:10607000F84094F8201040EA816041490C390860EA
:106080000BE03F48001F006820F07C5094F820107F
:1060900040EA01603A49091F086066E0E06978B3A8
:1060A00037481038006840F08000354910390860E2
:1060B000FDF63AFD054606E0FDF636FD401B0228DA
:1060C00001D9032057E62E4810380068C0F300209D
:1060D0000028F1D000BFFDF621FD41F20301884206
:1060E0001CD8206A20280CD125480C38006820F0E4
:1060F000F84040F0804022490C3908601AE035E051
:1061000019E01F480C38006820F0F84094F820107F
:1061100040EA81601A490C3908600BE01848001FFA
:10612000006820F07C5094F8201040EA0160144987
:10613000091F086019E012481038006820F080003C
:106140000F4910390860FDF6EFFC054606E0FDF644
:10615000EBFC401B022801D903200CE6084810384C
:106160000068C0F300200028F1D100BF207800F0C3
:106170000800082834D16069D8B10148643001E0D2
:1061800010440258006840F00100EF490860FDF635
:10619000CBFC054606E0FDF6C7FC401B022801D9F2
:1061A0000320E8E5E8480068C0F340000028F2D08A
:1061B00016E0E548006820F00100E3490860FDF6BC
:1061C000B3FC054606E0FDF6AFFC401B022801D9F2
:1061D0000320D0E5DC480068C0F340000028F2D17D
:1061E000207800F02000202836D1A069D0B1D64810
:1061F0007438006840F48050D34974390860FDF663
:1062000093FC054606E0FDF68FFC401B022801D9F1
:106210000320B0E5CC4874380068C0F34030002853
:10622000F1D019E0C8487438006820F48050C6499D
:1062300074390860FDF678FC054606E0FDF674FC4E
:10624000401B022801D9032095E5BF487438006837
:10625000C0F340300028F1D1207800F00400042879
:106260007DD1BA48006840F48070B8490860FDF6F6
:106270005BFC054606E0FDF657FC401B642801D98F
:10628000032078E5B148006800F480700028F2D05F
:1062900000BFA068012808D1AB48001F006840F08B
:1062A0000100A949091F08602DE0A06868B9A64847
:1062B000001F006820F00100A349091F086008467C
:1062C000006820F0040008601DE0A06805280DD1DA
:1062D0009D48001F006840F004009B49091F0860AA
:1062E0000846006840F0010008600CE09648001F76
:1062F000006820F001009449091F08600846006802
:1063000020F00400086000BFA068A0B1FDF60CFCFE
:10631000054608E0FDF608FC401B41F28831884242
:1063200001D9032027E58848001F0068C0F340001A
:106330000028EFD013E0FDF6F7FB054608E0FDF678
:10634000F3FB401B41F28831884201D9032012E55A
:106350007D48001F0068C0F340000028EFD1606A4C
:1063600000287DD078486438006800F0380018288C
:1063700077D0606A022875D173487438006820F0BD
:106380008070714974390860FDF6CEFB054606E061
:10639000FDF6CAFB401B022801D90320EBE46A4842
:1063A00074380068C0F340600028F1D100BFD4E920
:1063B0000A1041EA001064494C39096840F2F3328E
:1063C0009143084360494C390860208E401EC0F359
:1063D0000800616B491E4FF47E4202EA41210843E6
:1063E000218F491ED20102EA014108433C21095D87
:1063F000491E120202EA0161084353494439086008
:1064000000BF081F006820F00100091F08604E4807
:10641000403800684FF6F8718843A16C40EAC1002B
:1064200049494039086048484838006820F00C0065
:10643000216C08434449483908600846006820F048
:106440000200616C0843404948390860084600680A
:1064500040F4803008600846006840F4003002E0F4
:106460006FE041E025E008600846006840F48020C5
:1064700008600846006840F001000860324874383F
:10648000006840F08070304974390860FDF64CFBBC
:10649000054606E0FDF648FB401B022801D9032013
:1064A00069E4294874380068C0F340600028F1D0DE
:1064B00047E025487438006820F08070224974391C
:1064C0000860FDF631FB054606E0FDF62DFB401B9E
:1064D000022801D903204EE41B4874380068C0F339
:1064E00040600028F1D12CE017484C380768164866
:1064F00044380668606A012821D007F00301A06AC9
:1065000081421CD1C7F30511E06A884217D1C6F356
:106510000801206B401E814211D1606B401EC6F302
:10652000462188420BD1A06B401EC6F3064188422B
:1065300005D1E06B401EC6F30661884201D0012000
:1065400019E4002017E4000074440258004802587F
:1065500070B504460E4615460CB9012070BD94F87E
:10656000450028B9002084F844002046FEF630F8A3
:1065700004F108012068FCF7FBFB3146A2682068A3
:10658000FCF748FC2946E36AD4E90102FCF7CEFB9C
:10659000A168206850F8210040F00100A26821683D
:1065A00041F822000548006840F0004003490860B7
:1065B000012084F845000020D0E700000040005290
:1065C000704710B504460CB9012010BD94F83D0089
:1065D00028B9002084F83C00204600F029F8022069
:1065E00084F83D00211D206803F0A6F9012084F8FD
:1065F000480000BF84F83E0001213F2001554020A3
:10660000015541200155422001554320015500BF4D
:1066100000BF012084F84400452001554620015563
:106620004720015500BF012084F83D000020CCE741
:1066300038B5044621492068884216D100BF204859
:10664000006840F001001E4908600846006800F03C
:106650000100009000BF00BF002205211920FDF6B7
:1066600073FB1920FDF65CFB27E02068B0F1804F3A
:106670000FD100BF12480838006840F001001049EF
:10668000083908600846006800F00100009000BF6B
:1066900013E00C49206888420FD100BF0848083831
:1066A000006840F0020006490839086008460068A2
:1066B00000F00200009000BF00BF38BD00000140A4
:1066C000F044025800040040014691F83D000128C2
:1066D00001D001207047022081F83D000868C068A1
:1066E00040F001000B68D8601A4B0868984217D038
:1066F0000868B0F1804F13D0174B086898420FD04C
:10670000164B086898420BD0154B0868984207D082
:10671000144B0868984203D0134B0868984210D174
:1067200008688068114B00EA0302062A0FD0B2F510
:10673000803F0CD00868006840F001000B681860CA
:1067400005E00868006840F001000B681860002050
:10675000C0E70000000001400004004000080040C5
:10676000000C004000040140001800400700010038
:106770002DE9F04104460D4600BF94F83C00012885
:1067800002D10220BDE8F081012084F83C0000BF66
:10679000022084F83D00206886684048064026F4C0
:1067A0007F46206886602868702826D00CDC00F0C0
:1067B0000F01002966D10011072863D2DFE800F03D
:1067C000555657584B374100B0F1101F52D009DCD5
:1067D000B0F5805F10D0B0F5005F1BD0B0F5801F22
:1067E00050D146E0A0F580102038002843D0102872
:1067F00042D0202846D140E045E0D5E902136A683E
:10680000206803F0FFF82068866846F07706206865
:10681000866038E0D5E902136A68206803F0F2F870
:106820002068806840F48040216888602BE0EA6836
:106830006968206803F0FEF85021206803F0EEF844
:1068400021E0EA686968206803F007F960212068A0
:1068500003F0E4F817E0EA686968206803F0EAF8F2
:106860004021206803F0DAF80DE000BF00BF00BF50
:1068700000BF00BF00BF00BF00BF2968206803F051
:10688000CDF800E000BF00BF012084F83D0000BF4C
:10689000002084F83C0000BF00BF73E788FFCEFFF4
:1068A000704770472DE9F04104460E461746D4F86C
:1068B0008800202827D106B117B90120BDE8F08152
:1068C00000BF94F88000012801D10220F6E70120E2
:1068D00084F8800000BFE0663A463146204603F067
:1068E000A1F905466DB9E06E012809D11020216893
:1068F00008622068006840F010002168086000E02D
:1069000001252846DAE70220D8E77047704710B51E
:1069100004460CB9012010BDA06900B100E000BF21
:10692000D4F8840028B9002084F88000204600F0C4
:106930002AF82420C4F884002068006820F00100B0
:1069400021680860204600F7F9FD012800D1E2E740
:10695000A06A10B1204600F729FD2068406820F4A5
:106960009040216848602068806820F02A002168F3
:1069700088602068006840F00100216808602046B7
:1069800003F07FF8C7E770477047000010B5044672
:10699000074884420BD1402005490968086200205D
:1069A00004490860FFF64EFF00200349087010BD3F
:1069B000681D002458000024570000242DE9FC47DE
:1069C00004468946E078A17840EA01276079217978
:1069D00040EA012594F80680012D01DB7D2D05DDBF
:1069E0000321102000F050FBBDE8FC877819B0F5BA
:1069F000007F02DCB8EB450F04D00221102000F02C
:106A000043FBF1E700200FE0082101EB4001615C4E
:106A1000072202EB4002A25C41EA02213A18154B20
:106A200023F81210411C88B2A842EDDB01208DF83A
:106A3000000010208DF80100A0788DF80200E078A9
:106A40008DF8030020798DF8040060798DF8050039
:106A500006216846FAF734FB0646F0B28DF80600C8
:106A600030128DF8070008216846FEF6E1FA00BFF3
:106A7000BAE70000DC2100242DE9FF4F2DED0C8B3F
:106A800091B09C4841691D98081AC117CDE90E01C3
:106A90009848D0F8E0101E98081AC117CDE90C01EB
:106AA000DDE90E01A0FB002301FB003300FB0133F5
:106AB000DDE90C10A1FB01CB00FB01BB01FB00B029
:106AC00012EB0C014341CDE90A13DDE90A01F9F7A4
:106AD000F7FA41EC1C0BB0EE4C0B03F065F9BDEE80
:106AE000C00B10EE104A002C06DC002011B0BDECEB
:106AF0000C8B04B0BDE8F08F1D991F98451AEE1756
:106B00001E992098471A4FEAE778A5FB050106FB76
:106B1000051105FB0611A7FB072308FB073307FB3D
:106B2000083380185941CDE90801DDE90801F9F77A
:106B3000C7FA41EC1C0BB0EE4C0B03F035F9BDEE7F
:106B4000C00B10EE109AA14502DDA9EB040001E094
:106B5000A4EB09000790C82094FBF0F0069006987B
:106B6000322801DA32200690DDE90610884209DD7C
:106B7000069800904A4621465FA0079B03F0A2F8C2
:106B80000020B3E7DDE90E01F9F79AFA41EC1C0B9E
:106B9000DDE90C01F9F794FA41EC1D0BB0EE4C1B4A
:106BA000B0EE4D0B01F78CF9B0EE409B2846314614
:106BB000F9F786FA41EC1C0B38464146F9F780FAA2
:106BC00041EC1D0BB0EE4C1BB0EE4D0B01F778F90C
:106BD000B0EE40AB3AEE498B2A98A0B9B5EEC08B27
:106BE000F1EE10FA05DD9FED540B38EE400BB0EEE0
:106BF000408BB5EEC08BF1EE10FA18D19FED500B23
:106C0000B0EE408B13E0B5EEC08BF1EE10FA05D27A
:106C10009FED490B38EE000BB0EE408BB5EEC08B0C
:106C2000F1EE10FA03D19FED440BB0EE408BB5EEC0
:106C3000C08BF1EE10FA00BFB1EE480B28FE00BB8E
:106C400000EE104AB8EEC00B20EE0B0BBDEEC00BF1
:106C500010EE10AABAF1000F01DC002046E7F9F7A8
:106C60008DFB0120384908701D9848601E98886087
:106C70001F98C8602098086100EE104AB8EEC00B5B
:106C8000084680ED060B80ED089B80ED0A8BC0F86E
:106C900030A02B98002804DD00212B98FFF65CFD26
:106CA00004E0002129480068FFF656FD059003AB7B
:106CB00004AA0021059802F0F1FADDE90310CDE9FC
:106CC00000015246002120483430059BFFF6CFFDDD
:106CD0000420084981F827000421064880F8F310B1
:106CE0000120044981F88C000121024880F85811E4
:106CF0000120FBE65C080024415243204552523AF1
:106D000020726164697573206D69736D6174636865
:106D1000202873746172743D256C6420656E643D37
:106D2000256C6420646966663D256C6420746F6C14
:106D30003D256C64290D0A00182D4454FB2119408F
:106D4000182D4454FB2119C0002B0024B40000244A
:106D50002DE9F34F8FB08146B9F1000F03D1002028
:106D600011B0BDE8F08F0026002400202BE0421C6B
:106D7000C14B1B689A4204DD002207AB43F8202078
:106D800020E059F8202000EB001303EB4303BB4F36
:106D900007EB83035B69D21A07AB43F8202007AAED
:106DA00052F82020002A03DB07AA52F8202003E033
:106DB00007AA52F8202052421146B14201DD0E4688
:106DC000044600BF401CAE4909788842CFDB002E44
:106DD00001DC0020C4E71098002804DD214610984B
:106DE000FFF6BAFC04E02146A6480068FFF6B4FCB2
:106DF0000546012101EB041188B2FFF6A5F90690C2
:106E000004AB05AA2846069902F048FADDE9041009
:106E100090FBF1F7012F00DA012700E07F1E012F20
:106E200008DDDDE90410084480FB0712E817691A41
:106E30009041F3DB049907FB01F002900499794338
:106E40007A1C01FB02F000EBD0714FEA610AAB46FD
:106E50005D46D34505DDABEB0A01029891FBF0F0EE
:106E600000E0002001900198384400FB0BF00090F6
:106E70000221009881FB0012F017711A904135DA57
:106E8000D84604E0142095FBF0F0A8EB0008B8F118
:106E9000000F17DDD04505DDA8EB0A01029891FB34
:106EA000F0F000E000203844C317022181FB08C243
:106EB000A0FB0C1E03FB0CE300FB0232F017711A5F
:106EC0009041DFDBE91705EB9171B8EBA10F05DA13
:106ED0002846E91705EB91714FEAA108454604AB36
:106EE00005AA2846069902F0D9F900BFDDE9041089
:106EF000CDE9000159F8242004EB041303EB43030C
:106F00005E4F07EB8303596904EB041303EB430360
:106F100007EB830303F134002B46FFF6A8FC0220A5
:106F200004EB041101EB41013A4602EB810181F8C7
:106F3000270059F8240004EB041101EB410102EB96
:106F400081010861012004EB041101EB410102EB16
:106F5000810181F88C00FF2004EB041101EB410159
:106F600002EB810181F88D0007A850F82400002869
:106F700003DB07A850F8240003E007A850F824001A
:106F800040420390002071E0A04204D0411C3A4AE4
:106F90001268914200DD68E0032100EB001202EB71
:106FA0004202364B03EB820282F8271059F8201078
:106FB00000EB001202EB420203EB8202116100EBD4
:106FC000001101EB41011A4602EB8101496900EB16
:106FD000001202EB420203EB8202D16061B200EBCD
:106FE000001202EB420203EB820282F88D1000EBEA
:106FF000001101EB41011A4602EB8101496900EBE6
:10700000001202EB420203EB8202C2F8901007A9C1
:1070100051F8201000EB001202EB420203EB820257
:10702000C2F8941004EB041101EB41011A4602EB83
:107030008101096C00EB001202EB420203EB8202B9
:10704000C2F89C1000EB001202EB420203EB82023A
:107050000399C2F89810012100EB001202EB4202E2
:1070600003EB820282F88C1000BF401C04490978AF
:10707000884289DB012073E6280100245C08002493
:1070800016000024B40000247CB504460D460120FF
:107090008DF8000044F080008DF801008DF802505A
:1070A00003216846FAF70CF80646F0B28DF80300A3
:1070B00030128DF8040005216846FDF6B9FF7CBD4D
:1070C0001FB500200090019002900390FCF6BEFDD9
:1070D00001208DF8000000208DF801003848019053
:1070E0000D208DF8080000208DF809008DF80A00A9
:1070F00003208DF80B0000208DF80C008DF80D009A
:107100008DF80E0001208DF80F006846FDF7D8FEBF
:1071100001208DF801002B4801900D208DF808000A
:1071200001208DF80E0000208DF80F006846FDF755
:10713000C7FE01208DF800004FF0D04001901920CB
:107140008DF8080003208DF80B0001208DF80F004A
:1071500000208DF80E008DF80D0002208DF8010042
:1071600000208DF80A008DF809008DF80C006846A3
:10717000FDF7A6FE01208DF800004FF010500190A1
:1071800012208DF8080003208DF80B0000208DF8E8
:107190000F0001208DF80E008DF80D0003208DF8F2
:1071A000010000208DF80A008DF809008DF80C0010
:1071B0006846FDF785FE0420FCF65EFD1FBD00005D
:1071C000000004300040043010B518481849086029
:1071D000012049680870164949684870144949688F
:1071E000887013494968C870114949680871104985
:1071F0004968487101210E4801720E49C1600E496B
:10720000016140F2F4514161FCF67EF808B1FBF6F1
:10721000DBFB34210948F8F72BFF212007490860E0
:107220004FF4403048610020086110BD00800240EA
:10723000300F00246000043000000430FC0E0024F5
:1072400000B58BB000BFFE48006840F00400FC4968
:1072500008600846006800F00400009000BF00BF0E
:1072600000BF0846006840F0040008600846006857
:1072700000F00400009000BF00BF00BF0846006897
:1072800040F0010008600846006800F0010000902E
:1072900000BF00BF00BF0846006840F00100086062
:1072A0000846006800F00100009000BF00BF00BF6A
:1072B0000846006840F0010008600846006800F0D9
:1072C0000100009000BF00BF00BF0846006840F00A
:1072D000010008600846006800F00100009000BF4F
:1072E00000BF00BF0846006840F002000860084682
:1072F000006800F00200009000BF00BF00BF084619
:10730000006840F0020008600846006800F00200D3
:10731000009000BF00BF00BF0846006840F020009A
:1073200008600846006800F02000009000BF00BF21
:1073300000BF0846006840F020000860084600686A
:1073400000F02000009000BF00BF00BF08460068AA
:1073500040F0200008600846006800F0200000901F
:1073600000BF00BF00BF0846006840F02000086072
:107370000846006800F02000009000BF00BF00BF7A
:107380000846006840F0200008600846006800F0E9
:107390002000009000BF00BF00BF0846006840F01A
:1073A000400008600846006800F04000009000BF00
:1073B00000BF00BF0846006840F040000860084673
:1073C000006800F04000009000BF00BF00BF08460A
:1073D000006840F0400008600846006800F0400087
:1073E000009000BF00BF00BF0846006840F04000AA
:1073F00008600846006800F04000009000BF00BF31
:1074000000BF0846006840F00200086008460068B7
:1074100000F00200009000BF00BF0120079008901C
:1074200009900420069006A98648FDF745FC08202F
:10743000069006A98348FDF73FFC0120069006A9A7
:107440008148FDF739FC1020069006A97E48FDF71B
:1074500033FC2020069006A97B48FDF72DFC402038
:10746000069006A97848FDF727FC0120069006A99A
:107470007648FDF721FC0220069006A97348FDF727
:107480001BFC4FF40060069006A97148FDF714FC40
:107490004FF48050069006A96D48FDF70DFC4FF49F
:1074A0000050069006A96A48FDF706FC4FF480409C
:1074B000069006A96648FDF7FFFB4FF400400690D2
:1074C00006A96348FDF7F8FB0120069006A961486C
:1074D000FDF7F2FB0220069006A95E48FDF7ECFBE3
:1074E0004020069006A95B48FDF7E6FB8020069049
:1074F00006A95848FDF7E0FB4FF48060069006A906
:107500005248FDF7D9FB4FF48050069006A94F482A
:10751000FDF7D2FB04204B491831086008200860B1
:10752000012049498861102088612020886140201D
:1075300088610120454918310860022008608002F6
:10754000434918310860400008604000086040006E
:1075500008604000086001203E49183108600220A0
:10756000086000BF3648006840F0200034490860D9
:107570000846006800F02000009000BF00BF00BF78
:107580000846006840F0200008600846006800F0E7
:107590002000009000BF00BF00BF0846006840F018
:1075A000200008600846006800F02000009000BF3E
:1075B00000BF00BF0846006840F020000860084691
:1075C000006800F02000009000BF00BF00BF084628
:1075D000006840F0200008600846006800F02000C5
:1075E000009000BF00BF00BF0846006840F02000C8
:1075F00008600846006800F02000009000BF00BF4F
:1076000000BF0846006840F00400086008460068B3
:1076100000F00400009000BF00BF00BF08460068F3
:1076200040F0040008600846006800F00400009084
:1076300000BF00BF00BF0846006840F004000BE038
:10764000E0440258000802580000025800040258A2
:10765000001402580018025808600846006800F03C
:107660000400009000BF00BF00BF0846006840F063
:10767000100008600846006800F01000009000BF8D
:1076800000BF00BF0846006840F0100008600846D0
:10769000006800F01000009000BF00BF00BF084667
:1076A000006840F0100008600846006800F0100014
:1076B000009000BF00BF00BF0846006840F0100007
:1076C00008600846006800F01000009000BF00BF8E
:1076D00000BF0846006840F01000086008460068D7
:1076E00000F01000009000BF00BF00BF0846006817
:1076F00040F0100008600846006800F0100000909C
:1077000000BF00BF00BF0846006840F010000860DE
:107710000846006800F01000009000BF00BF202065
:107720000190002002900220039001A93C48FDF73F
:10773000C3FA1020019001A93948FDF7BDFA0820CD
:10774000019001A93648FDF7B7FA0420019001A97C
:107750003348FDF7B1FA0220019001A93048FDF746
:10776000ABFA0120019001A92D48FDF7A5FA4FF4CD
:107770000040019001A92B48FDF79EFA4FF480408C
:10778000019001A92748FDF797FA4FF400500190A6
:1077900001A92448FDF790FA4020019001A9224850
:1077A000FDF78AFA2020019001A91F48FDF784FA0D
:1077B0001020019001A91C48FDF77EFA08200190D5
:1077C00001A91948FDF778FA0420019001A916488B
:1077D000FDF772FA0220019001A91348FDF76CFA37
:1077E0000120019001A91048FDF766FA4FF480606E
:1077F0000E490860800008606420FBF6E7FB4FF04C
:1078000080600A490860800008606420FBF6DEFBA7
:107810004FF4806005490860800008600BB000BD2F
:1078200000140258000802580010025818040258A8
:1078300010B54FF480610A48F8F71AFC0020094996
:1078400008700949086064200549A1F80201C820B0
:10785000A1F804010120A1F88E02A1F8960210BD42
:10786000DC210024600000246400002410B54FF0E7
:10787000806008490860800008603220FBF6A6FBA3
:107880004FF4806003490860800008609620FBF692
:107890009DFB10BD180402582DE9F0419EB04FF039
:1078A0000008002701A94148FBF6D0FC01208DF813
:1078B000040001A93D48FBF685FE00250CE0C5EB60
:1078C000851000EBC5103A4901EBC00200232946A0
:1078D0003648FCF7E3FE6D1C042DF0D300F002F9EE
:1078E00010B934A002F0EEF900BF6420FBF66EFB85
:1078F000FAF6C8FA064631463DA002F0E3F94348DD
:10790000006880F0800041490860781CC7B2322FBF
:1079100003DD3FA002F0D6F901E0012EE5DD00BF56
:10792000022E06D0032E0CD0042E11D0052E1DD110
:1079300016E04FF400544FF480483CA002F0C2F926
:107940001CE000244FF4804841A002F0BBF915E090
:107950004FF400544FF0000846A002F0B3F90DE0D8
:107960000024A0464CA002F0ADF907E04FF400540B
:107970004FF4804851A002F0A5F900BF00BF05A94F
:107980000A48FBF678FB0B94CDF8288030201B903A
:1079900005A90648FBF604FE0448FCF7C4FF0348AB
:1079A000FBF628FB1EB0BDE8F0810000300F00247C
:1079B000000204305B5048595D205741524E494EF9
:1079C000473A20444D39313631206E6F742072654C
:1079D00073706F6E64696E672C20636F6E74696E6E
:1079E0007565206C696E6B20706F6C6C0D0A000001
:1079F000444D393136315F4765744C696E6B537451
:107A0000617465203D2025640D0A00001418025899
:107A1000444D393136312053544154555320697304
:107A2000204552524F520D0A00000000444D39319A
:107A300036315F5354415455535F3130304D4249D4
:107A400054535F46554C4C4455504C45580D0A0014
:107A5000444D393136315F5354415455535F3130C1
:107A6000304D424954535F48414C464455504C4573
:107A7000580D0A00444D393136315F535441545545
:107A8000535F31304D424954535F46554C4C445539
:107A9000504C45580D0A0000444D393136315F5382
:107AA00054415455535F31304D424954535F48411E
:107AB0004C464455504C45580D0A00004554485F0B
:107AC00046554C4C4455504C45585F4D4F4445200D
:107AD0004554485F53504545445F3130304D0D0AA1
:107AE000000000001CB50020019000906420FBF60F
:107AF0006DFA002429E0002C05DD214616A002F0D5
:107B0000E1F8FFF7B3FEFAF70FFB00B11CE001ABA1
:107B1000022201211A48FCF7CAFE00B114E06B46AC
:107B2000032201211648FCF7C2FE00B10CE00198C7
:107B300010B9009800B907E0611C12A0DDE900321D
:107B400002F0C0F801201CBD641C052CD3DB1DA075
:107B500002F0B8F80020F6E75B5048595D20444D2C
:107B6000393136312072657472792025643A206883
:107B7000617264776172652072657365740D0A00C5
:107B8000300F00245B5048595D20444D3931363167
:107B9000204F4B206F6E20617474656D70742025CA
:107BA0006420285048594931523D30782530346C92
:107BB00058205048594932523D30782530346C585D
:107BC000290D0A005B5048595D20444D393136314A
:107BD00020696E6974204641494C454420616674B1
:107BE0006572203520617474656D7074730D0A00C0
:107BF00000B5B3B0002022903F22FE4923A8F8F739
:107C000042FA00208DF8CB0023A8F9F7FDF99DF882
:107C10008C0008B933B000BDF7A123A8F9F6EEFF38
:107C200010B1FEF641F9F5E79DF88C00412803D02C
:107C30009DF88C00612842D19DF88D004C2803D01E
:107C40009DF88D006C283AD19DF88E004C2803D009
:107C50009DF88E006C2832D19DF88F003A282ED1E5
:107C60001EAB1FAA20A924A8F8F781FF30B31E98E5
:107C700020B340F6B8312098884201DD08462090B4
:107C800000201D9015E01D98401CDD4909688842C0
:107C900000DD0BE0209818B91D98F8F7BFFF04E04D
:107CA000DDE91F211D98F8F777FC00BF1D98401CE7
:107CB0001D90D44909781D988842E4DBAAE7D2A137
:107CC00023A8F9F69BFF80B3D1A001F0FBFF0020B1
:107CD000209021E02098401CC9490968884200DDB5
:107CE00017E08021209800EB001000EB4000D44A00
:107CF00052F8200001800121209800EB001000EBD9
:107D0000400002EB800080F829102098F8F786FFE9
:107D100000BF2098401C2090BA49097820988842DA
:107D2000D8DB0120C749087074E7FFE7C6A123A884
:107D3000F9F664FF28B1C6480168C6A001F0C2FF89
:107D400068E79DF88C00532803D09DF88C007328B9
:107D50007DD19DF88D00502803D09DF88D007028AE
:107D6000F6D19DF88E00452803D09DF88E00652839
:107D7000EED19DF88F00452803D09DF88F0065282F
:107D8000E6D19DF89000442803D09DF89000642827
:107D9000DED19DF891003A28DAD1082219A90DF117
:107DA0009200FEF669FA18901898012825D11998C2
:107DB000002822DD1998B0F57A7F1EDAA4491998B7
:107DC00008600020179012E0179800EB001000EBFD
:107DD00040009B4901EB800090F8280020B99C48A6
:107DE00001681798F8F7F6FE1798401C1790854918
:107DF000097817988842E7DB6BE01898012863DD63
:107E00000020179053E019A9179851F820001690F8
:107E100040F6B8311698884201DD0846169095491B
:107E20001698884201DA08461690179800EB001061
:107E300000EB4000824901EB800090F8280098BBDD
:107E40001798F8F619FD169870B9179800E041E0F8
:107E5000F8F7E4FE8849179851F82000014615907C
:107E600086A001F02FFF1FE01698002801DD0120F9
:107E700001E04FF0FF3015901698002801DD1698AC
:107E800001E0169840421490DDE914121798F8F7B3
:107E900083FB7949179851F82000139001467AA086
:107EA000169A01F00FFF00BF1798401C1790DDE9EC
:107EB0001701884204DA5349097817988842A2DBEF
:107EC00074A001F0FFFE04E00DF1920173A001F037
:107ED000F9FE9FE69DF88C00502803D09DF88C0099
:107EE000702868D19DF88D004F2803D09DF88D0033
:107EF0006F2860D19DF88E00532803D09DF88E0026
:107F0000732858D19DF88F003A2854D1082219A916
:107F100024A8FEF6B1F918901898012846DB002035
:107F20000F9018E018990F98884204DA19A90F9851
:107F300051F8200008E00F9800EB001000EB400023
:107F40003F4901EB8000406910AA0F9942F82100D7
:107F50000F98401C0F900F980828E3DB3C480168FD
:107F600010A8FEF7F5FE53A001F0ACFE00200F9024
:107F700011E019A90F9851F820003F490E900F9871
:107F800051F820000D9001464EA00E9A01F09AFE85
:107F90000F98401C0F9018990F98884202DA0F989A
:107FA0000828E6DB3BA001F08DFE03E0114947A065
:107FB00001F088FE2EE69DF88C004E2803D09DF837
:107FC0008C006E2814D19DF88D00552803D09DF8A3
:107FD0008D0075280CD19DF88E004D2803D09DF89A
:107FE0008E006D2804D19DF88F003A2800D171E0F1
:107FF000EAE000009035002453544F500000000088
:108000002801002416000024524553455400000066
:108010003E3E3E2053797374656D2052455345545E
:108020003A206661756C7420726573657420616CAA
:108030006C2061786573203C3C3C0D0A0000000018
:108040005C080024140000245350454544000000FF
:10805000B400002443757272656E74206D6F76658E
:108060002073706565643A2025642052504D0D0AD6
:108070000000000048F4FFFF0401002425733D5375
:10808000544F50200000000025733D252B645250B2
:108090004D2000003C3C3C0D0A0000003F20496E92
:1080A00076616C69642073706565643A2025730D90
:1080B0000A0000003E3E3E20496E746572703A2010
:1080C0000000000025733D25642000003F2025733B
:1080D0000D0A0000082219A924A8FEF6CDF8189070
:1080E000189801286ADB00200F903BE00F9800EB06
:1080F000001000EB4000F74901EB8000D0F8BC0015
:108100000E900E98002803DC0F98FAF6CDFC0E9026
:1081100018990F98884215DA0F9800EB001000EBC1
:108120004000EC4901EB8000406919AA0F9952F810
:1081300021200E9982FB0112401810AA0F9942F8D3
:1081400021000CE00F9800EB001000EB4000E1492B
:1081500001EB800010AA41690F9842F820100F9897
:10816000401C0F900F980828C0DBDB48016810A85E
:10817000FEF7EEFDD9A001F0A5FD00200F9011E063
:1081800019A90F9851F82000D9490E900F9851F86D
:1081900020000D900146D7A00E9A01F093FD0F9894
:1081A000401C0F9018990F98884202DA0F980828FF
:1081B000E6DBAFF2201001F085FD04E0D049AFF21C
:1081C000F40001F07FFD25E59DF88C005A2803D0CE
:1081D0009DF88C007A283BD19DF88D00452803D06E
:1081E0009DF88D00652833D19DF88E00522803D06C
:1081F0009DF88E0072282BD19DF88F004F2803D058
:108200009DF88F006F2823D19DF890003A281FD148
:10821000082219A90DF19100FEF62EF81890189871
:1082200001280FD1199800280CDD1998B0F57A7F34
:1082300008DAB4491998086008460168B2A001F04C
:1082400041FD04E00DF19101B8A001F03BFDE1E436
:10825000C3A123A8F9F6D2FCF0B3AA480168C2A0D2
:1082600001F030FD002020907BE02098401CCA499E
:108270000968884200DD71E0209800EB001000EBF7
:108280004000944901EB8000807A00B966E02098B4
:10829000F8F6F2FA0221209800EB001000EB400003
:1082A0008C4A02EB800080F827100021209800EB18
:1082B000001000EB400002EB8000016101212098DA
:1082C00000EB001000EB400002EB800080F828106B
:1082D0008C480168209800E04DE0F8F77BFC20987E
:1082E00000EB001000EB40007A4901EB8000C06910
:1082F0001F900121209801EB001080B21B90FDF629
:1083000023FF1E901CAB1DAADDE91E1000F0C6FF66
:10831000DDE91C10CDE90001209800EB001000EB16
:1083200040006C4901EB800040691B90209800EBF5
:10833000001000EB400001EB800034301A90002266
:108340001F9B1B99FEF693FA6949209851F820006B
:1083500001461F9091A001F0B5FC00BF2098401C81
:1083600020909449097820988842FFF67EAF01203A
:10837000914908704EE491A123A8F9F63FFC18B189
:1083800091A001F09FFC45E49DA123A8F9F636FCDD
:1083900068B11920FBF6A2FCFDF622FF00F0BAFE40
:1083A0001920FBF6BDFC99A001F08CFC32E49DF88D
:1083B0008C00502803D09DF88C0070287ED19DF849
:1083C0008D00412803D09DF88D00612876D19DF85D
:1083D0008E00522803D09DF88E0072286ED19DF831
:1083E0008F00412803D09DF88F00612866D19DF849
:1083F00090004D2803D09DF890006D285ED19DF827
:1084000091003A285AD12C210DF19200F7F747FE3E
:108410002090209888B30021209801701FA90DF1A9
:108420009200F8F775FB1D901EA92098401CF8F7E4
:108430006FFB1C901F98D0B11E98C0B11D980028EA
:1084400015DB1D98FF2812DC1D9880B21B901C992B
:10845000FDF6F0FE28B17AA0DDE91C2101F032FC26
:108460000AE07CA0DDE91C2101F02CFC04E00DF108
:10847000920180A001F026FC1EE1FFE71FA90DF18B
:108480009200F8F745FB1E901F9808B31E9800282D
:108490001EDB1E98FF281BDC1E9880B21B90FDF689
:1084A00053FE1D901E98C0EBC000784901EB800080
:1084B0001C901C98806800901C9800E0FDE04068CB
:1084C0001B90024672A0DDE91D3101F0FBFBF2E0DA
:1084D000ECE000005C080024B40000243E3E3E2096
:1084E000496E7465727020726576733A20000000E0
:1084F0000401002425733D252B647265762000005D
:1085000090350024B80000243E3E3E205A45524F8C
:108510002073706565642073657420746F3A20253C
:10852000642052504D203C3C3C0D0A003F20496ED7
:1085300076616C6964205A45524F2073706565649A
:108540003A2025732028757365205A45524F3A4EBC
:108550002C204E3D317E393939290D0A00000000AA
:108560005A45524F000000003E3E3E205A45524FB1
:108570003A2072657475726E696E6720746F206F31
:10858000726967696E2061742025642052504D2005
:108590003C3C3C0D0A0000002801002425733A20D1
:1085A000686F6D696E6720746F20302E2E2E0D0A55
:1085B0000000000016000024BC000024504152417D
:1085C0004D3A5341564500003E3E3E2050415241F7
:1085D0004D3A5341564520736B697070656420288D
:1085E000466C6173682073746F726167652064699B
:1085F0007361626C656429203C3C3C0D0A000000FC
:10860000504152414D3A5245534554003E3E3E2062
:10861000466163746F7279207265736574202852A5
:10862000414D206F6E6C792C20466C61736820641C
:10863000697361626C656429203C3C3C0D0A000052
:10864000506172616D5B25645D203D2025640D0ADB
:10865000000000003F20506172616D5B25645D2069
:108660006F7574206F662072616E67653A202564AD
:108670000D0A00003F20496E76616C6964207061CC
:1086800072616D3A2025730D0A000000BCDA000803
:10869000506172616D5B25645D20252D313673203C
:1086A0003D2025642025730D0A0000000DF1920184
:1086B000FEA001F007FB00BF0BE49DF88C004D28E5
:1086C00003D09DF88C006D287DD19DF88D004F283A
:1086D00003D09DF88D006F2875D19DF88E00562827
:1086E00003D09DF88E0076286DD19DF88F003A2832
:1086F00069D1202119A8F7F7BBFC24A81890002005
:108700000F9087E002E01898401C189018980078A5
:108710002028F8D01898007800B97FE001200E904A
:10872000189800782D2806D14FF0FF300E90189839
:10873000401C189006E0189800782B2802D1189851
:10874000401C18909FEDE00A8DED0D0A11E018987D
:108750000078303800EE100AB8EEC00ADDED0D0AE0
:10876000B2EE041A00EE810A8DED0D0A1898401C35
:10877000189018980078302803DB1898007839286A
:10878000E5DD189800782E282CD11898401C1890F8
:108790009FEDCE0A8DED0C0A1BE01898007830385A
:1087A00000EE100AB8EEC01A9DED0D0ADDED0C0AC0
:1087B00000EE810A8DED0D0A9DED0C0ADFEDC30A76
:1087C00020EE200A00E0BBE08DED0C0A1898401C5A
:1087D000189018980078302803DB1898007839280A
:1087E000DBDD00BF9DED0E0AF8EEC00A9DED0D0A1F
:1087F00020EE800A19A90F9801EB800080ED000A95
:10880000189800782C2802D11898401C18900F98BE
:10881000401C0F900F980828FFF674AF00BF00208F
:108820000F904DE007210F9801EB001080B20B90E4
:10883000FDF68AFC0E900E98002802DC41F288308A
:108840000E900F9800EB001000EB4000A04901EBE8
:108850008000D0F8BC000D900D98002803DC0F9824
:10886000FAF622F90D9019A90F9801EB8000D0EDCE
:10887000000A9DED0D0AB8EEC00A20EE800ADFED79
:10888000950A60EE200A9DED0E0AB8EEC00A80EE51
:10889000801ABDEEC10A8DED0C0A0F9800EB001096
:1088A00000EB40018A4800EB810041690C980818F0
:1088B00010AA0F9942F821000F9800F101000F90C3
:1088C0000F980828AEDB8448016810A8FEF740FA2C
:1088D0009DED200AB7EEC00A8DED0C0B9DED1F0A31
:1088E000B7EEC00A8DED0A0B9DED1E0AB7EEC00A69
:1088F0008DED080B9DED1D0AB7EEC00A8DED060B40
:108900009DED1C0AB7EEC00A8DED040B9DED1B0A10
:10891000B7EEC00A8DED020B9DED1A0AB7EEC00A44
:108920008DED000B9DED190AB7EEC00A8DED0E0B13
:108930009DED0E0B53EC102B684801F0C3F942E497
:1089400067A123A8F9F65AF9F0B367A001F0BAF9C4
:108950000020209064E02098401C68490968884203
:1089600000DD5AE00721209801EB001080B21C9036
:10897000FDF6EAFB1F901F98002802DC41F28830C8
:108980001F90209800EB001000EB4001504800EBD6
:108990008100D0F8BC001E901E98002803DC2098AF
:1089A000FAF682F81E90209800EB001000EB4000D1
:1089B000474901EB800090ED050AF8EEC00A9DEDF5
:1089C0001F0AB8EEC00A00E035E060EE800A9DEDB7
:1089D0001E0AB8EEC00A9FED3F1A20EE011A80EE83
:1089E000810A8DED1D0A9DED1D0AB7EEC00A8DEDC1
:1089F000000B209800EB001000EB400001EB800022
:108A000040693F491C90209851F820001B90014676
:108A10003CA01C9A01F056F900BF2098401C209001
:108A20003E4909782098884295DB2B4801683CA094
:108A300001F048F90BE441A123A8F9F6DFF898B357
:108A400040A001F03FF94548006800230122009052
:108A50002A48016842A001F035F900202090C0E0CA
:108A60002098401C25490968884200DDB6E020981E
:108A700000EB001000EB4000154901EB800080691D
:108A80001E902099F9F7A8FA1F90209901EB011187
:108A900001EB41010E4A02EB81014969209A02EB88
:108AA000021202EB42026FE0A2E000003F20496E9A
:108AB00076616C696420706172616D2069643A202E
:108AC00025730D0A0000000000000000CDCCCC3D55
:108AD0005C08002400007A44B4000024F0F9100877
:108AE00057484552450000002D2D2D20506F7369C9
:108AF00074696F6E202D2D2D0D0A000028010024B1
:108B000004010024202025733A20706F733D2564F2
:108B10002028252E31666D6D290D0A0016000024CF
:108B2000202053706565643A2025642052504D2002
:108B300028532D4375727665290D0A00535441540C
:108B4000555300003D3D3D2053797374656D2053AE
:108B50007461747573203D3D3D0D0A005C00002476
:108B6000536C617665733A202564202046573A207D
:108B70007625642E25642020557074696D653A2031
:108B80002575730D0A0000004C4B03EB820292F82E
:108B90008C20CDE900210290209800EB001000EB22
:108BA0004000194601EB800090F82400C0F3C0009B
:108BB0001E90209800EB001000EB400001EB8000BD
:108BC000807A3F491D90209851F820001C90014662
:108BD0003CA0DDE91D2301F075F800BF2098401C82
:108BE00020904549097820988842FFF639AF63E51F
:108BF00042A123A8F9F602F8A8B343A001F062F855
:108C00004FA004F729FC2090209838B1209806F056
:108C1000BDFA01461F904DA001F054F852A004F790
:108C20001BFC2090209838B1209806F0AFFA01463E
:108C30001F9050A001F046F855A004F70DFC2090BD
:108C4000209838B1209806F0A1FA01461F9053A051
:108C500001F038F8002006F099FA01461F9056A05E
:108C600001F030F828E5FFE723A8219017E02C2138
:108C70002198F7F714FA2090209810B1002120983D
:108C800001702198FDF634FB08B101202290209854
:108C900010B12098401C00E00020219000BF2198D6
:108CA00018B1219800780028E1D1229820B94949CB
:108CB000AFF6E83001F006F800BFFDE45C080024E0
:108CC0000401002425733A20656E61626C65643D81
:108CD0002564206661756C743D2564206275737926
:108CE0003D256420706F733D25642076656C3D25BD
:108CF0006452504D0D0A00001600002453544143A5
:108D00004B535041434500002D2D2D20537461637A
:108D10006B2048696768205761746572204D6172E5
:108D20006B2028776F72647320667265652C203122
:108D3000776F72643D344229202D2D2D0D0A0000DD
:108D4000457468657243415400000000202045745A
:108D500068657243415420202831323830293A2046
:108D6000256C750D0A000000436D645061727365D7
:108D7000000000002020436D645061727365202064
:108D80002831323830293A20256C750D0A00000050
:108D90004D6F6462757344656600000020204D6F5E
:108DA00064627573446566202028363430293A2081
:108DB000256C750D0A000000202028746869732056
:108DC0007461736B2920202020203A20256C750DBA
:108DD0000A000000903500242DE9F04104460E46BB
:108DE00000275548006800F00300032802D1012045
:108DF000BDE8F08150482838006820F080504E4986
:108E000028390860FAF690FE054606E0FAF68CFE70
:108E1000401B022801D90320EAE7474828380068A8
:108E2000C0F340700028F1D100BF4348006820F033
:108E30007C70218840EA01503F490860A088401EAC
:108E4000C0F30800A168491E4FF47E4202EA4121A6
:108E50000843A189491ED20102EA01410843217C4D
:108E6000491E120202EA01610843334918310860C1
:108E700000BF3148001D006820F44060616908436C
:108E80002D49091D08600846006820F40070A1699A
:108E900008432949091D08600846006820F48070CD
:108EA000086025481C3000684FF6F8718843E16976
:108EB00040EAC10020491C3108601F48001D0068BD
:108EC00040F480701C49091D08602EB908460068EE
:108ED00040F48000086012E0012E08D11648001D01
:108EE000006840F400001449091D086007E01248BA
:108EF000001D006840F080700F49091D08600E4891
:108F00002838006840F080500B4928390860FAF68C
:108F10000BFE054606E0FAF607FE401B022801D9C3
:108F2000032065E7044828380068C0F34070002833
:108F3000F1D038465CE700002844025810B586B0EE
:108F4000044600BF5B48006840F0040059490860CF
:108F50000846006800F00400009000BF00BF00BF9A
:108F600054480830006840F48020524908310860B5
:108F70000846006800F48020009000BF00BF00BFDA
:108F80004C480838006840F001004A490839086038
:108F90000846006800F00100009000BF00BF4FF4D9
:108FA0004060019002200290012003900320049071
:108FB0000720059001A94048FBF77EFE4FF4805042
:108FC000019001200290022003900320049001A947
:108FD0003948FBF771FE3948394908600846446052
:108FE00000218160C160016181610C214161FDF757
:108FF0008EFC4020324909680862324832490860D4
:109000002D204860002130488160C1604FF48061AC
:109010000161002141618161C1614FF40031016250
:10902000FAF7BCFE00BF28482549C867084626490C
:10903000886300BF23483030244908602E204860F0
:109040004021224881600021C1604FF480610161AC
:10905000002141618161C1610162FAF79FFE00BF99
:109060001A481749886708461849886300BF4FF4B3
:1090700082721749FDF716FC00220E212720FAF60E
:1090800063FE2720FAF64CFE01220E210C20FAF690
:109090005BFE0C20FAF644FE00220F210E20FAF6A9
:1090A00053FE0E20FAF63CFE0020FDF6CBFB06B088
:1090B00010BD0000E044025800080258004800407B
:1090C000681D002428000240F81D0024701E0024A2
:1090D000E81E002410B50C48006898B10A480068E2
:1090E000401E0949086068B908480068006820F017
:1090F00040000649096808600020FDF6A3FB002037
:109100000349087010BD000058000024681D0024A9
:10911000570000242DE9FC5F002480E0601C4249D8
:109120000968884200DD79E0082101EB041188B26A
:10913000FDF60AF88246092101EB041188B2FDF61A
:1091400003F88146BAF1000F01DC4FF0010AB9F1D2
:10915000000F01DC4FF001092046F9F7B3FE80FB58
:109160000A7001464A464FEAE9733846F6F748FF67
:109170000E4605466FF000420021501BB14104DB52
:1091800000210846491BB04113DB28A0015D4B4676
:10919000524629A000F096FD2046F9F793FE04EB15
:1091A000041101EB4101304A02EB8101C1F8BC001E
:1091B00008E004EB041000EB40002B4901EB8000B9
:1091C000C0F8BC502046F9F77DFEC117CDE900017B
:1091D00004EB041000EB4000234901EB8000D0F8C1
:1091E000BC00642180FB017001463846DDE90023A4
:1091F000F6F706FF834604EB041000EB40001A4923
:1092000001EB8000D0F8BC00CDE9000B07A0015DA8
:109210004B46524615A000F055FD00BF641C082CBB
:10922000FFF67CAFBDE8FC9F2801002458595A5234
:10923000555657530000000025633A206765617258
:109240003D256C642F256C6420E286922065707049
:1092500072206F766572666C6F772C207573696EFD
:109260006720313A310D0A005C08002425633A205A
:10927000676561723D256C642F256C6420656666A8
:109280006563746976655F7070723D256C64202833
:10929000256C642525290D0A000000002DE9F04702
:1092A0002DED028B06460C4690469946B7EE000A15
:1092B000B0EE408A00EE106AB8EEC00AFEF638FF43
:1092C00020EE080ABDEEC00A10EE105AB5F5C87FB0
:1092D00001DA4FF4C875002C02DDA54200DD2546F9
:1092E0004FF4C87095FBF0F7012F00DA0127C8F89A
:1092F0000050C9F80070BDEC028BBDE8F08710B5D6
:10930000044658212046F6F7B3FE082084F82100D1
:10931000012084F8200010BD2DE9F04F90F82110B5
:10932000082903D090F92110491C09B9BDE8F08F34
:1093300090F82110042907D090F82110052903D0B6
:1093400090F82110062900D1F0E787694268836808
:10935000002F03DD002A01DD002B06DC082180F848
:1093600021100021C1618161E0E792FBF3F181638B
:10937000816B09B90121816339460024002500264B
:109380000CE0E41AC2F1000A544500DA54422144C8
:10939000002901DC002105E00D44761CD0F838A03E
:1093A000B245EED800BF8946D0F838B00BFB03FBBE
:1093B000D0F838E0AEF1010E0BFB0EFA0AEBDA7BC7
:1093C0004FEA6B0ED0F838B00BFB02FBABEB0E088C
:1093D000A9EB080CBCF1000F01DA4FF0000C9CFB6C
:1093E000F2FAC0F834A0002606E0891A002901DC50
:1093F000002105E00D44761CD0F834A0B245F4D825
:1094000000BF00260AE01C44002C00DD002421449B
:10941000002901DC002105E00D44761CD0F838A0BD
:10942000B245F0D800BF456590F920A0BAF1000F11
:1094300005DDD0F814A0AA44C0F810A005E0D0F8CB
:1094400014A0AAEB050AC0F810A04169C160C76466
:1094500041690165042180F8211000214162C16148
:1094600000BF63E72DE9F04186B00025814800F098
:1094700029FC1920FAF632FC00241FE0601C86B299
:109480007D480068864205DD7CA0015D7EA000F07D
:1094900019FC12E004EB041000EB4000804A02EBE0
:1094A000800090F8C8102046F7F7DAFD21463046D4
:1094B00000F052F900B96D1C00BF641C082CDDDB04
:1094C000002473E0601C1FFA80F86B480068804538
:1094D00000DD6AE0002005900490042003907148AC
:1094E00005A903AA0023CDE900210290012246F23A
:1094F00091014046FFF62CF807466A4804A903AAE2
:109500000023CDE900210290022246F2910140465B
:10951000FFF61EF80646002F01DD002E08DC57A0DE
:10952000015D33463A4660A000F0CCFB6D1C3BE089
:1095300004EB041000EB4000594901EB8000D0F827
:10954000C000059988420BD104EB041000EB4000E9
:10955000534901EB8000D0F8C400049988421CD024
:10956000DDE90410CDE9000104EB041000EB40003C
:10957000DFF82CC10CEB8000D0F8C43004EB0410F1
:1095800000EB40000CEB8000D0F8C0203BA0015D58
:1095900051A000F097FB6D1C06E038A0015D5BA0B8
:1095A000DDE9043200F08EFB00BF641C082C89DB6F
:1095B000002D03DD29465DA000F084FB002406E0B9
:1095C000FFF68CF84FF4FA6001F060FC641C0A2C82
:1095D000F6DB00203FE0421C274B1B689A4200DD6F
:1095E00038E000EB001202EB42022D4B03EB82024B
:1095F0005268D2F8021000EB001202EB420203EBB9
:109600008202516100EB001202EB420203EB820284
:10961000D16000EB001202EB420203EB8202116107
:1096200000EB001202EB420253F82220C2F80210B3
:10963000082200EB001303EB4303194C54F82330CA
:109640009A71062200EB001303EB430354F8233016
:109650001A8000BF401C0828BDDBFFF63FF84FF41E
:10966000FA6001F013FC1920FAF65AFB06B0BDE8C7
:10967000F081000088F910082801002458595A5236
:10968000555657530000000025633A206E6F207333
:109690006C6176652C20736B69700D0A0000000008
:1096A0005C08002460AE0A0025633A2053444F2032
:1096B000726561642D6261636B204641494C45448B
:1096C0002028726574313D256420726574323D2511
:1096D00064290D0A0000000025633A206765617265
:1096E000204D49534D415443483A2077726F746579
:1096F00020256C642F256C642C2072656164202504
:109700006C642F256C640D0A0000000025633A206C
:109710006765617220766572696669656420256C8B
:10972000642F256C64204F4B0D0A00005741524EA8
:10973000494E473A20256420676561722072617442
:10974000696F206572726F727320646574656374EB
:109750006564210D0A0000002DE9F04186B08046C5
:109760000C46002504EB041000EB40002A4901EBF5
:109770008000D0F8C000059004EB041000EB40001E
:1097800001EB8000D0F8C40004900598002802DDA9
:10979000049800280ADC21A0015D23A0DDE9043241
:1097A00000F090FA002006B0BDE8F0811BA0015D3A
:1097B00029A0DDE9043200F085FA364805A9042223
:1097C0000023CDE900210290012246F2910140469A
:1097D00001F0FEFA064606B16D1C2E4804A90422CB
:1097E0000023CDE900210290022246F29101404679
:1097F00001F0EEFA074607B16D1C25B926A000F06E
:1098000061FA0120CFE73B463246294624A000F00A
:1098100059FA0020C7E700005C08002458595A5242
:10982000555657530000000025633A20696E766153
:109830006C696420736572766F5F6765617220285A
:10984000256C642F256C64292C20736B6970205360
:10985000444F0D0A0000000025633A2053444F2076
:109860007772697465206765617220726174696FCF
:10987000203078363039313A30313D256C64203033
:1098800078363039313A30323D256C64202E2E2E18
:109890002000000060AE0A004F4B0D0A00000000DF
:1098A0004641494C20287265743D25642C20726520
:1098B00074313D256420726574323D2564290D0A9A
:1098C000000000002DE9F04106460C4694461D4676
:1098D000069F31460022002000230CE0D21BC5F178
:1098E0000008424500DA6A421144002901DC0021E7
:1098F00003E008445B1CA342F0D300BF002306E052
:109900001144002901DC002103E008445B1C63458D
:10991000F6D300BF00230AE03A44002A00DD00220B
:109920001144002901DC002103E008445B1CA34230
:10993000F2D300BFBDE8F08110B50268294B984210
:109940000ED0B0F1804F0BD0274B984208D0274B58
:10995000984205D0264B984202D0264B984203D11C
:1099600022F070024B681A431E4B984217D0B0F198
:10997000804F14D01C4B984211D01C4B98420ED0F3
:109980001B4B98420BD01B4B984208D01A4B984265
:1099900005D01A4B984202D0194B984203D122F4B9
:1099A0004072CB681A4322F080034C6943EA0402F8
:1099B00002608B68C3620B6883620A4B98420BD0CB
:1099C0000C4B984208D00C4B984205D00B4B984258
:1099D00002D00B4B984201D10B6903630123436111
:1099E00010BD0000000001400004004000080040DD
:1099F000000C0040000401400040014000440140D0
:109A00000048014030B50C46816821F47F4142EAAC
:109A1000032525432943816030BD00000A46816843
:109A2000034B194042F0070319438160704700005F
:109A30008FFFCFFF30B50B461446026A056A25F04A
:109A400001050562816921F0F00141EA041122F06B
:109A50000A021A438161026230BD30B50B461446DA
:109A6000056A25F0100505628169026A21F47041DA
:109A700041EA043122F0A00242EA0312816102624B
:109A800030BD38B504460020C4F88C00FAF64CF816
:109A900005462068006800F0080008280CD16FF027
:109AA0007E402B4600224FF4001100902046FEF627
:109AB0000BF808B1032038BD2068006800F00400EE
:109AC00004280CD16FF07E402B4600224FF4800119
:109AD00000902046FDF6F8FF08B10320EBE72020B8
:109AE000C4F88400C4F888000020E06600BF84F851
:109AF000800000BF00BFDEE770B50546AC6BE869CB
:109B0000B0F5807F20D00020A4F85E0020680068B7
:109B100020F48070216808602068806820F00100CF
:109B2000216888602068806820F040002168886093
:109B30002020C4F88800E06E012805D12068006864
:109B400020F0100021680860E06E012805D1B4F80B
:109B50005C102046FAF6C0FE02E02046FBF610F943
:109B600070BD70B50546AC6BE06E012806D1B4F847
:109B70005C0041082046FAF6AFFE02E02046FCF702
:109B800003FF70BD70B50546AC6BE869B0F5807F2A
:109B90000FD00020A4F856002068806820F08000D4
:109BA000216888602068006840F0400021680860F3
:109BB00002E02046FCF7EAFE70BD70B50446A56BD6
:109BC0002846FBF6A5F970BD0168096821F490717B
:109BD0000268116001688968094A11400268916051
:109BE000C16E012905D10168096821F010010268E0
:109BF00011602021C0F888100021C16601677047FC
:109C0000FEFFFFEF0168096821F0C00102681160E2
:109C10000168896821F40001026891602021C0F880
:109C20008410704770B504460E46154644F8586FC8
:109C3000A5800020606322202063606A583C08B33E
:109C40001D48E16FC8631D48E16F08641C48E16F5F
:109C5000C8640020E16F0865236803F124012B46E6
:109C6000A26DE06FFAF72AFB60B11020C4F88C00F7
:109C700000BF002084F8800000BF2020C4F88400CA
:109C8000012070BD00BF002084F8800000BF206864
:109C9000006840F48070216808602068806840F0A7
:109CA0000100216888602068806840F040002168D9
:109CB00088600020E5E70000F99A1008639B10080F
:109CC000BD7400080FB4054B10B503A9044A0298EF
:109CD00000F0C2FB10BC5DF814FB000045B30008A7
:109CE000F801002402480068C0F302207047000019
:109CF0000CED00E00000000010B529499FED261B87
:109D00002DED020B84B0059820F000408842DCBFA6
:109D100000209DED040B2EDD2249884209D10498D4
:109D200040B94FF0010000F0CFFAFEF659FA06B044
:109D300010BD05DB9DED040B30EE000B06B010BD31
:109D400068469DED040B00F063F810F003000DD0A1
:109D5000012814D09DED021B9DED000B022816D0AA
:109D600000F0DEF906B0B1EE400B10BD9DED021B18
:109D70009DED000B012000F043FA06B010BD9DEDF3
:109D8000021B9DED000B00F0CBF906B010BD0120C9
:109D900000F036FAE6E700000000000000000000D6
:109DA000FB21E93F0000F07F00B52DED028BB1EE05
:109DB000C08B83B018EE100A18EE901A8DED008B50
:109DC000002818BF0120084320F00040C0F17F6048
:109DD00000F1E040C00F14D010EE101A10EE900AFF
:109DE0008DED000B002918BF0121084320F0004031
:109DF000C0F17F6000F1E040C00F04BF012000F01F
:109E000063FAB0EE480B03B0BDEC028B00BD00005E
:109E10002DE9F14F04462DED020B2DED048B94B08E
:109E20009FED9D0B80ED020B199E9D4826F000458D
:109E300085420ADC9DED180B002084ED000B14B068
:109E4000BDEC048B03B0BDE8F08F96489FED969B68
:109E50009FED978BA84225DD97489FED991B9FEDBD
:109E60009A2B9DED180B002E0DDD30EE490B85422F
:109E700012BF30EE480B30EE410B30EE420B84ED5A
:109E8000000B0120DBE730EE090B854212BF30EEFC
:109E9000080B30EE010B30EE020B84ED000B4FF09F
:109EA000FF30CCE78A48A84253DB9DED180B51ECFC
:109EB000100B01F73BFA41EC100BB0EE401B9FED8D
:109EC000862B9FED870B290DDFF81CC201EE020BDC
:109ED0000120FDEEC00B10EE903A00EE903AB8EE85
:109EE000E02BB0EE410B02EE490B22EE081BFC44C6
:109EF000032830EE411B84ED001B1DD011EE902A8B
:109F000000EB4015113DC2F30A528A1A954213DA4A
:109F10000CEB0012B0EE403B92ED000B401C20EE2B
:109F2000021B33EE410B33EE403B33EE411B92ED0F
:109F3000023B12EE031BDBE7002EA8BF1846BFF65C
:109F40007EAF94ED000B5842B1EE400B84ED000B58
:109F500075E7C6F3130040F4801EC6F30A50A0F262
:109F6000F530471100F01F05C5F12000DDF860B0A5
:109F7000139000200890099005200DF1080C5B4912
:109F8000002D07EB0002794408BF51F8221009D0D8
:109F900051F8223001EB8201AB404A68139922FA52
:109FA00001F11943A1FB0E26A1FB0B131A449A429F
:109FB00034BF0123002303EB06080CEB8003D3E935
:109FC00001A60E448E4234BF0121002192448A44EE
:109FD00011B1924502D903E0924501D2012100E07E
:109FE0000021C3E901A641444CF82010011EA0F154
:109FF0000100C4DC04989DED050A00F10050810FBA
:10A0000004989FED3B4B800001EE100ADDED060A3F
:10A010009DED072AB8EEC13BB8EE401BB8EE600BD1
:10A02000B8EE422B002021EE041B9FED334B20EEB7
:10A03000040B9FED334B22EE042B30EE024B34EE3B
:10A04000014B34EE034B8DED004B00909DED004B2A
:10A05000199834EE433B10F0004F33EE411B31EEC4
:10A06000400B32EE401B9DED000B9FED272B20EEA9
:10A07000020B9FED272B01EE020B9DED001B9FEDC8
:10A08000262B01EE020B1CBF4942B1EE400B84EDC2
:10A09000000B0846D3E600000000000000000000AE
:10A0A000FB21E93F7CD9024000004054FB21F93FED
:10A0B0003163621A61B4D03DFB21F93F000000001A
:10A0C0000000601A61B4D03D7370032E8A19A33B5F
:10A0D000FB2139410000000083C8C96D305FE43FB7
:10A0E000000000000000E03FDE57F0FF7657F0FF71
:10A0F000000000000000103E000000000000103CC6
:10A10000000000000000103A3326A611460B113C57
:10A11000182D4454FB21F93D00000054FB21F93D6A
:10A1200010B52DED040B2DED068B82B0B0EE41ABDA
:10A1300009989FED299B20F00044B4F1795F0FDA74
:10A140009DED080BBDEEC00B10EE100A002801BFFC
:10A15000B0EE490B02B0BDEC068B04B008BF10BDD9
:10A160009DED080B1E48062120EE008BB0EE480B3B
:10A170007844FDF6FAFF20EE080B9DED081B1C4805
:10A18000844228EE000B01EE4A0B9FED171B28EED0
:10A19000011BBCBF31EE400B39EE400B16DB1548FE
:10A1A000A042BCBF9FED142B8DED002B06DBA4F568
:10A1B00000100190002000909DED002B31EE421B1D
:10A1C00039EE422B31EE400B32EE400B02B0BDECCB
:10A1D000068B04B010BD0000000000000000F03F3E
:10A1E0004C57000000000000000000000000E03FAD
:10A1F0003333D33F0000E93F000000000000D23FAE
:10A2000031B504462DED040B2DED068BB0EE419BD0
:10A2100007989DED060B20F00040B0F1795F0DDA54
:10A2200051EC100BFDF61EFD042808BF00F040F8AD
:10A230009DED060BBDEC068B05B030BD20EE008B0E
:10A240001348052128EE00ABB0EE480B7844FDF62C
:10A250008CFF9FED111B8CB19FED112B29EE022B72
:10A260000AEE402B9DED060B18EE029B0AEE419B79
:10A2700030EE490BBDEC068B05B030BD08EE001B7F
:10A280009DED060B0AEE010BBDEC068B05B030BD53
:10A290004855F0FF00000000495555555555C5BFBC
:10A2A000000000000000E03F30EE010B70470000AE
:10A2B0009FED030B20EE000B704700000000000034
:10A2C0000000000000000010014908607047000015
:10A2D000FC0100242DE9FF5F82B00021DDE904309C
:10A2E000020DDDF840B0034318D044F61050A2F23E
:10A2F000FF3242431514119801281FD0A5EB0B0023
:10A30000401C5FEA000A4FF000064E4FDFF838911C
:10A31000B046504615D5CAF1000413E01198012447
:10A320004AA3012801D16FEA0B010298119AC0E9F2
:10A330000031C0E9024206B0BDE8F09FCBF1000059
:10A34000DFE704460021404A491842EB0450CDE9BA
:10A35000001012E0E00707D032463B46404649462F
:10A36000F5F744FF8046894632463B46104619467B
:10A37000F5F73CFF06460F466410002CEAD1DDE9F4
:10A380000401DDE90023BAF1000F06DAF5F72EFF2C
:10A3900042464B46F5F72AFF05E0F6F6FCF8424642
:10A3A0004B46F6F6F8F804460E460022284BF5F721
:10A3B0008FFF03D84FF0FF30014607E00022254B06
:10A3C00020463146F6F640F8F6F654F9102409E036
:10A3D000002C0ADB0A220023F5F6DAFF039B303259
:10A3E0001A55641E50EA0102F2D1641C039AC4F1AA
:10A3F00011031444119A012A03D0012208430DD1FC
:10A400000AE0084304D000204FF0110B119072E7CE
:10A41000A3EB0B056D1E0DE05B4504DD4FF0000264
:10A4200005F1010504E003DA4FF00002A5F1010592
:10A43000002AECD002981199C0E90231C0E9004528
:10A4400079E70000000014400000F03F30000000F9
:10A450000000F0430000E03F2DE9FF4F95B09B4620
:10A460008946064600250FE2252877D10024274695
:10A47000F84A0121059400E0044316F8013F203B0F
:10A4800001FA03F01042F7D130782A2811D06FF08A
:10A490002F033078A0F13002092A16D8059A44F02B
:10A4A000020402EB820203EB42021044761C059088
:10A4B000EFE759F8042B0592002A03DA504244F4DE
:10A4C0000054059044F00204761C30782E2816D1F2
:10A4D00016F8010F44F004042A280DD06FF02F0263
:10A4E0003078A0F13003092B09D807EB870302EB82
:10A4F0004303C718761CF3E759F8047B761C3078C1
:10A500006C280FD006DC4C2817D068280DD06A289C
:10A5100014D104E0742810D07A280FD10DE044F44F
:10A5200000140AE044F4801401E044F4401472780A
:10A53000824202D104F58014761C761C307866289D
:10A540000BD013DC582877D009DC002875D04528BB
:10A55000F6D04628F4D047281AD19DE118E06328A8
:10A5600035D0642879D0652812D195E1702873D050
:10A5700008DC6728F1D069286FD06E280DD06F28CD
:10A5800006D1B5E073282CD0752875D0782874D002
:10A590005A46179990476D1C75E1C4F30250022882
:10A5A00009D003280DD0D9F8001004280DD00D6073
:10A5B00009F1040967E1D9F80010EA17C1E900526E
:10A5C000F6E7D9F800100D80F2E70D70F0E719F802
:10A5D000041B8DF8001000208DF80100EA460120D0
:10A5E00003E059F804AB4FF0FF3061074FF0000172
:10A5F00002D40DE008F101018846B9420FDA804526
:10A60000F8DB1AF808100029F4D108E008F101017C
:10A6100088468142FADB1AF808100029F6D105981D
:10A620005B46A0EB080721463846179AFDF605FE63
:10A63000284400EB080507E04DE029E10DE01AF899
:10A64000010B5A4617999047B8F10108F7D25B46BB
:10A6500021463846179A13E142E00A220092C4F3D9
:10A6600002524FF0000A022A08D059F804CB032AFC
:10A670004FEAEC710AD00DE029E02AE009F1070168
:10A6800021F00702F2E802C1914609E00FFA8CFCC2
:10A690004FEAEC71042A03D14FFA8CFC4FEAEC71BB
:10A6A000002907DA0A460021DCF1000C61EB020107
:10A6B0002D2202E0220504D52B228DF80420012250
:10A6C00003E0E20701D02022F7E7904659E00A2193
:10A6D00002E010220DE010214FF0000A00910BE083
:10A6E00010224FF0000A44F004040827009203E00F
:10A6F00008224FF0000A0092C4F30252022A05D049
:10A7000059F804CB0021032A08D009E009F1070118
:10A7100021F00702F2E802C1914605E01FFA8CFC25
:10A72000042A01D10CF0FF0C4FF00008220728D5B5
:10A73000702806D0009B83F0100353EA0A0305D06B
:10A740000EE040228DF80420012208E05CEA0102BC
:10A7500006D030228DF804208DF8050002229046A4
:10A76000009B83F0080353EA0A030AD15CEA010262
:10A7700001D1620705D530228DF804204FF0010881
:10A780007F1E582804D034A003900EA802900DE03C
:10A7900036A0F9E753466046009AF5F6F9FD84467F
:10A7A0000398825C0298401E029002705CEA0100ED
:10A7B000F0D1029806A9081A00F1200A600702D514
:10A7C00024F4803400E00127574502DDA7EB0A009E
:10A7D00000E0002000EB0A01009005984144401A77
:10A7E0000590E00306D45B462146179A0598FDF6CE
:10A7F00024FD0544002706E001A85A46C05D1799CC
:10A8000090476D1C7F1C4745F6DBE0030CD55B468B
:10A810002146179A0598FDF610FD054404E0302006
:10A820005A46179990476D1C0099481E00900029C0
:10A83000F5DC08E0029802995A460078491C02911A
:10A84000179990476D1CBAF10001AAF1010AF1DCD9
:10A8500065E10000092801003031323334353637E4
:10A86000383961626364656600000000303132335C
:10A8700034353637383941424344454600000000FC
:10A88000FDF6C9FC0544761C307800287FF4ECAD59
:10A8900019B02846BDE8F08F620700D4062709F1F9
:10A8A000070222F0070CFCE80223E14603F000480F
:10A8B0005FEA080C02D00FF2702C0DE05FEA045C36
:10A8C00002D50FF2682C07E05FEAC47C02D00FF2D9
:10A8D000602C01E0AFF2700C4FF0FF3823F0004322
:10A8E000CDF850C065280CD006DC452809D0462894
:10A8F0001DD047283DD13DE0662818D067287ED17D
:10A9000038E00021112F01DB112000E0781CCDE997
:10A91000000106A90EA8FFF7DDFCDDE90F010E9A84
:10A9200003910021009207F1010A04914DE04FF0DC
:10A9300000400097CDE9011006A90EA8FFF7CAFC58
:10A94000DDE90F0203920E9B11990022DDF80CA0A5
:10A950000093049211B9791C00EB010AB7EB0A00CD
:10A9600004D4C0F1FF3007F1010A0490AAEB0700FC
:10A97000019044E0012F00DA01270021112F01DDB1
:10A98000112000E03846CDE9000106A90EA8FFF726
:10A99000A1FCDDE90F010E9A0391002104910092C0
:10A9A000BA4621070CD40399514500DA8A46BAF118
:10A9B000010F05DD009AAAF10101515C302908D090
:10A9C000B84202DA10F1040F06DA0121CDE90110D4
:10A9D00015E0AAF10101E9E7002805DC049901442A
:10A9E0000491AAEB000102E0411C514500DD8A46BA
:10A9F0000499401A401C01904FF00040029020073B
:10AA000004D40198504501DBCDF8048000208DF876
:10AA10004F0002980DF14F07B0F1004F25D02B20C9
:10AA20000E9002984FF0020800280CDA4042029083
:10AA30002D200E9007E00A210298F5F755FB3031E2
:10AA4000029007F8011DB8F10001A8F10108F2DC3D
:10AA500002980028EFD1791E0E980870307800F027
:10AA6000200040F0450007F8020D12A8C01B00F1BD
:10AA700007081498007800B1012000EB0A01019842
:10AA800001EBE07105984144401A401E0590E00337
:10AA900006D45B462146179A0598FDF6CEFB054481
:10AAA0001498007818B15A46179990476D1CE00326
:10AAB00024D55B462146179A0598FDF6BEFB054452
:10AAC0001CE00498002807DBDDE90301884203DD70
:10AAD0000098405C179901E0179930205A4690473A
:10AAE000049805F10105401C04900198401E019056
:10AAF00004D12E205A46179990476D1CBAF10001D7
:10AB0000AAF1010ADDDC05E017F8010B5A46179996
:10AB100090476D1CB8F10001A8F10108F4DC5B4618
:10AB20002146179A0598ABE62D0000002B00000087
:10AB3000200000000A68531C0B6010707047000072
:10AB40002DE9FF4105460E460020009000BF00237E
:10AB50004A4F3B6000BF00BF00BF00BFBFF34F8F35
:10AB600000BF00BF00BF3B1F1868C0F34E3100BFDD
:10AB7000C0F3C90200BF43F6E07303EA41134FF08C
:10AB8000404707EA82773B433D4F3B6000BF00BF31
:10AB9000131EA2F10102EED10B1EA1F10101E7D1BA
:10ABA00000BF00BF00BFBFF34F8F00BF00BF00BF9B
:10ABB00000BF00BF00BFBFF36F8F00BF00BF00BF6B
:10ABC00000BF01A92F48F9F789FD0446002C52D196
:10ABD00069462C48F8F678FB2B484FF4BF51002902
:10ABE00024DD00F01F077A18034600BF00BF00BF36
:10ABF000BFF34F8F00BF00BF00BF00BF204F183F03
:10AC00003B602033203A002AF8DC00BF00BF00BFC1
:10AC1000BFF34F8F00BF00BF00BF00BF00BF00BF2A
:10AC2000BFF36F8F00BF00BF00BF00BF00BF17485A
:10AC30000068C0EB801202EBC010134A02EBC001A7
:10AC40002846009AF5F6D5FB10480068032805D27F
:10AC50000E480068401C0D49086002E000200B49C6
:10AC600008600848F8F6C6F9094900980880009875
:10AC700004B0BDE8F0814FF0FF30F9E784ED00E06B
:10AC800074EF00E0300F0024000204303000002494
:10AC90004C00002403480068406A034908600846E5
:10ACA000006870470410002450000024024A1080FD
:10ACB000024A1180704700000000406800004868A8
:10ACC00000B5002308E00C4AD15C03F11002D0B2B9
:10ACD000FFF7ECFF581CC3B2062BF4DB002307E0A0
:10ACE00003F11601C8B2FF21FFF7E0FF581CC3B201
:10ACF000082BF5DB00BD00004200002470B50546BE
:10AD00000C4645F040010C20FFF7D0FF210A0E2031
:10AD1000FFF7CCFFE1B20D20FFF7C8FF0A210B209F
:10AD2000FFF7C4FF00BF0B20FDF6CEFA00F00100D4
:10AD30000028F8D13220F7F6C7FA00210B20FFF7E0
:10AD4000B5FF70BD2DE9F04780460C462546C1464B
:10AD50008021FF20FFF7AAFFF8201B490880681C0C
:10AD60004FEA600A002605E039F816001749088006
:10AD7000701C86B25645F7DB290AFD20FFF796FFC7
:10AD8000E9B2FC20FFF792FF01210220FFF78EFFBE
:10AD9000FFF780FF074605E0FFF77CFFC01B642834
:10ADA00000D306E00220FDF68FFA00F00100002833
:10ADB000F2D100BF2C210120FFF778FF8021FF2076
:10ADC000FFF774FFBDE8F0870000406800004868A6
:10ADD0002DE9FF4704460D4616461F46DDE90D9A4C
:10ADE000DDF8308033462A46214604488DE8800746
:10ADF00000F090F904B0BDE8F087000040010024A5
:10AE000070B504460D462A462146024801F0E0F995
:10AE100070BD000040010024F8B504460D461646FA
:10AE20001F464FF47A7006FB00F32A46214602487B
:10AE30000097FEF67BFBF8BD4001002410B50948E1
:10AE40000078012803D10848FEF6EFFC07E005482A
:10AE50000078022803D105490348FEF617FD0020BB
:10AE600010BD00001500002440010024B82A012470
:10AE7000411CC8B2072800DD0120704710B5024808
:10AE800003F016F810BD00004001002410B5044680
:10AE900021460020FDF616FC10BD000010B504464A
:10AEA00021460248FFF604FE10BD000040010024C8
:10AEB00030B504460D462A462146024803F096F96D
:10AEC00030BD00002C60002401464FF6FF720A805E
:10AED0004A808A800D4A1288120A0C4B1B7842EA7B
:10AEE0000322CA80094A5288120A084B9B7842EA18
:10AEF00003220A81054A9288120A044B1B7942EA0E
:10AF000003224A814AF288428A817047BEF60008CD
:10AF100070B504460D46164633462A462146024879
:10AF200000F75EF970BD0000400100242DE9FF5FCD
:10AF300005460F4690461E46DDE90E9B284602F068
:10AF4000D5F8C4B240F2F72014FB00F046F26C5280
:10AF50002A4402EB4001234601222846CDE902693A
:10AF6000CDE90078FFF6EDFF5A462146284600F766
:10AF70000AF98246BAF1000F0CDD40F2F720604377
:10AF800005F1180202EB400000F10C013246484680
:10AF9000F5F62FFA00222146284603F027F95046FD
:10AFA00004B0BDE8F09FFEB505460E4617461C46A8
:10AFB0000020029002A802233A463146CDE900045F
:10AFC0002846FFF7B3FFBDF80800FEBD2DE9FF5F7F
:10AFD00005460E4617469846DDE90E9A284602F0C9
:10AFE00085F8C4B240F2F72014FB00F046F26C5230
:10AFF0002A4402EB40012346022228468DE8C00382
:10B00000FFF69FFF52462146284600F7BCF88346CC
:10B0100000222146284603F0E9F8584604B0BDE86E
:10B02000F09FFFB583B004460D4616460C9F06A858
:10B03000022332462946CDE900072046FFF7C6FF26
:10B0400007B0F0BD2DE9FF5F05460F4690461E464E
:10B05000DDE90E9B284602F049F8C4B240F2F72021
:10B0600014FB00F046F26C522A4402EB40012346E6
:10B0700004222846CDE90269CDE90078FFF661FF98
:10B080005A462146284600F77EF88246BAF1000F5C
:10B090000CDD40F2F720604305F1180202EB40009E
:10B0A00000F10C0132464846F5F6A3F9002221468C
:10B0B000284603F09BF8504604B0BDE8F09F2DE908
:10B0C000FF5F05460E4617469846DDE90E9A28466C
:10B0D00002F00CF8C4B240F2F72014FB00F046F284
:10B0E0006C522A4402EB40012346052228468DE893
:10B0F000C003FFF626FF52462146284600F743F8D4
:10B10000834600222146284603F070F8584604B0D2
:10B11000BDE8F09F2DE9FF4FADF6B43D81468A466C
:10B12000DDF8ECBB0DF5BC60FDF62AFA00230DF549
:10B13000BC6251464846FEF62FFF804604A8FDF645
:10B140001FFA0DF5BC6504AC0AEBCA0101EB8A11CC
:10B15000D9F8040000EB8100B0F8C0001038CDF839
:10B16000B00BBBF1040F78DCDDF8E80B002874D1DC
:10B170000A2020800020608020710AEBCA0202EBC6
:10B180008A12D9F8041001EB820191F8CA00FFF786
:10B190006FFE07460AEBCA0101EB8A11D9F80400D9
:10B1A00000EB810080F8CA70032000EB071060718B
:10B1B0004FF40050E080CBF104000C2101EA800044
:10B1C00040F023002072DDF8BC0BA4F80900DDF884
:10B1D000C00BE072DDF8F00B01905A4604F10C0050
:10B1E0000199F5F606F944F6206304AA514648464B
:10B1F00002F087FB8046B8F1000F3ADD2846FDF6E5
:10B20000BFF92A4651464846DDF8F43BFEF6C4FE37
:10B210008046B8F1000FF0DD687900F00F000328D8
:10B220000ED1E8880321B1EB203F09D1B5F8090020
:10B23000B4F80910884203D1E87AE17A884218D03C
:10B24000287A80280AD1E8680090514648460DF6D1
:10B25000BC320CCAFDF67CFB09E00BE0012000903B
:10B26000514648460DF6BC320CCAFFF601F84FF0C5
:10B27000000847E11FFA8BF600200290DDF8B00BC2
:10B28000864204DDDDF8B00B86B20120029006F1A3
:10B290000A0020800020608020710AEBCA0202EBC5
:10B2A0008A12D9F8041001EB820191F8CA00FFF765
:10B2B000DFFD07460AEBCA0202EB8A12D9F8041036
:10B2C00001EB820181F8CA70032101EB0710607164
:10B2D0004FF40050E080DDF8E80B10B1312020720F
:10B2E00001E021202072DDF8BC0BA4F80900DDF894
:10B2F000C00BE072DDF8E80B28B1DDF8C00B0128C7
:10B3000001DD0120E072C4F80CB0DDF8F01B019102
:10B31000324604F110000199F5F66BF801983044BB
:10B320000190ABEB060B44F6206304AA5146484655
:10B3300002F0E7FA8046B8F1000F9ADD0DF5BC6027
:10B34000FDF61EF90DF5BC6251464846DDF8F43BAA
:10B35000FEF622FE8046B8F1000F8ADD687900F023
:10B360000F0003287DD1E8880321B1EB203FF9D1FC
:10B37000B5F80900B4F809108842F3D1E87AE17A07
:10B380008842EFD1DDF8B00BC01DCDF8B00B002026
:10B3900003909AE004AC1FFA8BF600200290012083
:10B3A0002072DDF8B00B864206DDDDF8B00B86B208
:10B3B0000120029000202072029850B9072E08DA6E
:10B3C0000A202080C6F10700012101EB4000207215
:10B3D00001E0F01C20800020608020710AEBCA028E
:10B3E00002EB8A12D9F8041001EB820191F8CA002D
:10B3F000FFF73EFD07460AEBCA0101EB8A11D9F8B7
:10B40000040000EB810080F8CA70032000EB0710F5
:10B4100060714FF40050E080217A03980844207254
:10B42000324604F109000199F4F6E3FF0198304433
:10B430000190ABEB060B44F6206304AA5146484644
:10B4400002F05FFA8046B8F1000F3ADD0DF5BC60FE
:10B45000FDF696F80DF5BC6251464846DDF8F43B22
:10B4600000E037E0FEF698FD8046B8F1000F28DDD9
:10B47000687900F00F00032809D1E8880321B1EBB7
:10B48000203F04D1287A00F0E000202819D0287A43
:10B49000802809D1E8680090514648460DF6BC3234
:10B4A0000CCAFDF655FA08E00120009051464846C6
:10B4B0000DF6BC320CCAFEF6DBFE4FF00008002091
:10B4C0000290039880F010000390029800287FF407
:10B4D00061AF17E0287A802809D1E86800905146CA
:10B4E00048460DF6BC320CCAFDF632FA08E00120DF
:10B4F0000090514648460DF6BC320CCAFEF6B8FE26
:10B500004FF0000840460DF6C43DBDE8F08F2DE930
:10B51000FF4FADF6BC3D81468A469346DDF8F47B8D
:10B520000DF2DC50FDF62CF800230DF2DC525146F2
:10B530004846FEF631FD03A8FDF622F80DF2DC5573
:10B5400003AC042020800020608020710AEBCA0236
:10B5500002EB8A12D9F8041001EB820191F8CA00BB
:10B56000FFF786FC029002980AEBCA0202EB8A12ED
:10B57000D9F8041001EB820181F8CA000521029874
:10B5800001EB00106071A07920F00700401CA07151
:10B59000A07920F00800A071A07920F01000A0711F
:10B5A000A0796BF34710A071DDF8C80BE071DDF8EE
:10B5B000F00B20814FF00008DDF8F81BCDF8B41B2C
:10B5C0000DF2E650CDF8B00B0120019044F6206357
:10B5D00003AA5146484602F094F9CDF8B80BDDF8BD
:10B5E000B80B00287CDD9BE00DF2DC50FCF6C8FFB8
:10B5F0000DF2DC5251464846DDF8FC3BFEF6CCFC31
:10B60000CDF8B80BDDF8B80B00287EDD687900F0C6
:10B610000F00052843D1A87900F0070002283ED189
:10B62000A879C0F30010C8BBA879BBEB501F36D176
:10B63000E979DDF8C80B814231D12888001F86B234
:10B6400008EB06001FFA80F8386840450CDB3246EC
:10B65000DDF8B01BDDF8B40BF4F6CBFEDDF8B40B6F
:10B660003044CDF8B40B10E03888A8EB0000301A55
:10B6700086B238881FFA80F8002E06DD3246DDF8E3
:10B68000B01BDDF8B40BF4F6B4FEA879C0F3C0002B
:10B6900040BB00200190C7F8008041E0FFE7002098
:10B6A0000190687900F00F00052821D1A87900F0F9
:10B6B000070002281CD1A879C0F30010C0B1288867
:10B6C000001D0DF2DC510844CDF8B00BDDF8B00BD5
:10B6D000CDF8AC0BDDF8AC0B03885146484602E0D0
:10B6E00022E012E01CE0DDF8F02BFDF603FB08E0A1
:10B6F00001200023009051464846DDF8F02BFEF66D
:10B70000B7FD0020CDF8B80B0AE00020019004201E
:10B710000023009051464846DDF8F02BFEF6A8FDC8
:10B72000019800287FF460AFDDF8B80B0DF6CC3D32
:10B73000BDE8F08F2DE9F05F824688469346994632
:10B740000D9D47464CF24C40504430F8290086B2DB
:10B7500007F10E0420880C3028442080208940F412
:10B7600000402081B01EC41984F802B084F8039010
:10B770000B98A0800C98E0800A9818B145F400401E
:10B78000208100E0258106F10A01C8192A465946A0
:10B790000E9BFFF6A5FD002106F10A00284439544E
:10B7A00006F10A002844401C395406F10C002844D4
:10B7B0004CF24C41514441F82900301FBDE8F09F44
:10B7C0000146002003E0002241F82020401C102800
:10B7D000F9DB70472DE9F34F8BB004462046FEF6A7
:10B7E0002BF82046FDF644FF0490049800287DDDE8
:10B7F000204602F053FC01257BE0C5F1010080B238
:10B800000A9041F270734FF4A07220680A99FFF712
:10B81000CAFB05EBC50202EB8512616801EB8201F0
:10B82000888241F2707005F57A718BB20090102217
:10B8300020680A99FFF7F5FB012D01D1AA4601E026
:10B840004FF0000A41F27070009053464FF480723E
:10B8500020680A99FFF7E5FB41F270731022206817
:10B860000A99FFF7A0FB0990099805EBC50202EBC6
:10B870008512616801EB8201888041F2707006A92F
:10B88000CDE900100223122220680999FFF7DAFBA4
:10B89000BDF8180005EBC50202EB8512616801EBEB
:10B8A0008201C88041F2707008A9CDE9001002231E
:10B8B00040F2025220680999FFF7C4FBBDF820004E
:10B8C0000890BDF8200000F0400048B1012005EBD1
:10B8D000C50202EB8512616801EB820181F8FA0072
:10B8E00008222946204602F0EFF900E0FEE3681C3A
:10B8F00085B2A0680068A842BFF67FAF012514E0BA
:10B9000044F6206229462046FEF6A6FF05EBC50256
:10B9100002EB8512616801EB820188600A222946E8
:10B92000204602F0D1F9681C85B2A0680068A842E0
:10B93000E6DA012514E044F6206229462046FEF6A8
:10B940008BFF05EBC50202EB8512616801EB8201FA
:10B95000C8600C222946204602F0B6F9681C85B260
:10B96000A0680068A842E6DA012514E044F62062E7
:10B9700029462046FEF670FF05EBC50202EB851254
:10B98000616801EB8201086118222946204602F015
:10B990009BF9681C85B2A0680068A842E6DA012518
:10B9A0002CE044F6206229462046FEF655FF8146EB
:10B9B00005EBC50202EB8512616801EB8201A1F87B
:10B9C000C2904FEA194005EBC50202EB851261688F
:10B9D00001EB8201A1F8C00005EBC50101EB851167
:10B9E000606800EB8100B0F8C000002804DD1A2276
:10B9F0002946204602F068F9681C85B2A0680068F4
:10BA0000A842CEDA0125D8E305EBC50101EB85118B
:10BA1000606800EB8100B0F8C000002836DD44F615
:10BA2000206229462046FEF617FF814605EBC50237
:10BA300002EB8512616801EB8201A1F8C6904FEA22
:10BA4000194005EBC50202EB8512616801EB82012A
:10BA5000A1F8C40005EBC50101EB8511606800EB9E
:10BA60008100B0F8C40088B905EBC50101EB851170
:10BA7000606800EB8100B0F8C00005EBC50202EB86
:10BA80008512616801EB8201A1F8C40005EBC501D4
:10BA900001EB8511606800EB81008088099041F21C
:10BAA0007073082220680999FCF62EFF00F004004C
:10BAB00000280ADD012005EBC50202EB8512616852
:10BAC00001EB820181F8CB0009E0002005EBC50203
:10BAD00002EB8512616801EB820181F8CB0041F233
:10BAE00070734FF4887220680999FCF60DFF0746C1
:10BAF00000200590824607F44070B0F5007F05D124
:10BB00000598401CC0B205904AF0010A07F4406055
:10BB1000B0F5006F05D10598401CC0B205904AF001
:10BB2000020A07F44050B0F5005F05D10598401CAB
:10BB3000C0B205904AF0040A07F44040B0F5004F47
:10BB400005D10598401CC0B205904AF0080A41F2A0
:10BB50007073072220680999FCF6D6FE05EBC50232
:10BB600002EB8512616801EB820181F8CC00059837
:10BB700005EBC50202EB8512616801EB820181F8D9
:10BB8000CD0005EBC50101EB8511606800EB81007C
:10BB900080F8CEA0002005EBC50202EB851261689B
:10BBA00001EB8201A1F8D000012D39DD0790681E5C
:10BBB0000FFA80FB00BF0BEBCB0101EB8B11606830
:10BBC00000EB810090F8CD70012F03D10798401E43
:10BBD00000B20790032F03D10798401C00B20790D2
:10BBE000042F03D10798801C00B207900798002803
:10BBF00001DB012F02DCBBF1010F0AD105EBC5020D
:10BC000002EB8512616801EB8201A1F8D0B04FF020
:10BC1000010BABF101000FFA80FBBBF1000FCADC96
:10BC2000FE4B012229462046FFF6DAFA05EBC50154
:10BC300001EB8511606800EB8100B0F8C0000028BE
:10BC40007EDD012005EBC50202EB8512616801EB88
:10BC5000820181F87400022105EBC50202EB851216
:10BC6000606800EB820080F87510032105EBC502C7
:10BC700002EB8512606800EB820080F876100421E8
:10BC800005EBC50202EB8512606800EB820080F8CC
:10BC9000771005EBC50101EB8511606800EB8100B1
:10BCA000B0F8C20005EBC50202EB8512616801EB3A
:10BCB0008201888605EBC50101EB8511606800EB08
:10BCC0008100B0F8C01005EBC50202EB8512606878
:10BCD00000EB8200C186D24905EBC50202EB85125A
:10BCE000606800EB8200816305EBC50101EB851103
:10BCF000606800EB8100B0F8C61005EBC50202EBEE
:10BD00008512606800EB8200818705EBC50101EBBD
:10BD10008511606800EB8100B0F8C41005EBC50226
:10BD200002EB8512606800EB8200C187BC49091FE5
:10BD300005EBC50202EB8512606800EB820000E0B3
:10BD40000FE0016444F6206229462046FEF684FD99
:10BD500005EBC50202EB8512616801EB8201A1F8D7
:10BD6000C800002003900C98012804D129462046E1
:10BD7000FCF6E0FF0390039800287DD12946204679
:10BD8000FDF67AFE0028F8D11E222946204602F050
:10BD90001CFC86B2002E70D0F01D82B229462046CF
:10BDA00002F071FC05EBC50202EB8512616801EB44
:10BDB000820181F8FC0006F1080082B22946204683
:10BDC00002F061FC05EBC50202EB8512616801EB34
:10BDD000820181F8FD0006F1090082B22946204661
:10BDE00002F051FC05EBC50202EB8512616801EB24
:10BDF000820181F8FE0006F10A0082B2294620463F
:10BE000002F041FC05EBC50202EB8512616801EB13
:10BE1000820181F8FF0006F10D0082B2294620461A
:10BE200002F031FC00F00200002810DD012005EBDB
:10BE3000C50202EB8512616801EB820181F8020103
:10BE4000606890F80201401C616881F8020106F107
:10BE50000E0082B22946204602F015FC05EBC50211
:10BE600002EB8512616801EB8201A1F8000106F185
:10BE70000F0082B2294601E006E128E0204602F0E8
:10BE800002FC05EBC50202EB8512616801EB820141
:10BE9000B1F8001101EB002000B205EBC50202EB86
:10BEA0008512616801EB8201A1F8000105EBC50173
:10BEB00001EB8511606800EB8100B0F8000161685A
:10BEC000B1F80011084400B26168A1F800010A222B
:10BED0002946204602F079FB00280EDD05EBC5025D
:10BEE00002EB8512606800EB820000F58671012389
:10BEF0002A46204602F048FC1BE005EBC50C0CEB83
:10BF0000851C616801EB8C01CB6805EBC50C0CEB63
:10BF1000851C616801EB8C018A6805EBC50C0CEB94
:10BF2000851C616801EB8C0101F586703DA1FBF673
:10BF300085FE29462046626C02F059FA029002986A
:10BF400000285DDD606C808805EBC50202EB851280
:10BF5000616801EB82018886606CC18805EBC502CF
:10BF600002EB8512606800EB8200C186606C007A8B
:10BF7000616C897A00EB014105EBC50202EB851289
:10BF8000606800EB820081634FF001082DE0606C77
:10BF9000818805EBC50202EB8512606800EB820028
:10BFA000343020F83810606CC18805EBC50202EB14
:10BFB0008512606800EB8200343000EBC8004180DD
:10BFC000606C007A616C897A00EB014105EBC50277
:10BFD00002EB8512606800EB8200343000EBC80091
:10BFE000416008F1010000F0FF08B8F1080F07DA1E
:10BFF000434629462046626C02F07CFA0028C6D1EE
:10C0000029462046A26C02F090F9E8B3A06CC078F3
:10C01000FF281AD0A06CC0780EE0000080841E00BB
:10C02000260001003F204D3A25382E387820493A25
:10C0300025382E387800000005EBC50202EB85128A
:10C04000616801EB820181F8BC00A06C0079FF28D7
:10C050000AD0A06C007905EBC50202EB851261687D
:10C0600001EB820181F8BD00A06C4079FF280AD065
:10C07000A06C407905EBC50202EB8512616801EB0B
:10C08000820181F8BE0000E00EE0A06C8079FF28FC
:10C090000AD0A06C807905EBC50202EB85126168BD
:10C0A00001EB820181F8BF0005EBC50101EB8511B1
:10C0B000606800EB8100B0F8C000002872DD05EB7D
:10C0C000C50101EB8511606800EB8100808E38BBF3
:10C0D0004FF4805005EBC50202EB8512616801EB5D
:10C0E00082018886802105EBC50200E06AE002EB50
:10C0F0008512606800EB8200C186344905EBC502F9
:10C1000002EB8512606800EB82008163012005EB81
:10C11000C50202EB8512616801EB820181F87400AF
:10C1200005EBC50101EB8511606800EB8100808F94
:10C1300030BB4FF4845105EBC50202EB85126068F9
:10C1400000EB82008187802105EBC50202EB85129E
:10C15000606800EB8200C1871C49091F05EBC5021E
:10C1600002EB8512606800EB82000164022105EB9E
:10C17000C50202EB8512606800EB820080F8751042
:10C1800041F2707105EBC50202EB8512606800EBAD
:10C1900082003430CDE900011023DA0120680999CA
:10C1A000FEF78DFF41F27070009012231A01206893
:10C1B0000999FCF6BCFB681C85B2A0680068A8421F
:10C1C000BFF622AC04980DB0BDE8F08F2600010048
:10C1D0002DE9F74F8CB0044617464FF000090020B8
:10C1E000059003900290A068006800287DDD6069DA
:10C1F000B842FBDD3A46FEA00D99FDF763FD07EB63
:10C20000870101EB4711206950F83190CDF8149067
:10C210004FF0000A002007EB870202EB471221696A
:10C2200001EBC201888307EB870202EB4712216909
:10C2300001EBC201488407EB870202EB4712216938
:10C2400001EBC2018884012512E057B105EBC5015D
:10C2500001EB8511606800EB810090F80301B842A2
:10C2600004D100222946204601F01CF8681C85B242
:10C27000A0680068A842E8DA012515E057B105EB8F
:10C28000C50101EB8511606800EB810090F80301A6
:10C29000B84207D129462046FDF678FD29462046BA
:10C2A00001F0F2F8681C85B2A0680068A842E5DADF
:10C2B0000125B5E205EBC50101EB8511606800EBD6
:10C2C000810080880B9057B105EBC50101EB85110A
:10C2D000606800EB810090F80301B84272D105EB71
:10C2E000C50101EB8511606800E0FDE300EB810012
:10C2F00090F804614FF0000800200A90099000BFF8
:10C3000000BF079005EBC50101EB8511606800EBEC
:10C310008100008B002855D0BFA0FDF7D3FC39E287
:10C320003146C2A0FDF7CEFC03E008F1010000F0A9
:10C33000FF08B8F1070F0BDA05EBC50101EB85111A
:10C34000606800EB8100743010F808000328ECD11D
:10C350004146BAA0FDF7B6FC05EBC50101EB85111E
:10C36000606800EB8100343030F8381005EBC5020E
:10C3700002EB8512606800EB82007C3000EB061057
:10C38000018105EBC50101EB8511606800EB8100BF
:10C39000343000EBC800B0F802B009985844099056
:10C3A0000A9800EBCB000A9005EBC50101EB851163
:10C3B000606800EB8100343030F83800584480B2B7
:10C3C00006904AE025E208F1010000F0FF0803E0D2
:10C3D00008F1010000F0FF08B8F1070F0BDA05EBD8
:10C3E000C50101EB8511606800EB8100743010F825
:10C3F00008000328ECD105EBC50101EB851160684D
:10C4000000EB8100343030F838100698814200DDAE
:10C4100031E0414689A0FDF755FC05EBC50101EB74
:10C420008511606800EB8100343000EBC800B0F883
:10C4300002B00998584409900A9800EBCB000A9082
:10C4400005EBC50101EB8511606800EB810034301C
:10C4500030F83800584480B2069005EBC50101EB76
:10C460008511606800EB8100018B0A98814202DD32
:10C47000B8F1070FA7DB00BF05EBC50101EB851184
:10C48000606800EB8100C069F0BB05EBC50101EB02
:10C490008511606800EB81007C3000EB0610C0F86D
:10C4A000009005EBC50101EB8511606800EB810090
:10C4B0007C3000EB061080F806A005EBC50101EB0F
:10C4C0008511606800EB8100007E401E504400F042
:10C4D000FF0ABAF1070F05DD09F10109AAF1080009
:10C4E00000F0FF0A05EBC50101EB8511606800EB68
:10C4F00081007C3000EB06100068A9EB0000401CB6
:10C500000890089881B200E024E005EBC50202EB38
:10C510008512606800EB82007C3000EB06108180A1
:10C5200005EBC50101EB8511606800EB81007C30F3
:10C5300000EB061080F807A00AF1010000F0FF0AE6
:10C54000BAF1070F05DD09F10109AAF1080000F0B1
:10C55000FF0A85E0BAF1000F03D009F101094FF09D
:10C56000000A05EBC50101EB8511606800EB810055
:10C570007C3000EB0610C0F8009005EBC50101EB24
:10C580008511606800EB81007C3000EB061080F8BC
:10C5900006A04FF0070A0998089005EBC50101EBCA
:10C5A0008511606800EB8100C269DDE9071008446D
:10C5B00082420ADA05EBC50101EB8511606800EBE8
:10C5C0008100C1690798081A089008988144089862
:10C5D00081B205EBC50202EB8512606800EB8200B8
:10C5E0007C3000EB0610818005EBC5012CE00000DB
:10C5F00065635F636F6E6669675F6D61705F6772C9
:10C600006F757020494F6D61703A25702067726FA9
:10C6100075703A25640A000020204F555450555437
:10C62000204D415050494E470A0000002020202054
:10C63000464D4D552025640A000000002020202092
:10C640002020534D25640A0001EB8511606800EB42
:10C6500081007C3000EB061080F807A04FF0000A44
:10C66000DDE9070108440790002105EBC50202EB54
:10C670008512606800EB82007C3000EB061081724E
:10C68000022105EBC50202EB8512606800EB820017
:10C690007C3000EB0610C172012105EBC50202EBF4
:10C6A0008512606800EB82007C3000EB061001739D
:10C6B00041F2707105EBC50202EB8512606800EB78
:10C6C00082007C3000EB0610CDE90001310101F55C
:10C6D000C062102320680B99FEF7F1FC07EB87017D
:10C6E00001EB4711206900EBC100408C401C07EBB7
:10C6F000870202EB4712216901EBC201488405EB76
:10C70000C50101EB8511606800EB8100006AD8BBB0
:10C7100005EBC50101EB8511606800EB81007C3001
:10C7200000EB061001680D98084405EBC50202EB0A
:10C730008512616801EB8201086205EBC50101EB1E
:10C740008511606800EB81007C3000EB0610807979
:10C7500005EBC50202EB8512616801EB820181F8ED
:10C76000240005EBC50101EB8511606800EB810039
:10C7700090F8243005EBC50101EB8511606800EBF2
:10C7800081002946026A00E002E0FDA0FDF79AFA66
:10C79000701CC6B2B8F1070F10DA05EBC50202EB48
:10C7A0008512616801EB8201098BC81DC11700EB7E
:10C7B0005171CA1007998A423FF7B2AD05EBC50126
:10C7C00001EB8511606800EB810080F80461059839
:10C7D000A9EB00000490CDF8149002990498084445
:10C7E00040F2BA51884215D9029807EB870202EB52
:10C7F0004712216901EBC2012831039A41F8220056
:10C8000003983F280ADA0398401C80B203900498EA
:10C81000029003E00499029808440290681C85B2D3
:10C82000A0680068A842BFF645ADBAF1000F24D059
:10C8300009F10109CDF814904FF0000A0298401C4C
:10C8400040F2BA51884215D9029807EB870202EBF1
:10C850004712216901EBC2012831039A41F82200F5
:10C8600003983F2809DA0398401C80B20390012006
:10C87000029002E00298401C02900D9807EB87029C
:10C8800002EB4712216901EBC201886007EB8701C7
:10C8900001EB4711206900EBC100C0F80490039838
:10C8A000401C07EB870202EB4712216901EBC20132
:10C8B0008883039807EB870202EB4712216901EB9B
:10C8C000C201C883029807EB870202EB4712216975
:10C8D00001EBC20108842FB90D9861680862606895
:10C8E000C0F81C90012520E305EBC50101EB851183
:10C8F000606800EB810080880B9057B105EBC501A3
:10C9000001EB8511606800EB810090F80301B842EB
:10C910007ED105EBC50101EB8511606800EB81005C
:10C9200090F8046105EBC50101EB8511606800EB2F
:10C930008100008B78B101E0701CC6B205EBC50127
:10C9400001EB8511606800EB81007C3000EB061084
:10C9500000680028F0D14FF0000800200A900990EC
:10C9600000BF00BF079005EBC50101EB85116068B2
:10C9700000EB8100C08C00287ED029468AA0FDF7FC
:10C98000A1F943E23146AFF25C30FDF79BF903E0D9
:10C9900008F1010000F0FF08B8F1070F0BDA05EB12
:10C9A000C50101EB8511606800EB8100743010F85F
:10C9B00008000428ECD14146AFF28030FDF782F93F
:10C9C00005EBC50101EB8511606800EB8100343097
:10C9D00030F8381005EBC50202EB8512606800EBF9
:10C9E00082007C3000EB0610018105EBC50101EBF4
:10C9F0008511606800EB8100343000EBC800B0F8AE
:10CA000002B00998584409900A9800EBCB0000E066
:10CA100089E20A9005EBC50101EB8511606800EB26
:10CA20008100343030F83800584480B206904CE031
:10CA300008F1010000F0FF0803E008F1010000F038
:10CA4000FF08B8F1070F0BDA05EBC50101EB851103
:10CA5000606800EB8100743010F808000428ECD105
:10CA600005EBC50101EB8511606800EB81003430F6
:10CA700030F83810069800E007E2814200DD32E02D
:10CA80004146AFF24840FDF71DF905EBC50101EB4A
:10CA90008511606800EB8100343000EBC800B0F80D
:10CAA00002B00998584409900A9800EBCB000A900C
:10CAB00005EBC50101EB8511606800EB81003430A6
:10CAC00030F83800584480B2069005EBC50101EB00
:10CAD0008511606800EB8100C18C0A98814202DDFB
:10CAE000B8F1070FA4DB00E0A9E200BF05EBC50128
:10CAF00001EB8511606800EB8100806AF0BB05EBFB
:10CB0000C50101EB8511606800EB81007C3000EB12
:10CB10000610C0F8009005EBC50101EB85116068B7
:10CB200000EB81007C3000EB061080F806A005EBDE
:10CB3000C50101EB8511606800EB810090F82600CB
:10CB4000401E504400F0FF0ABAF1070F05DD09F15D
:10CB50000109AAF1080000F0FF0A05EBC50101EB8D
:10CB60008511606800EB81007C3000EB06100068E6
:10CB7000A9EB0000401C0890089823E048E0000062
:10CB800020202020736C617665202564204F757409
:10CB90007075747320257020737461727462697487
:10CBA0002025640A00000000203D536C617665205A
:10CBB00025642C20494E505554204D415050494E2B
:10CBC000470A000081B205EBC50202EB85126068DE
:10CBD00000EB82007C3000EB0610818005EBC50184
:10CBE00001EB8511606800EB81007C3000EB0610E2
:10CBF00080F807A00AF1010000F0FF0ABAF1070F60
:10CC00005EDD09F10109AAF1080000F0FF0A57E012
:10CC1000BAF1000F03D009F101094FF0000A05EB4A
:10CC2000C50101EB8511606800EB81007C3000EBF1
:10CC30000610C0F8009005EBC50101EB8511606896
:10CC400000EB81007C3000EB061080F806A04FF06E
:10CC5000070A0998089005EBC50101EB851160688A
:10CC600000EB8100826ADDE90710084482420ADA9B
:10CC700005EBC50101EB8511606800EB8100816A5D
:10CC80000798081A089008988144089881B205EB23
:10CC9000C50202EB8512606800EB82007C3000EB7D
:10CCA0000610818005EBC50101EB8511606800EB82
:10CCB00081007C3000EB061080F807A04FF0000ADE
:10CCC000DDE907010844079005EBC50101EB85117B
:10CCD000606800EB81007C3000EB06108088E8B3D0
:10CCE000002105EBC50202EB8512606800EB8200B3
:10CCF0007C3000EB06108172012105EBC50202EBCE
:10CD00008512606800EB82007C3000EB0610C17277
:10CD100005EBC50202EB8512606800EB82007C30F7
:10CD200000EB0610017341F2707105EBC50202EBD6
:10CD30008512606800EB82007C3000EB0610CDE9C4
:10CD40000001310101F5C062102320680B99FEF744
:10CD5000B6F907EB870101EB471100E00CE0206911
:10CD600000EBC100808C401C07EB870202EB4712EE
:10CD7000216901EBC201888405EBC50101EB851136
:10CD8000606800EB8100C06AD0BB05EBC50101EB18
:10CD90008511606800EB81007C3000EB06100168B3
:10CDA0000D98084405EBC50202EB8512616801EBA2
:10CDB0008201C86205EBC50101EB8511606800EBDB
:10CDC00081007C3000EB0610807905EBC50202EB98
:10CDD0008512616801EB820181F8300005EBC50323
:10CDE00003EB8513606800EB830090F8302005EBBF
:10CDF000C50303EB8513606800EB8300C16A00E0A4
:10CE000002E090A0FCF75EFF701CC6B2B8F1070FFD
:10CE100010DA05EBC50202EB8512616801EB8201B5
:10CE2000C98CC81DC11700EB5171CA1007998A42FD
:10CE30003FF7A8AD05EBC50101EB8511606800EB7C
:10CE4000810080F804610598A9EB00000490CDF8FA
:10CE5000149002990498084440F2BA51884215D9B6
:10CE6000029807EB870202EB4712216901EBC2012E
:10CE70002831039A41F8220003983F280ADA0398E0
:10CE8000401C80B203900498029003E00499029839
:10CE90000844029029462046FCF68AFC41F2707054
:10CEA000009004234FF4907220680B99FBF63FFD2D
:10CEB0006B4A04212846FEF72BF805EBC50101EB70
:10CEC0008511606800EB810090F8020180B107EBEA
:10CED000870101EB4711206900EBC100807E401CF7
:10CEE00007EB870202EB4712216901EBC20188764A
:10CEF00007EB870101EB4711206900EBC100008BB4
:10CF000005EBC50202EB8512616801EB8201B1F805
:10CF10000011084400B207EB870202EB47122169B7
:10CF200001EBC2010883681C85B2A0680068A842B2
:10CF3000BFF6DAACBAF1000F22D009F1010900BF47
:10CF400000BF0298401C40F2BA51884215D902989D
:10CF500007EB870202EB4712216901EBC20128317E
:10CF6000039A41F8220003983F2809DA0398401CED
:10CF700080B203900120029002E00298401C0290CF
:10CF8000029807EB870202EB4712216901EBC2010D
:10CF90002831039A41F822000398401C07EB8702CE
:10CFA00002EB4712216901EBC201888307EB87017D
:10CFB00001EB4711206900EBC10041680D9808445E
:10CFC00007EB870202EB4712216901EBC2010861FE
:10CFD00007EB870101EB4711206900EBC1004068B6
:10CFE000A9EB000007EB870202EB4712216901EB76
:10CFF000C201C8605FB96068C1690D980844616882
:10D00000C8626068C069A9EB00006168886207EBCC
:10D01000870202EB4712206950F83200A9EB0001A9
:10D0200010A0FCF74FFE07EB870101EB47112069C9
:10D0300050F83100A9EB00000FB0BDE8F08F0020E0
:10D04000FAE7000020202020496E707574732025B7
:10D05000702073746172746269742025640A000020
:10D0600080841E00494F6D617053697A6520256484
:10D070000A0000002DE9FC5F0646884614461F465C
:10D080004FF00009CA46FDF705FE834600BFB9F11F
:10D09000000009F1010902D0C820F5F74DFC00207D
:10D0A00020804FF4FA60CDE90040022340F20252A2
:10D0B00041463068FDF7C6FF054620882080002DD8
:10D0C00004DD208800F40040002805DDFDF7E2FDC6
:10D0D000A0EB0B00B842DAD3208800F4004008B976
:10D0E0004FF0010A1FFA8AF0BDE8FC9F30B50146F7
:10D0F0004CF680235B58581C102800DB00200022CF
:10D1000004E0401C521C102800DB002045F6F863A8
:10D110000B4453F820300BB1102AF2DB012345F603
:10D12000F8640C4444F820304CF684235B5843B137
:10D1300001244CF688235B5845F6F8652B4443F8E8
:10D1400020404CF68023585030BD00002DE9F74FA9
:10D1500082B081460D460498C8B94C4600204D491E
:10D1600008804FF4BF614C48F2F782FF4A480199AA
:10D17000FDF7E6FC28B340F2F7216943E26802EBD1
:10D18000410044490A884449F3F633F919E04CF662
:10D19000882050F809400020404908804FF4BF61C2
:10D1A0003F48F2F765FFFBF6CDF850B140F2F721AA
:10D1B0006943E26802EB410038490A883849F3F6CE
:10D1C00018F94FF0FF30009040F2F7206843E16813
:10D1D00001EB4006102D15DA206950F825000328D0
:10D1E00010D13078717801F00F0100EB0127F15D6B
:10D1F000781C305C01EB002000900420216941F88C
:10D20000250042E048460499FDF624FCA8B36FF0DF
:10D2100001000090D4F808A0BAF80C004AF2884146
:10D22000884232D1A06800F10E0BBBF80000C0F3B9
:10D230000B079BF80380A84520D1606850F82500B3
:10D24000A0F10E02A06800F10E013046F3F6D1F80D
:10D25000606830F825000E3887B2B81E315C781E41
:10D26000305C01EB002000900420216941F825008A
:10D27000BAF80800616941F8250006E0B8F1100F1E
:10D2800003DA0020216941F82800009805B0BDE8C4
:10D29000F08F00004C000024701700244A00002486
:10D2A000781100242DE9FC4105460C4617465D4BDC
:10D2B000022221462846FDF693FF04EBC40101EB50
:10D2C0008411686830F8213004EBC40101EB84114B
:10D2D00000EB81008288214653A0FCF7F3FC04EBAD
:10D2E000C40101EB8411686800EB8100D0F80801EB
:10D2F00050B104EBC40202EB8412686800EB8200B8
:10D30000D0F808112046884704EBC40101EB8411D2
:10D31000686800EB8100B0F8F60000287FD101902A
:10D32000009004EBC40101EB8411686800EB8100FC
:10D3300090F8C80000F0040000B3002604EBC4011C
:10D3400001EB8411686800EB810090F8FC0000F0AC
:10D35000200030B101AB6A4621462846FDF6CAF9E5
:10D36000064636B901AB6A462146284600F0D6FB90
:10D37000064637A0DDE90012FCF7A4FC0198A8BB23
:10D38000009898BB04EBC40101EB8411686800EBC2
:10D39000810090F8C80000F0100038B301AB6A4675
:10D3A00021462846FDF60AF806460099C81DC11711
:10D3B00000EB5171C1F3CF0204EBC40303EB841300
:10D3C000696801EB8301A1F846200199C81DC117C6
:10D3D00000EB5171C1F3CF0204EBC40303EB8413E0
:10D3E000696801EB8301A1F84E2001E005E016E039
:10D3F0001EA0DDE90012FCF765FC009804EBC402F6
:10D4000002EB8412696801EB82010883019804EB46
:10D41000C40202EB8412696801EB8201C884012016
:10D42000BDE8FC8180841E00203E536C617665203F
:10D4300025642C20636F6E666967616472202578AD
:10D440002C2073746174652025322E32780A000016
:10D450002020436F45204F73697A653A256420493F
:10D4600073697A653A25640A000000002020536F32
:10D4700045204F73697A653A2564204973697A6556
:10D480003A25640A000000002DE9FC4104460D46DF
:10D4900005EBC50101EB8511606800EB8100878811
:10D4A000AAA0FCF70FFC05EBC50101EB8511606834
:10D4B00000EB8100B0F8C000002836D105EBC501B3
:10D4C00001EB8511606800EB8100808E68B341F24A
:10D4D000707105EBC50202EB8512606800EB8200FB
:10D4E0003430CDE9000108231A0239462068FDF7DF
:10D4F000E6FD05EBC50C0CEB851C606800EB8C00B1
:10D50000836B05EBC50C0CEB851C606800EB8C0095
:10D51000828E05EBC50C0CEB851C606800EB8C0063
:10D5200090F874108EA0FCF7CDFB05EBC50101EB64
:10D530008511606800EB8100B0F8C000002839D187
:10D5400005EBC50101EB8511606800EB8100808F60
:10D5500060B341F2707105EBC50202EB85126068A1
:10D5600000EB82003C30CDE90001082340F60802C0
:10D5700039462068FDF7A3FD05EBC50C0CEB851CB7
:10D58000606800EB8C00036C05EBC50C0CEB851C94
:10D59000606800EB8C00828F05EBC50C0CEB851CE2
:10D5A000606800EB8C0090F8751000E002E078A055
:10D5B000FCF788FB022684E005EBC50101EB851131
:10D5C000606800EB8100343030F83600002877D0F6
:10D5D00005EBC50101EB8511606800EB810034307B
:10D5E00000EBC6004088C0B905EBC50101EB851111
:10D5F000606800EB8100343000EBC600406820F426
:10D60000803105EBC50202EB8512606800EB8200F9
:10D61000343000EBC600416017E005EBC50101EBBB
:10D620008511606800EB8100343000EBC600406873
:10D6300040F4803105EBC50202EB8512606800EB17
:10D640008200343000EBC600416041F2707105EB9E
:10D65000C50202EB8512606800EB8200343000EBFB
:10D66000C600CDE900014FF4006101EBC6018AB2AA
:10D67000082339462068FDF722FD05EBC50101EBC3
:10D680008511606800EB8100343000EBC600406813
:10D69000009005EBC50101EB8511606800EB81008E
:10D6A000343030F8363005EBC50101EB8511606888
:10D6B00000EB81007430825D314641A0FCF702FB33
:10D6C000761C082EFFF678AF05EBC50101EB85113E
:10D6D000606800EB8100C08C072814DD05EBC502F3
:10D6E00002EB8512616801EB8201C98CC81DC1176C
:10D6F00000EB5171C91005EBC50303EB851362689C
:10D7000002EB8302916205EBC50101EB85116068B4
:10D7100000EB8100008B072814DD05EBC50202EB4E
:10D720008512616801EB8201098BC81DC11700EBEE
:10D730005171C91005EBC50303EB8513626802EB59
:10D740008302D1610120BDE8FC8100002020534DFF
:10D750002070726F6772616D6D696E670A000000FC
:10D7600020202020534D3020547970653A256420C4
:10D770005374617274416464723A25342E34782093
:10D78000466C6167733A25382E38780A000000002D
:10D7900020202020534D3120547970653A25642093
:10D7A0005374617274416464723A25342E34782063
:10D7B000466C6167733A25382E38780A00000000FD
:10D7C00020202020534D256420547970653A25642B
:10D7D000205374617274416464723A25342E347833
:10D7E00020466C6167733A25382E38780A000000AD
:10D7F0002DE9FF4707460C4615461E46DDE90CA8F5
:10D80000DDF8389000200090019002900390ADF870
:10D810000240ADF804008DF8060001208DF80700E5
:10D82000ADF80850F1B28DF80A108DF80BA0ADF8E4
:10D830000C80ADF80E906946384600F017F9BDE847
:10D84000FF872DE9FE4305460F461646FDF722FAEF
:10D85000814607EBC70101EB8711686800EB810087
:10D86000B0F8048000BF002002904FF4FA6002A9D3
:10D87000CDE90010012340F6050241462868FDF776
:10D88000E1FB04469DF8080002909DF8080000F0B6
:10D89000080020B1C82E02DDC820F5F74DF8002C95
:10D8A00004DD9DF8080000F0080028B1FDF7F2F94A
:10D8B000A0EB0900B042D6D3002C07DD9DF808008C
:10D8C00000F0080010B90120BDE8FE830020FBE74E
:10D8D0007FB506460C461546002000900190029048
:10D8E0000390ADF80240ADF804008DF80600092061
:10D8F0008DF80700ADF808506946304600F0B6F8DC
:10D900007FBD2DE9FC5F04460D46174698464FF053
:10D91000000A05EBC50101EB8511606800EB810091
:10D92000B0F804B005EBC50101EB8511606800EBB0
:10D930008100B0F8C060002E20DD40F2CE5086425B
:10D940001CDC424629462046FFF77BFFA0B105EBD1
:10D95000C50101EB8511606800EB8100B0F8C29051
:10D9600041F27070CDE9007033464A46594620684E
:10D97000FDF7A5FB824601E04FF0000A5046BDE8E6
:10D98000FC9F2DE9F04706460D469046B8F1000F82
:10D990000DD13446606850F8257040F2F721694394
:10D9A000226802EB41003946FAF666FC0EE04CF6BE
:10D9B00088208459606850F8257040F2F7226A4345
:10D9C000236803EB4200B9B2FDF7BCF94FF001093F
:10D9D0000220216941F825004846BDE8F08730B5AE
:10D9E000034632B1012A0ED0022A16D0032A28D1CA
:10D9F0001DE001EBC10505EB81155C6804EB8504B6
:10DA0000D4F8D4001FE001EBC10505EB81155C687B
:10DA100004EB8504D4F8D80015E001EBC10505EB53
:10DA200081155C6804EB8504D4F8DC000BE001EBA5
:10DA3000C10505EB81155C6804EB8504D4F8E000B2
:10DA400001E0002000BF00BF30BD01464FF0FF30B5
:10DA50008A6A52788B6A1B789A4206DA8A6A507808
:10DA60008A6A5278521C8B6A5A70704770B5426A43
:10DA7000121D436AB3F9003002EB031291E87800FB
:10DA800078C20123426A121D446AB4F9004002EBD5
:10DA900004121370426A1288521C12B2436A1A802E
:10DAA000426AB2F90020402A02DD0022436A1A804D
:10DAB000426AB2F90020436AB3F902309A4205D1B2
:10DAC000426A5288521C12B2436A5A80426AB2F9C0
:10DAD0000220402A02DD0022436A5A800122C36AE2
:10DAE0001A7070BD30B5846A2478102C15DA846AF7
:10DAF000A41C856A2D786155846A1434856A2D7852
:10DB000044F82520846A5434856A2D7824F8153029
:10DB1000846A2478641C856A2C7030BD2DE9F04F2E
:10DB200089B006460F469046994600200790C9F8EE
:10DB30000000C8F8000083460120089000200690ED
:10DB4000604806A908AA0023CDE90032CDE90210F9
:10DB50004FF4E05239463046FAF61BFF8246BAF1DE
:10DB6000000F7DDD9DF818000228FADD9DF81800F1
:10DB7000082801DD08200690022490E0012008908A
:10DB8000002005904F4805A908AA0023CDE90032DE
:10DB9000CDE90210601CC3B24FF4E0523946304662
:10DBA000FAF6F7FE8246BAF1000F76DD022C05D1B7
:10DBB0009DF81400022801D14FF0010B9DF81400CC
:10DBC00020B19DF814005844C0B20590022C04D135
:10DBD0009DF8140008B903200590032C04D19DF88A
:10DBE000140008B9042005909DF8141007EBC70233
:10DBF00002EB8712706800EB8200743001559DF8CB
:10DC00001400B8B907EBC70101EB8711706800EB8E
:10DC10008100343000EBC400406820F4803107EB11
:10DC2000C70202EB8712706800EB8200343000EB11
:10DC3000C40041609DF81400032803D09DF814002F
:10DC400004282AD141F61040221839463046FCF605
:10DC50006DFC0546DDB1E81DC11700EB517100E018
:10DC600022E0C1F3CF0207EBC70303EB8713716810
:10DC700001EB8301343101EBC4014A809DF81400AB
:10DC8000032805D1D8F800002844C8F8000004E0B3
:10DC9000D9F800002844C9F80000601CC4B29DF8FF
:10DCA00018008442FFF66AAFD9F80000002803DCB0
:10DCB000D8F80000002801DD01200790079809B07E
:10DCC000BDE8F08F60AE0A002DE9F04385B0044650
:10DCD0000E4617464FF0000931462046FBF614FD6C
:10DCE00006EBC60101EB8611606800EB8100B0F81D
:10DCF000048044F6206304AA41462046FFF7BAF99F
:10DD000088B3BDF8100000F4F04070B1002004901A
:10DD100041F2707004A9CDE90010022340F20252D2
:10DD200041462068FDF7CBF905464FF48070ADF809
:10DD30000800ADF80A700020ADF80C0000BF4FF4E9
:10DD4000FA6002A9CDE90010062340F202524146D2
:10DD50002068FDF7B4F90546002D04DC484609F1BA
:10DD600001090328EBDB05B0BDE8F0832DE9F0479E
:10DD700088B00546894690469A46002700210491BE
:10DD8000059100200690534607AA49462846FFF70A
:10DD900071F900287ED0BDF81C0000F4F04070B18D
:10DDA0000020079041F2707007A9CDE9001002230E
:10DDB00040F2025249462868FDF781F9044600BF47
:10DDC0004FF48070ADF80800ADF80A800020ADF87F
:10DDD0000C00002600BF4FF4FA6002A9CDE9001044
:10DDE000062340F2025249462868FDF768F90446C6
:10DDF000002C03DC3046761C0328ECDB002C4ED0D4
:10DE0000C820F4F799FD00200790534607AA494619
:10DE10002846FFF72FF9002841D0BDF81C0000F478
:10DE2000005028B17F1C4FF47A70F4F785FD36E07E
:10DE30000027BDF81C0000F04000A8B1002600BF7C
:10DE40004FF4FA6004A9CDE9001008234FF4A16251
:10DE500049462868FDF7F6F80446002C1FDC3046DA
:10DE6000761C0328ECDB1AE0002600BF4FF4FA60B2
:10DE700006A9CDE9001004234FF4A16249462868A1
:10DE8000FDF7E0F80446002C03DC3046761C03283E
:10DE9000ECDB00E007E000210698CDE90401002F4B
:10DEA00001DD032F8CDBDDE9040108B0BDE8F0875C
:10DEB0002DE9F04FADF5077D0446002004908690D3
:10DEC0004FF4FA6086A9CDE9001002234FF498724E
:10DED00000212068FAF612FC0390A06801680398FC
:10DEE000814201DC01200490BDF818028690BDF843
:10DEF000180200F00F08BDF8180200F0100028B951
:10DF00004FF0010B00206168488001E04FF0000BEA
:10DF1000B8F1090F10D2DFE808F00F050607080F67
:10DF20000F0F090000BF00BF00BF00BF0120059018
:10DF30006068A0F8008002E00020059000BF00BFEC
:10DF4000BBF1000F1DD00598D8B10498C8B10125C8
:10DF500011E0002005EBC50202EB8512616801EBC0
:10DF60008201488005EBC50101EB8511606820F84E
:10DF70002180681C85B2A0680068A842E9DAC14621
:10DF800087E00020616848804FF0FF09012600BF4C
:10DF9000A068008887B2B81B402802DB06F13F006A
:10DFA00087B235461CE000200190029005EBC501C8
:10DFB00001EB8511606800EB8100B0F804A0A81B9C
:10DFC00006A921F810A0A81B00EB400026A901EB30
:10DFD000400001990160BDF808108180681C85B27D
:10DFE000BD42E0DD41F270700090B81B411C26ABD1
:10DFF00006AA2046FAF6EAFB35463FE005EBC501E6
:10E0000001EB8511606800EB8100B0F804A0A81B4B
:10E0100000EB400026A931F810008690A81B00EB09
:10E02000400001EB4000808805EBC50202EB851241
:10E03000616801EB82014880BDF8180200F00F0012
:10E04000484503DABDF8180200F00F09BDF81802C0
:10E0500005EBC50202EB8512616821F8220005EB91
:10E06000C50101EB8511606800EB810040886168A3
:10E070004988084361684880681C85B2BD42BDDD9F
:10E08000781C86B2A0680068B84281DC6068A0F89D
:10E09000009048460DF5077DBDE8F08F10B594B0AF
:10E0A0000446402102A8F1F7E3FF0020139041F25B
:10E0B000707013A9CDE90010012340F20112002174
:10E0C0002068FAF658FB0420129041F2707012A9F1
:10E0D000CDE9001002231A0200212068FAF64BFB5A
:10E0E00041F2707002A9CDE9001008234FF440728C
:10E0F00000212068FAF63FFB41F2707002A9CDE9D9
:10E10000001030235A0100212068FAF634FB41F256
:10E11000707002A9CDE9001020239A010021206827
:10E12000FAF629FB41F2707002A9CDE90010042330
:10E130004FF4116200212068FAF61DFB4FF4805065
:10E14000129041F2707012A9CDE9001002234FF431
:10E15000136200212068FAF60EFB4FF44060129023
:10E1600041F2707012A9CDE90010022340F634127A
:10E1700000212068FAF6FFFA0020139041F2707037
:10E1800013A9CDE90010012340F2031200212068F9
:10E19000FAF6F1FA1120139041F2707013A9CDE94B
:10E1A000001001234FF4907200212068FAF6E3FA80
:10E1B0000220139041F2707013A9CDE900100123E1
:10E1C0004FF4A06200212068FAF6D5FA00201390DF
:10E1D00041F2707013A9CDE9001001234FF4A06241
:10E1E00000212068FAF6C7FA14B010BD10B545F644
:10E1F000F863034443F821204CF684231B583BB1B9
:10E200004CF688231B5845F6F864234443F8212034
:10E2100010BD70B504460E46E6B34CF68820005992
:10E22000C8B301214CF68420015146F26C502118EC
:10E230004CF68820005901604CF24C4021184CF6F5
:10E240008820005941604CF68820005945F67871C5
:10E2500001444CF68820005981604CF68820005912
:10E2600018304CF688210959C8604CF688200059AE
:10E2700045F6F86101444CF68820005901614CF6DE
:10E280008820005945F6387101444CF68820005921
:10E29000416101E00BE008E04CF68821095945F6A0
:10E2A000F8628818FDF78CFA23E0002070BD002189
:10E2B0004CF680200151001D015146F26C50204463
:10E2C00020604CF24C402044606045F67870204459
:10E2D000A06004F11800E06045F6F8602044206179
:10E2E00045F638702044606145F6F8602044FDF73B
:10E2F00067FA002510E040F2F721694346F26C52BC
:10E30000224402EB4100FCF7DFFD002045F6F861F6
:10E31000214441F825006D1C102DECDB4CF28C40A3
:10E320002044FCF7D1FD0120C0E72DE9F04106466D
:10E330000F46144607EBC70101EB8711706800EB2D
:10E34000810090F8FB800020A070E0702071607167
:10E35000A07128223946304600F037F92080208805
:10E3600000283ADD25882A46691C8DB23946304698
:10E3700000F089F9A0702A46691C8DB239463046F2
:10E3800000F081F9A17801EB0020A070A078400690
:10E39000000EA0702A46691C8DB23946304600F046
:10E3A00072F9E0702A46691C8DB23946304600F099
:10E3B0006AF92071A07802280FDD2A46691C8DB207
:10E3C0003946304600F05FF960712A46691C8DB20B
:10E3D0003946304600F057F9A071B8F1000F03D06C
:10E3E00039463046FBF6E4F9A078BDE8F0812DE926
:10E3F000F04707468846144608EBC80101EB881130
:10E40000786800EB810090F8FB900020A070292232
:10E410004146384600F0D9F82080208800285FDD8A
:10E4200025882A46691C8DB24146384600F02BF9F2
:10E4300006462A46691C8DB24146384600F023F94B
:10E4400006EB002086B23046F11706EB9171C1F35E
:10E450008701A1702A46691C8DB24146384600F0FA
:10E4600012F9A0802A46691C8DB24146384600F058
:10E470000AF9A18801EB0020A0802A46691C8DB210
:10E480004146384600F0FFF8E0802A46691C8DB20C
:10E490004146384600F0F7F8E18801EB0020E080C3
:10E4A0002A46691C8DB24146384600F0ECF82072CD
:10E4B0002A46691C8DB24146384600F0E4F8607285
:10E4C0002A46691C8DB24146384600F0DCF8A0723D
:10E4D0002A46691C8DB24146384600F0D4F8E072F5
:10E4E000B9F1000F03D041463846FBF661F9A07838
:10E4F000BDE8F0872DE9F0470746884614461E46DA
:10E500004FF0000908EBC80101EB8811786800EBB7
:10E51000810090F8FBA0A078B0424CDD2088801CE0
:10E5200000EBC60085B22A46691C8DB241463846CA
:10E5300000F0A9F8A0802A46691C8DB241463846F1
:10E5400000F0A1F8A18801EB0020A0802A46691CF8
:10E550008DB24146384600F096F8E0802A46691CA4
:10E560008DB24146384600F08EF8E18801EB00207C
:10E57000E0802A46691C8DB24146384600F083F897
:10E5800020722A46691C8DB24146384600F07BF85D
:10E5900060722A46691C8DB24146384600F073F815
:10E5A000A0722A46691C8DB24146384600F06BF8CD
:10E5B000E0724FF00109BAF1000F03D0414638462E
:10E5C000FBF6F6F84846BDE8F0872DE9F047074628
:10E5D0008846164608EBC80101EB8811786800EB05
:10E5E000810090F8FB9080242246641C4146384606
:10E5F00000F049F805462246641C4146384600F0C2
:10E6000042F805EB002085B22AE02046611C0CB2DE
:10E6100082B24146384600F036F805462046611C75
:10E620000CB282B24146384600F02DF805EB0020CE
:10E6300085B204EB450004B22046611C0CB282B2E4
:10E640004146384600F01FF805462046611C0CB2D2
:10E6500082B24146384600F016F805EB002085B23C
:10E66000B54203D04FF6FF708542CED1B54200D0FF
:10E670000024B9F1000F03D041463846FBF698F864
:10E680002046BDE8F0872DE9F04F85B00446884666
:10E690001546FF200190208C404506D04FF40071B4
:10E6A000E069F1F7E5FCA4F82080B5F5805F67DA52
:10E6B0006E11A5EB46101FFA80F9E06950F82600AC
:10E6C000012101FA09F1084018B1A069405D0190EB
:10E6D00056E008EBC80101EB8811606800EB81008F
:10E6E0008088049041462046FBF60EF86F1044F6F1
:10E6F00020633A4620460499FFF738FBCDE9020132
:10E7000008EBC80101EB8811606800EB810090F80C
:10E71000FA0048B1A06900EB470002990160039933
:10E7200041604FF0080B06E0A06900EB470002993A
:10E7300001604FF0040B3E117800A0EB46101FFA69
:10E7400080F94FF0000A16E0E06950F82600012138
:10E7500001FA09F10843E16941F8260009F10100D5
:10E760001FFA80F9B9F11F0F03DD4FF00009701C8B
:10E7700086B20AF1010ADA45E6DBA069405D019044
:10E78000019805B0BDE8F08F2DE9FF4F83B00C462E
:10E7900092461E46039840680AEBCA0101EB8A11B3
:10E7A00000EB810090F8FB000090A1460A22514640
:10E7B0000398FFF70AFF80B202900298002844DD18
:10E7C0000298801C85B22A46691C8DB25146039876
:10E7D000FFF759FF01900198864232DC01272AE0B9
:10E7E0002A46691C8DB251460398FFF74CFF8046BC
:10E7F000B74203DA05EB080085B21AE0A1464FF0F4
:10E80000010B14E0BBF1140F0BDC2A46691C8DB21E
:10E8100051460398FFF737FF89F8000009F1010915
:10E8200001E0681C85B20BF101001FFA80FBC345B3
:10E83000E8DD781C87B2B742D2DD002089F80000FD
:10E8400003E0A146002089F80000009818B1514665
:10E850000398FAF6ADFF07B0BDE8F08F2DE9F05F41
:10E8600004460D4693464FF0FF373E464CF6842053
:10E87000005900B90026FCF70DFA824600BF002FB0
:10E8800005DA002229462046FEF760FC07464CF6D2
:10E890008420005938B1002E05DA0122294620468D
:10E8A000FEF754FC0646002F01DB002E05DAFCF7CC
:10E8B000F1F9A0EB0A005845E1D34CF68420005949
:10E8C00000287DD04FF6FF78002F04DB45F6387026
:10E8D000204450F825804FF6FF79002E07DB4CF6D8
:10E8E0008820005945F63871084450F8259047486B
:10E8F000408840451ED14648408848451AD14CF6CC
:10E9000088231B59183340F2F72C05FB0CFC03EB52
:10E910004C014CF24C43234453F82530A3F10E0232
:10E9200040F2F7236B4304F1180C0CEB4300F1F6B3
:10E9300060FD37464FF6FF70804503D1334840886D
:10E94000484507D03248408840455BD12F48408831
:10E95000484557D12E48408840451DD12B48408816
:10E96000484519D14CF24C43234453F82530A3F1C8
:10E970000E0240F2F7236B4304F1180C0CEB430139
:10E9800040F2F7236B4346F26C5CA4440CEB430368
:10E9900003F10E00F1F62DFD012229462046FEF777
:10E9A000F0FFFCF777F9824600BF01222946204696
:10E9B000FEF7CCFB0646002E07DAFCF76BF900E009
:10E9C00020E0A0EB0A005845EFD3002E1ADB4CF6EE
:10E9D00088231B59183340F2F72C05FB0CFC03EB82
:10E9E0004C014CF24C43234453F82530A3F10E0262
:10E9F00040F2F7236B4304F1180C0CEB4300F1F6E3
:10EA0000F8FC37463846BDE8F09F0000C4F6000821
:10EA1000BEF60008FEB504460D46ADB905EBC501CE
:10EA200001EB8511606830F82100029041F27070AE
:10EA300002A9CDE9001002234FF490720021206852
:10EA4000F9F699FE064618E005EBC50101EB8511C4
:10EA5000606800EB8100878841F27070009005EBE0
:10EA6000C50202EB8512616831F822304FF49072D2
:10EA700039462068F9F65BFF06463046FEBD2DE9B3
:10EA8000FC4705460E4600210846491BB04102DB03
:10EA90000020BDE8FC87012400E0640084FB041230
:10EAA000E317A1FB040702FB047201FB03220146EA
:10EAB000491B72EB0600F0DB6410012C00DA012424
:10EAC0004FF0000A22E084FB04708046002187EAB0
:10EAD000010088EA0101084300D11AE03A464346A2
:10EAE00028463146F1F78CFA022282FB0432C01824
:10EAF000514103220023CDE90001F1F781FA81465B
:10EB0000A14500D105E04C460AF1010ABAF1050F12
:10EB1000D9DB00BF2046BCE72DE9F04705460E468D
:10EB2000294807682948D0F800802948D0F8009083
:10EB300028480068001DFDF6B7FB50B9254800685D
:10EB400090F82C100120884023490968814322480D
:10EB50000160681CE0B9DEB100BF204948681D496A
:10EB6000096888601B4982680968CA601949096890
:10EB7000091D8268516017490968091D8160174A9B
:10EB8000144909684A6111460968491C116018E076
:10EB90007C19104800684460BC4206D20D480168E8
:10EBA000091D4846FEF697F90BE00A480168091D61
:10EBB0004046FEF690F90A480068844201D20848AF
:10EBC0000460BDE8F0870000A40100249401002443
:10EBD0009801002490010024A80100241091012430
:10EBE000C00100242DE9FF4F85B0074688469146B5
:10EBF000DDE9144BDDE912A60EB1012000E0002092
:10EC000050B900BF502080F31188BFF34F8FBFF37E
:10EC10006F8F00BF00BFFEE70CB1012000E00020B5
:10EC200050B900BF502080F31188BFF34F8FBFF35E
:10EC30006F8F00BF00BFFEE75C20049004985C2843
:10EC400001D1012000E0002050B900BF502080F326
:10EC50001188BFF34F8FBFF36F8F00BF00BFFEE778
:10EC600000BFB4B1AEB125465C212846F1F700FAE9
:10EC70002C462E63022085F859000020CDE900AB18
:10EC8000CDE902504A4641463846089B00F01AF842
:10EC900000E00025284609B0BDE8F08F00BFFDF672
:10ECA0003BF9064800680128F9D94FF08050044923
:10ECB0000860BFF34F8FBFF36F8FF0E72090012400
:10ECC00004ED00E02DE9F05F82460F4690469B463A
:10ECD0000A9E0C9C4FEA8801A522206BF1F7C1F92E
:10ECE000A8F10100216B01EB800929F0070909F067
:10ECF000070008B9012000E0002050B900BF5020F3
:10ED000080F31188BFF34F8FBFF36F8F00BF00BF39
:10ED1000FEE77FB1002507E0795D04F1340041553D
:10ED2000785D00B902E06D1C102DF5D300BF002105
:10ED300043200155082E01D2012000E0002050B9E7
:10ED400000BF502080F31188BFF34F8FBFF36F8F48
:10ED500000BF00BFFEE7082E00D30726E662E66488
:10ED6000201D00F043FA04F1180000F03FFA24617E
:10ED7000C6F10800A06164625A4651464846FDF655
:10ED80007DFA20602068A9EB0000B8EBA00F01D944
:10ED9000012000E0002050B900BF502080F311880E
:10EDA000BFF34F8FBFF36F8F00BF00BFFEE70B981D
:10EDB00008B10B980460BDE8F09F000010B5014653
:10EDC000224800E0006803688B42FBD31F4B984247
:10EDD00014D01F4B984204D31E4B984201D80123F4
:10EDE00000E0002353B900BF502383F31188BFF321
:10EDF0004F8FBFF36F8F00BF00BFFEE7024643682F
:10EE000013448B4204D143684C6823444360014659
:10EE10000A464B6813440468A34211D10E4C0368A0
:10EE20002468A34208D04B680468646823444B609C
:10EE300003681B680B6005E0074B1B680B6001E073
:10EE400003680B60884200D0016010BDDC01002423
:10EE50002491012423F10124E40100242DE9F0414F
:10EE600002460D460020002602F1080CD2F8008070
:10EE7000B8F1000F1ED0D36819E0DE68002700212A
:10EE80000FE006F1340818F8014015F80180A0459C
:10EE900001D0012702E00CB93046012707B102E09A
:10EEA000491C1029EDD300BF00B102E05B68634547
:10EEB000E3D100BFBDE8F0812DE9F04705464FF0F2
:10EEC0000008C246DDB115F1090F01D9012000E0AB
:10EED000002098B9083505F0070080B105F007005B
:10EEE000C0F10809C9F1FF30A84201D2012000E0B9
:10EEF000002008B94D4402E0002500E0002500F0A4
:10EF0000DDFA6548006808B9FDF6D0F8012000EB8D
:10EF1000E570002877D0002DFCD06048006885425D
:10EF200071D85F4E304604685E48844204D35E4820
:10EF3000844201D8012000E0002050B900BF5020D9
:10EF400080F31188BFF34F8FBFF36F8F00BF00BFF7
:10EF5000FEE716E0264624685248844204D352480D
:10EF6000844201D8012000E0002050B900BF5020A9
:10EF700080F31188BFF34F8FBFF36F8F00BF00BFC7
:10EF8000FEE76068A84202D220680028E2D1424829
:10EF90000068844269D0306800F108084148804523
:10EFA00004D34148804501D8012000E0002050B939
:10EFB00000BF502080F31188BFF34F8FBFF36F8FD6
:10EFC00000BF00BFFEE7206830606068A84201D241
:10EFD000012000E0002080F0010050B900BF502067
:10EFE00080F31188BFF34F8FBFF36F8F00BF00BF57
:10EFF000FEE76068401B10281AD9671907F0070060
:10F0000010B9012001E030E0002050B900BF5020CD
:10F0100080F31188BFF34F8FBFF36F8F00BF00BF26
:10F02000FEE76068401B7860656030683860376074
:10F030001A4960680968081A184908600846006893
:10F040001A490968884203D21448006817490860C1
:10F05000D4F804A0606840F00040606000202060A8
:10F0600013480068401C12490860FEF647FA08F091
:10F07000070008B9012000E0002050B900BF50206F
:10F0800080F31188BFF34F8FBFF36F8F00BF00BFB6
:10F09000FEE74046BDE8F087E4010024E8010024D3
:10F0A000DC0100242491012423F10124EC0100243B
:10F0B000F00100242DE9F0470446884616464FF03B
:10F0C00000090CB9012000E0002050B900BF502019
:10F0D00080F31188BFF34F8FBFF36F8F00BF00BF66
:10F0E000FEE728480068543050F8240040BB3EB387
:10F0F00000F0E4F9FDF616FF22480068543050F89D
:10F10000240028B901211F4800685830015589465C
:10F11000FDF632FFB9F1010F03D101213046FFF7AF
:10F12000FBFCFEF6EBF90746B9F1010F08D13FB938
:10F130004FF0805014490860BFF34F8FBFF36F8FBB
:10F14000FDF6F0FE0F480068543050F824507DB1B1
:10F15000B8F1000F06D000210A480068543040F88A
:10F16000241005E0681E07490968543141F824005D
:10F1700000210448006858300155FDF6FDFE284680
:10F18000BDE8F0879001002404ED00E02DE9F04196
:10F19000044614B90E48006800E0204605460DB14B
:10F1A000012000E0002050B900BF502080F31188FA
:10F1B000BFF34F8FBFF36F8F00BF00BFFEE72E6B13
:10F1C0003046FCF6F5FF07463846BDE8F081000002
:10F1D00090010024034B0360034B0B604FF48073DA
:10F1E00013607047000200245C02002400210161CA
:10F1F0007047000070B506463546002E50D0083DD9
:10F200002C462848844204D32748844201D8012050
:10F2100000E0002050B900BF502080F31188BFF3F8
:10F220004F8FBFF36F8F00BF00BFFEE76068C00F56
:10F2300050B900BF502080F31188BFF34F8FBFF348
:10F240006F8F00BF00BFFEE7206808B9012000E013
:10F25000002050B900BF502080F31188BFF34F8FBA
:10F26000BFF36F8F00BF00BFFEE76068C00FB8B18B
:10F270002068A8B9606820F00040606000F01EF9C6
:10F280000A49606809680844084908602046FFF791
:10F2900095FD07480068401C05490860FEF62EF9F8
:10F2A00070BD00002491012423F10124E801002411
:10F2B000F40100242DE9F04705460E46904655B965
:10F2C00000BF502080F31188BFF34F8FBFF36F8FC3
:10F2D00000BF00BFFEE70EB9012000E0002050B9DA
:10F2E00000BF502080F31188BFF34F8FBFF36F8FA3
:10F2F00000BF00BFFEE7FDF671FE2C4600BF5021A7
:10F30000EFF3118081F31188BFF34F8FBFF36F8F3D
:10F3100000BF074604F1580010F8069002218155FD
:10F32000001F50F82600401C04F1540141F826004B
:10F33000B9F1010F78D1A06A08B9012000E00020DE
:10F3400050B900BF502080F31188BFF34F8FBFF337
:10F350006F8F00BF00BFFEE736480068002842D12B
:10F3600000BF6069D4E902128A60D4E902214A60D0
:10F37000211D42688A4201D1E16841600022626138
:10F380000168491E016000BF00BF94F82C100120E5
:10F3900088402949096808432749086000BFE16A95
:10F3A00001EB8101254A02EB81014868A060826877
:10F3B000E260211D826851608160E16A01EB810198
:10F3C0001E4A02EB81026261E16A01EB81011B4A84
:10F3D00052F82110491CE26A02EB8202174B43F8F3
:10F3E000221000BF11E000BF15494868E061826843
:10F3F000226204F11801826851608160104AA262A1
:10F4000011460968491C116000BF0E49E06A09688D
:10F41000C96A884208D9B8F1000F02D00120C8F8A3
:10F42000000001200849086000BF87F3118800BF71
:10F43000BDE8F087CC010024A8010024209001241D
:10F44000E890012490010024B401002410B5FCF6DA
:10F4500087FD0446012C15D100BF502080F3118890
:10F46000BFF34F8FBFF36F8F00BF4FF0FF300F49D7
:10F47000086001200E49086000200E490860FDF672
:10F4800043FF10E0601C08B1012000E0002050B9EB
:10F4900000BF502080F31188BFF34F8FBFF36F8FF1
:10F4A00000BF00BFFEE70448006810BDC001002493
:10F4B000AC010024A4010024C80100240248006813
:10F4C000401C014908607047CC0100242DE9F04F31
:10F4D00085B005460E4617469846DDE90FABDDF8C8
:10F4E00038900020049004A843463A4631468DE8FF
:10F4F000000E03902846FFF775FB044614B1204622
:10F50000FCF68EFC049805B0BDE8F08F2DE9F041C3
:10F510004FF000086548006800287DD16448006805
:10F52000451C634805601DBB00BF62480068006859
:10F5300008B9012000E0002050B900BF502080F33E
:10F540001188BFF34F8FBFF36F8F00BF00BFFEE77F
:10F550005848076858480068564908605648076088
:10F5600056480068401C55490860FCF609FE00BF7B
:10F570005348006885427ED300BF4E48006800684B
:10F5800008B9012000E0002020B14FF0FF304C49C5
:10F5900008606FE047480068C068C4686668B542A4
:10F5A00002D24748066065E000BF6069D4E90212F4
:10F5B0008A60D4E902214A60211D42688A4201D151
:10F5C000E1684160002262610168491E016000BF7C
:10F5D000A06AA0B100BFA06AD4E907128A60D4E98A
:10F5E00007214A6004F1180142688A4201D1216A68
:10F5F00041600022A2620168491E016000BF00BF95
:10F6000094F82C10012088402E49096808432D49A0
:10F61000086000BFE16A00E03FE001EB81012A4A97
:10F6200002EB81014868A0608268E260211D826867
:10F6300051608160E16A01EB8101234A02EB8102A2
:10F640006261E16A01EB81011F4A52F82110491CF5
:10F65000E26A02EB82021C4B43F8221000BF00BF9B
:10F660001A49E06A0968C96A884286D94FF00108D8
:10F6700083E700E000BF15480068C06A00EB800027
:10F68000114951F82000012801D94FF00108104814
:10F69000006808B14FF0010804E00E480068401C03
:10F6A0000C4908604046BDE8F0810000CC01002410
:10F6B000A40100249401002498010024B80100242E
:10F6C000C0010024A80100242090012490010024FE
:10F6D000B4010024B0010024000000000102030472
:10F6E00001020304060708090100020004000600E5
:10F6F00008000A000C0010002000400080000001FB
:10F700000001020304050607080C101418203040FD
:10F7100000000000000000000000000000000000E9
:10F7200000000000010000000200000003000000D3
:10F7300004000000000000000500000000000000C0
:10F7400000000000000000000600000000000000B3
:10F750000000000000000000070000000600070095
:10F760000F0000000000000000000000000000008A
:10F770000000000000000000000000000000000089
:10F7800000000000060007000F000000020000005B
:10F790005230ED13454C353130310000000000008F
:10F7A0000000000000000000000728001800001002
:10F7B00024000100001100002000010001010000F0
:10F7C000000010000D010C00496E6F5356363630A4
:10F7D0004E0000000000000000000000000768006C
:10F7E0003800001864000100001C00002000010027
:10F7F00001010000FFFFFFFF00000000000000000B
:10F8000000000000000000000000000000000000F8
:10F8100000000000000000000000000000000000E8
:10F8200000000000000000004FBB610567ACDD3F39
:10F83000182D4454FB21E93F9BF681D20B73EF3F17
:10F84000182D4454FB21F93FE2652F227F2B7A3C8F
:10F85000075C143326A6813CBDCBF07A8807703C48
:10F86000075C143326A6913CC4EB98999999C9BFBB
:10F87000711623FEC671BCBF6D9A74AFF2B0B3BFF0
:10F880009AFDDE522DDEADBF2F6C6A2C44B4A2BFB0
:10F890000D5555555555D53FFF8300922449C23F1C
:10F8A0006E204CC5CD45B73F513DD0A0660DB13F50
:10F8B000EB0D76244B7BA93F11DA22E33AAD903F62
:10F8C0004C5555555555A53F7751C1166CC156BF7E
:10F8D0009015CB19A001FA3EAD529C804F7E92BE8E
:10F8E000C4B1B4BD9EEE213ED43888BEE9FAA8BDAD
:10F8F00000000000000000005B444D393136315DEE
:10F90000204552524F523A205048592049442061D4
:10F910006C6C207A65726F20E28094204D44494FD0
:10F9200020636F6D6D756E69636174696F6E2046DB
:10F9300041494C4544210D0A000000003E3E3E2056
:10F94000496E74657270204C696E653A20583D2589
:10F950006420593D2564205A3D256420523D25648C
:10F9600020553D256420563D256420573D256420C3
:10F97000533D256420466565643D25642052504D05
:10F98000203C3C3C0D0A00000D0A2D2D2D20577205
:10F9900069746520536572766F20476561722052E5
:10F9A0006174696F7320284C696E6561723A3532F3
:10F9B000343238383A33313235E2869235303030AD
:10F9C000302F7265762C20526F746172793A32361C
:10F9D000323134343A31313235E286923336303096
:10F9E000302F72657629202D2D2D0D0A0000000084
:10F9F0004D4F563A20583D252E316620593D252E33
:10FA00003166205A3D252E316620523D252E316625
:10FA100020553D252E316620563D252E3166205736
:10FA20003D252E316620533D252E3166206D6D0D0E
:10FA30000A0000004572726F723A20746F6F206D79
:10FA4000616E7920736C61766573206F6E206E65D0
:10FA500074776F726B3A206E756D5F736C6176654B
:10FA6000733D25642C2045435F4D4158534C41560E
:08FA7000453D25640A00000079
:040000050800029954
:00000001FF
